[
   {
      "pk": 214, 
      "model": "auth.permission", 
      "fields": {
         "codename": "add_contacto", 
         "name": "Can add contacto", 
         "content_type": 72
      }
   }, 
   {
      "pk": 217, 
      "model": "auth.permission", 
      "fields": {
         "codename": "add_permission", 
         "name": "Can add permission", 
         "content_type": 73
      }
   }, 
   {
      "pk": 211, 
      "model": "auth.permission", 
      "fields": {
         "codename": "add_tutoria", 
         "name": "Can add tutoria", 
         "content_type": 70
      }
   }, 
   {
      "pk": 222, 
      "model": "auth.permission", 
      "fields": {
         "codename": "approve_permission_requests", 
         "name": "Can approve permission requests", 
         "content_type": 73
      }
   }, 
   {
      "pk": 215, 
      "model": "auth.permission", 
      "fields": {
         "codename": "change_contacto", 
         "name": "Can change contacto", 
         "content_type": 72
      }
   }, 
   {
      "pk": 220, 
      "model": "auth.permission", 
      "fields": {
         "codename": "change_foreign_permissions", 
         "name": "Can change foreign permissions", 
         "content_type": 73
      }
   }, 
   {
      "pk": 218, 
      "model": "auth.permission", 
      "fields": {
         "codename": "change_permission", 
         "name": "Can change permission", 
         "content_type": 73
      }
   }, 
   {
      "pk": 212, 
      "model": "auth.permission", 
      "fields": {
         "codename": "change_tutoria", 
         "name": "Can change tutoria", 
         "content_type": 70
      }
   }, 
   {
      "pk": 216, 
      "model": "auth.permission", 
      "fields": {
         "codename": "delete_contacto", 
         "name": "Can delete contacto", 
         "content_type": 72
      }
   }, 
   {
      "pk": 221, 
      "model": "auth.permission", 
      "fields": {
         "codename": "delete_foreign_permissions", 
         "name": "Can delete foreign permissions", 
         "content_type": 73
      }
   }, 
   {
      "pk": 219, 
      "model": "auth.permission", 
      "fields": {
         "codename": "delete_permission", 
         "name": "Can delete permission", 
         "content_type": 73
      }
   }, 
   {
      "pk": 213, 
      "model": "auth.permission", 
      "fields": {
         "codename": "delete_tutoria", 
         "name": "Can delete tutoria", 
         "content_type": 70
      }
   }, 
   {
      "pk": 22, 
      "model": "auth.permission", 
      "fields": {
         "codename": "add_logentry", 
         "name": "Can add log entry", 
         "content_type": 8
      }
   }, 
   {
      "pk": 23, 
      "model": "auth.permission", 
      "fields": {
         "codename": "change_logentry", 
         "name": "Can change log entry", 
         "content_type": 8
      }
   }, 
   {
      "pk": 24, 
      "model": "auth.permission", 
      "fields": {
         "codename": "delete_logentry", 
         "name": "Can delete log entry", 
         "content_type": 8
      }
   }, 
   {
      "pk": 4, 
      "model": "auth.permission", 
      "fields": {
         "codename": "add_group", 
         "name": "Can add group", 
         "content_type": 2
      }
   }, 
   {
      "pk": 10, 
      "model": "auth.permission", 
      "fields": {
         "codename": "add_message", 
         "name": "Can add message", 
         "content_type": 4
      }
   }, 
   {
      "pk": 1, 
      "model": "auth.permission", 
      "fields": {
         "codename": "add_permission", 
         "name": "Can add permission", 
         "content_type": 1
      }
   }, 
   {
      "pk": 7, 
      "model": "auth.permission", 
      "fields": {
         "codename": "add_user", 
         "name": "Can add user", 
         "content_type": 3
      }
   }, 
   {
      "pk": 5, 
      "model": "auth.permission", 
      "fields": {
         "codename": "change_group", 
         "name": "Can change group", 
         "content_type": 2
      }
   }, 
   {
      "pk": 11, 
      "model": "auth.permission", 
      "fields": {
         "codename": "change_message", 
         "name": "Can change message", 
         "content_type": 4
      }
   }, 
   {
      "pk": 2, 
      "model": "auth.permission", 
      "fields": {
         "codename": "change_permission", 
         "name": "Can change permission", 
         "content_type": 1
      }
   }, 
   {
      "pk": 8, 
      "model": "auth.permission", 
      "fields": {
         "codename": "change_user", 
         "name": "Can change user", 
         "content_type": 3
      }
   }, 
   {
      "pk": 6, 
      "model": "auth.permission", 
      "fields": {
         "codename": "delete_group", 
         "name": "Can delete group", 
         "content_type": 2
      }
   }, 
   {
      "pk": 12, 
      "model": "auth.permission", 
      "fields": {
         "codename": "delete_message", 
         "name": "Can delete message", 
         "content_type": 4
      }
   }, 
   {
      "pk": 3, 
      "model": "auth.permission", 
      "fields": {
         "codename": "delete_permission", 
         "name": "Can delete permission", 
         "content_type": 1
      }
   }, 
   {
      "pk": 9, 
      "model": "auth.permission", 
      "fields": {
         "codename": "delete_user", 
         "name": "Can delete user", 
         "content_type": 3
      }
   }, 
   {
      "pk": 225, 
      "model": "auth.permission", 
      "fields": {
         "codename": "approve_permission_requests", 
         "name": "Can approve permission requests", 
         "content_type": 74
      }
   }, 
   {
      "pk": 223, 
      "model": "auth.permission", 
      "fields": {
         "codename": "change_foreign_permissions", 
         "name": "Can change foreign permissions", 
         "content_type": 74
      }
   }, 
   {
      "pk": 224, 
      "model": "auth.permission", 
      "fields": {
         "codename": "delete_foreign_permissions", 
         "name": "Can delete foreign permissions", 
         "content_type": 74
      }
   }, 
   {
      "pk": 13, 
      "model": "auth.permission", 
      "fields": {
         "codename": "add_contenttype", 
         "name": "Can add content type", 
         "content_type": 5
      }
   }, 
   {
      "pk": 14, 
      "model": "auth.permission", 
      "fields": {
         "codename": "change_contenttype", 
         "name": "Can change content type", 
         "content_type": 5
      }
   }, 
   {
      "pk": 15, 
      "model": "auth.permission", 
      "fields": {
         "codename": "delete_contenttype", 
         "name": "Can delete content type", 
         "content_type": 5
      }
   }, 
   {
      "pk": 34, 
      "model": "auth.permission", 
      "fields": {
         "codename": "add_alumno", 
         "name": "Can add alumno", 
         "content_type": 12
      }
   }, 
   {
      "pk": 25, 
      "model": "auth.permission", 
      "fields": {
         "codename": "add_asignatura", 
         "name": "Can add asignatura", 
         "content_type": 9
      }
   }, 
   {
      "pk": 31, 
      "model": "auth.permission", 
      "fields": {
         "codename": "add_aula", 
         "name": "Can add aula", 
         "content_type": 11
      }
   }, 
   {
      "pk": 37, 
      "model": "auth.permission", 
      "fields": {
         "codename": "add_ciclo", 
         "name": "Can add ciclo", 
         "content_type": 13
      }
   }, 
   {
      "pk": 55, 
      "model": "auth.permission", 
      "fields": {
         "codename": "add_coordinadorciclo", 
         "name": "Can add coordinador ciclo", 
         "content_type": 19
      }
   }, 
   {
      "pk": 40, 
      "model": "auth.permission", 
      "fields": {
         "codename": "add_curso", 
         "name": "Can add curso", 
         "content_type": 14
      }
   }, 
   {
      "pk": 43, 
      "model": "auth.permission", 
      "fields": {
         "codename": "add_grupoaula", 
         "name": "Can add grupo aula", 
         "content_type": 15
      }
   }, 
   {
      "pk": 49, 
      "model": "auth.permission", 
      "fields": {
         "codename": "add_matricula", 
         "name": "Can add matricula", 
         "content_type": 17
      }
   }, 
   {
      "pk": 52, 
      "model": "auth.permission", 
      "fields": {
         "codename": "add_nivel", 
         "name": "Can add nivel", 
         "content_type": 18
      }
   }, 
   {
      "pk": 46, 
      "model": "auth.permission", 
      "fields": {
         "codename": "add_profesor", 
         "name": "Can add profesor", 
         "content_type": 16
      }
   }, 
   {
      "pk": 28, 
      "model": "auth.permission", 
      "fields": {
         "codename": "add_turno", 
         "name": "Can add turno", 
         "content_type": 10
      }
   }, 
   {
      "pk": 35, 
      "model": "auth.permission", 
      "fields": {
         "codename": "change_alumno", 
         "name": "Can change alumno", 
         "content_type": 12
      }
   }, 
   {
      "pk": 26, 
      "model": "auth.permission", 
      "fields": {
         "codename": "change_asignatura", 
         "name": "Can change asignatura", 
         "content_type": 9
      }
   }, 
   {
      "pk": 32, 
      "model": "auth.permission", 
      "fields": {
         "codename": "change_aula", 
         "name": "Can change aula", 
         "content_type": 11
      }
   }, 
   {
      "pk": 38, 
      "model": "auth.permission", 
      "fields": {
         "codename": "change_ciclo", 
         "name": "Can change ciclo", 
         "content_type": 13
      }
   }, 
   {
      "pk": 56, 
      "model": "auth.permission", 
      "fields": {
         "codename": "change_coordinadorciclo", 
         "name": "Can change coordinador ciclo", 
         "content_type": 19
      }
   }, 
   {
      "pk": 41, 
      "model": "auth.permission", 
      "fields": {
         "codename": "change_curso", 
         "name": "Can change curso", 
         "content_type": 14
      }
   }, 
   {
      "pk": 44, 
      "model": "auth.permission", 
      "fields": {
         "codename": "change_grupoaula", 
         "name": "Can change grupo aula", 
         "content_type": 15
      }
   }, 
   {
      "pk": 50, 
      "model": "auth.permission", 
      "fields": {
         "codename": "change_matricula", 
         "name": "Can change matricula", 
         "content_type": 17
      }
   }, 
   {
      "pk": 53, 
      "model": "auth.permission", 
      "fields": {
         "codename": "change_nivel", 
         "name": "Can change nivel", 
         "content_type": 18
      }
   }, 
   {
      "pk": 47, 
      "model": "auth.permission", 
      "fields": {
         "codename": "change_profesor", 
         "name": "Can change profesor", 
         "content_type": 16
      }
   }, 
   {
      "pk": 29, 
      "model": "auth.permission", 
      "fields": {
         "codename": "change_turno", 
         "name": "Can change turno", 
         "content_type": 10
      }
   }, 
   {
      "pk": 36, 
      "model": "auth.permission", 
      "fields": {
         "codename": "delete_alumno", 
         "name": "Can delete alumno", 
         "content_type": 12
      }
   }, 
   {
      "pk": 27, 
      "model": "auth.permission", 
      "fields": {
         "codename": "delete_asignatura", 
         "name": "Can delete asignatura", 
         "content_type": 9
      }
   }, 
   {
      "pk": 33, 
      "model": "auth.permission", 
      "fields": {
         "codename": "delete_aula", 
         "name": "Can delete aula", 
         "content_type": 11
      }
   }, 
   {
      "pk": 39, 
      "model": "auth.permission", 
      "fields": {
         "codename": "delete_ciclo", 
         "name": "Can delete ciclo", 
         "content_type": 13
      }
   }, 
   {
      "pk": 57, 
      "model": "auth.permission", 
      "fields": {
         "codename": "delete_coordinadorciclo", 
         "name": "Can delete coordinador ciclo", 
         "content_type": 19
      }
   }, 
   {
      "pk": 42, 
      "model": "auth.permission", 
      "fields": {
         "codename": "delete_curso", 
         "name": "Can delete curso", 
         "content_type": 14
      }
   }, 
   {
      "pk": 45, 
      "model": "auth.permission", 
      "fields": {
         "codename": "delete_grupoaula", 
         "name": "Can delete grupo aula", 
         "content_type": 15
      }
   }, 
   {
      "pk": 51, 
      "model": "auth.permission", 
      "fields": {
         "codename": "delete_matricula", 
         "name": "Can delete matricula", 
         "content_type": 17
      }
   }, 
   {
      "pk": 54, 
      "model": "auth.permission", 
      "fields": {
         "codename": "delete_nivel", 
         "name": "Can delete nivel", 
         "content_type": 18
      }
   }, 
   {
      "pk": 48, 
      "model": "auth.permission", 
      "fields": {
         "codename": "delete_profesor", 
         "name": "Can delete profesor", 
         "content_type": 16
      }
   }, 
   {
      "pk": 30, 
      "model": "auth.permission", 
      "fields": {
         "codename": "delete_turno", 
         "name": "Can delete turno", 
         "content_type": 10
      }
   }, 
   {
      "pk": 61, 
      "model": "auth.permission", 
      "fields": {
         "codename": "add_ausencia", 
         "name": "Can add ausencia", 
         "content_type": 21
      }
   }, 
   {
      "pk": 76, 
      "model": "auth.permission", 
      "fields": {
         "codename": "add_ausencia", 
         "name": "Can add ausencia", 
         "content_type": 26
      }
   }, 
   {
      "pk": 70, 
      "model": "auth.permission", 
      "fields": {
         "codename": "add_coordinadorciclo", 
         "name": "Can add coordinador ciclo", 
         "content_type": 24
      }
   }, 
   {
      "pk": 64, 
      "model": "auth.permission", 
      "fields": {
         "codename": "add_falta", 
         "name": "Can add falta", 
         "content_type": 22
      }
   }, 
   {
      "pk": 79, 
      "model": "auth.permission", 
      "fields": {
         "codename": "add_falta", 
         "name": "Can add falta", 
         "content_type": 27
      }
   }, 
   {
      "pk": 73, 
      "model": "auth.permission", 
      "fields": {
         "codename": "add_jefeestudios", 
         "name": "Can add jefe estudios", 
         "content_type": 25
      }
   }, 
   {
      "pk": 58, 
      "model": "auth.permission", 
      "fields": {
         "codename": "add_matricula", 
         "name": "Can add matricula", 
         "content_type": 20
      }
   }, 
   {
      "pk": 67, 
      "model": "auth.permission", 
      "fields": {
         "codename": "add_nivel", 
         "name": "Can add nivel", 
         "content_type": 23
      }
   }, 
   {
      "pk": 62, 
      "model": "auth.permission", 
      "fields": {
         "codename": "change_ausencia", 
         "name": "Can change ausencia", 
         "content_type": 21
      }
   }, 
   {
      "pk": 77, 
      "model": "auth.permission", 
      "fields": {
         "codename": "change_ausencia", 
         "name": "Can change ausencia", 
         "content_type": 26
      }
   }, 
   {
      "pk": 71, 
      "model": "auth.permission", 
      "fields": {
         "codename": "change_coordinadorciclo", 
         "name": "Can change coordinador ciclo", 
         "content_type": 24
      }
   }, 
   {
      "pk": 65, 
      "model": "auth.permission", 
      "fields": {
         "codename": "change_falta", 
         "name": "Can change falta", 
         "content_type": 22
      }
   }, 
   {
      "pk": 80, 
      "model": "auth.permission", 
      "fields": {
         "codename": "change_falta", 
         "name": "Can change falta", 
         "content_type": 27
      }
   }, 
   {
      "pk": 74, 
      "model": "auth.permission", 
      "fields": {
         "codename": "change_jefeestudios", 
         "name": "Can change jefe estudios", 
         "content_type": 25
      }
   }, 
   {
      "pk": 59, 
      "model": "auth.permission", 
      "fields": {
         "codename": "change_matricula", 
         "name": "Can change matricula", 
         "content_type": 20
      }
   }, 
   {
      "pk": 68, 
      "model": "auth.permission", 
      "fields": {
         "codename": "change_nivel", 
         "name": "Can change nivel", 
         "content_type": 23
      }
   }, 
   {
      "pk": 63, 
      "model": "auth.permission", 
      "fields": {
         "codename": "delete_ausencia", 
         "name": "Can delete ausencia", 
         "content_type": 21
      }
   }, 
   {
      "pk": 78, 
      "model": "auth.permission", 
      "fields": {
         "codename": "delete_ausencia", 
         "name": "Can delete ausencia", 
         "content_type": 26
      }
   }, 
   {
      "pk": 72, 
      "model": "auth.permission", 
      "fields": {
         "codename": "delete_coordinadorciclo", 
         "name": "Can delete coordinador ciclo", 
         "content_type": 24
      }
   }, 
   {
      "pk": 66, 
      "model": "auth.permission", 
      "fields": {
         "codename": "delete_falta", 
         "name": "Can delete falta", 
         "content_type": 22
      }
   }, 
   {
      "pk": 81, 
      "model": "auth.permission", 
      "fields": {
         "codename": "delete_falta", 
         "name": "Can delete falta", 
         "content_type": 27
      }
   }, 
   {
      "pk": 75, 
      "model": "auth.permission", 
      "fields": {
         "codename": "delete_jefeestudios", 
         "name": "Can delete jefe estudios", 
         "content_type": 25
      }
   }, 
   {
      "pk": 60, 
      "model": "auth.permission", 
      "fields": {
         "codename": "delete_matricula", 
         "name": "Can delete matricula", 
         "content_type": 20
      }
   }, 
   {
      "pk": 69, 
      "model": "auth.permission", 
      "fields": {
         "codename": "delete_nivel", 
         "name": "Can delete nivel", 
         "content_type": 23
      }
   }, 
   {
      "pk": 85, 
      "model": "auth.permission", 
      "fields": {
         "codename": "add_faltacomportamiento", 
         "name": "Can add falta comportamiento", 
         "content_type": 29
      }
   }, 
   {
      "pk": 82, 
      "model": "auth.permission", 
      "fields": {
         "codename": "add_retraso", 
         "name": "Can add retraso", 
         "content_type": 28
      }
   }, 
   {
      "pk": 86, 
      "model": "auth.permission", 
      "fields": {
         "codename": "change_faltacomportamiento", 
         "name": "Can change falta comportamiento", 
         "content_type": 29
      }
   }, 
   {
      "pk": 83, 
      "model": "auth.permission", 
      "fields": {
         "codename": "change_retraso", 
         "name": "Can change retraso", 
         "content_type": 28
      }
   }, 
   {
      "pk": 87, 
      "model": "auth.permission", 
      "fields": {
         "codename": "delete_faltacomportamiento", 
         "name": "Can delete falta comportamiento", 
         "content_type": 29
      }
   }, 
   {
      "pk": 84, 
      "model": "auth.permission", 
      "fields": {
         "codename": "delete_retraso", 
         "name": "Can delete retraso", 
         "content_type": 28
      }
   }, 
   {
      "pk": 130, 
      "model": "auth.permission", 
      "fields": {
         "codename": "add_comentario", 
         "name": "Can add comentario", 
         "content_type": 44
      }
   }, 
   {
      "pk": 133, 
      "model": "auth.permission", 
      "fields": {
         "codename": "add_recurso", 
         "name": "Can add recurso", 
         "content_type": 45
      }
   }, 
   {
      "pk": 131, 
      "model": "auth.permission", 
      "fields": {
         "codename": "change_comentario", 
         "name": "Can change comentario", 
         "content_type": 44
      }
   }, 
   {
      "pk": 134, 
      "model": "auth.permission", 
      "fields": {
         "codename": "change_recurso", 
         "name": "Can change recurso", 
         "content_type": 45
      }
   }, 
   {
      "pk": 132, 
      "model": "auth.permission", 
      "fields": {
         "codename": "delete_comentario", 
         "name": "Can delete comentario", 
         "content_type": 44
      }
   }, 
   {
      "pk": 135, 
      "model": "auth.permission", 
      "fields": {
         "codename": "delete_recurso", 
         "name": "Can delete recurso", 
         "content_type": 45
      }
   }, 
   {
      "pk": 97, 
      "model": "auth.permission", 
      "fields": {
         "codename": "add_enviosfaltas", 
         "name": "Can add envios faltas", 
         "content_type": 33
      }
   }, 
   {
      "pk": 91, 
      "model": "auth.permission", 
      "fields": {
         "codename": "add_faltamaterial", 
         "name": "Can add falta material", 
         "content_type": 31
      }
   }, 
   {
      "pk": 88, 
      "model": "auth.permission", 
      "fields": {
         "codename": "add_faltatarea", 
         "name": "Can add falta tarea", 
         "content_type": 30
      }
   }, 
   {
      "pk": 100, 
      "model": "auth.permission", 
      "fields": {
         "codename": "add_hora", 
         "name": "Can add hora", 
         "content_type": 34
      }
   }, 
   {
      "pk": 94, 
      "model": "auth.permission", 
      "fields": {
         "codename": "add_parte", 
         "name": "Can add parte", 
         "content_type": 32
      }
   }, 
   {
      "pk": 98, 
      "model": "auth.permission", 
      "fields": {
         "codename": "change_enviosfaltas", 
         "name": "Can change envios faltas", 
         "content_type": 33
      }
   }, 
   {
      "pk": 92, 
      "model": "auth.permission", 
      "fields": {
         "codename": "change_faltamaterial", 
         "name": "Can change falta material", 
         "content_type": 31
      }
   }, 
   {
      "pk": 89, 
      "model": "auth.permission", 
      "fields": {
         "codename": "change_faltatarea", 
         "name": "Can change falta tarea", 
         "content_type": 30
      }
   }, 
   {
      "pk": 101, 
      "model": "auth.permission", 
      "fields": {
         "codename": "change_hora", 
         "name": "Can change hora", 
         "content_type": 34
      }
   }, 
   {
      "pk": 95, 
      "model": "auth.permission", 
      "fields": {
         "codename": "change_parte", 
         "name": "Can change parte", 
         "content_type": 32
      }
   }, 
   {
      "pk": 99, 
      "model": "auth.permission", 
      "fields": {
         "codename": "delete_enviosfaltas", 
         "name": "Can delete envios faltas", 
         "content_type": 33
      }
   }, 
   {
      "pk": 93, 
      "model": "auth.permission", 
      "fields": {
         "codename": "delete_faltamaterial", 
         "name": "Can delete falta material", 
         "content_type": 31
      }
   }, 
   {
      "pk": 90, 
      "model": "auth.permission", 
      "fields": {
         "codename": "delete_faltatarea", 
         "name": "Can delete falta tarea", 
         "content_type": 30
      }
   }, 
   {
      "pk": 102, 
      "model": "auth.permission", 
      "fields": {
         "codename": "delete_hora", 
         "name": "Can delete hora", 
         "content_type": 34
      }
   }, 
   {
      "pk": 96, 
      "model": "auth.permission", 
      "fields": {
         "codename": "delete_parte", 
         "name": "Can delete parte", 
         "content_type": 32
      }
   }, 
   {
      "pk": 112, 
      "model": "auth.permission", 
      "fields": {
         "codename": "add_calificacion", 
         "name": "Can add calificacion", 
         "content_type": 38
      }
   }, 
   {
      "pk": 118, 
      "model": "auth.permission", 
      "fields": {
         "codename": "add_calificacioncompetencia", 
         "name": "Can add calificacion competencia", 
         "content_type": 40
      }
   }, 
   {
      "pk": 115, 
      "model": "auth.permission", 
      "fields": {
         "codename": "add_informeevaluacion", 
         "name": "Can add informe evaluacion", 
         "content_type": 39
      }
   }, 
   {
      "pk": 121, 
      "model": "auth.permission", 
      "fields": {
         "codename": "add_pas", 
         "name": "Can add pas", 
         "content_type": 41
      }
   }, 
   {
      "pk": 113, 
      "model": "auth.permission", 
      "fields": {
         "codename": "change_calificacion", 
         "name": "Can change calificacion", 
         "content_type": 38
      }
   }, 
   {
      "pk": 119, 
      "model": "auth.permission", 
      "fields": {
         "codename": "change_calificacioncompetencia", 
         "name": "Can change calificacion competencia", 
         "content_type": 40
      }
   }, 
   {
      "pk": 116, 
      "model": "auth.permission", 
      "fields": {
         "codename": "change_informeevaluacion", 
         "name": "Can change informe evaluacion", 
         "content_type": 39
      }
   }, 
   {
      "pk": 122, 
      "model": "auth.permission", 
      "fields": {
         "codename": "change_pas", 
         "name": "Can change pas", 
         "content_type": 41
      }
   }, 
   {
      "pk": 114, 
      "model": "auth.permission", 
      "fields": {
         "codename": "delete_calificacion", 
         "name": "Can delete calificacion", 
         "content_type": 38
      }
   }, 
   {
      "pk": 120, 
      "model": "auth.permission", 
      "fields": {
         "codename": "delete_calificacioncompetencia", 
         "name": "Can delete calificacion competencia", 
         "content_type": 40
      }
   }, 
   {
      "pk": 117, 
      "model": "auth.permission", 
      "fields": {
         "codename": "delete_informeevaluacion", 
         "name": "Can delete informe evaluacion", 
         "content_type": 39
      }
   }, 
   {
      "pk": 123, 
      "model": "auth.permission", 
      "fields": {
         "codename": "delete_pas", 
         "name": "Can delete pas", 
         "content_type": 41
      }
   }, 
   {
      "pk": 127, 
      "model": "auth.permission", 
      "fields": {
         "codename": "add_incidencia", 
         "name": "Can add incidencia", 
         "content_type": 43
      }
   }, 
   {
      "pk": 128, 
      "model": "auth.permission", 
      "fields": {
         "codename": "change_incidencia", 
         "name": "Can change incidencia", 
         "content_type": 43
      }
   }, 
   {
      "pk": 129, 
      "model": "auth.permission", 
      "fields": {
         "codename": "delete_incidencia", 
         "name": "Can delete incidencia", 
         "content_type": 43
      }
   }, 
   {
      "pk": 124, 
      "model": "auth.permission", 
      "fields": {
         "codename": "add_padre", 
         "name": "Can add padre", 
         "content_type": 42
      }
   }, 
   {
      "pk": 125, 
      "model": "auth.permission", 
      "fields": {
         "codename": "change_padre", 
         "name": "Can change padre", 
         "content_type": 42
      }
   }, 
   {
      "pk": 126, 
      "model": "auth.permission", 
      "fields": {
         "codename": "delete_padre", 
         "name": "Can delete padre", 
         "content_type": 42
      }
   }, 
   {
      "pk": 160, 
      "model": "auth.permission", 
      "fields": {
         "codename": "add_autorizacion", 
         "name": "Can add autorizacion", 
         "content_type": 54
      }
   }, 
   {
      "pk": 181, 
      "model": "auth.permission", 
      "fields": {
         "codename": "add_centro", 
         "name": "Can add centro", 
         "content_type": 61
      }
   }, 
   {
      "pk": 187, 
      "model": "auth.permission", 
      "fields": {
         "codename": "add_clasificacion", 
         "name": "Can add clasificacion", 
         "content_type": 63
      }
   }, 
   {
      "pk": 172, 
      "model": "auth.permission", 
      "fields": {
         "codename": "add_concierto", 
         "name": "Can add concierto", 
         "content_type": 58
      }
   }, 
   {
      "pk": 199, 
      "model": "auth.permission", 
      "fields": {
         "codename": "add_contacto", 
         "name": "Can add contacto", 
         "content_type": 67
      }
   }, 
   {
      "pk": 193, 
      "model": "auth.permission", 
      "fields": {
         "codename": "add_direccion", 
         "name": "Can add Direcci\u00f3n", 
         "content_type": 65
      }
   }, 
   {
      "pk": 178, 
      "model": "auth.permission", 
      "fields": {
         "codename": "add_estadocivil", 
         "name": "Can add estado civil", 
         "content_type": 60
      }
   }, 
   {
      "pk": 154, 
      "model": "auth.permission", 
      "fields": {
         "codename": "add_estudiospadre", 
         "name": "Can add estudios padre", 
         "content_type": 52
      }
   }, 
   {
      "pk": 145, 
      "model": "auth.permission", 
      "fields": {
         "codename": "add_isla", 
         "name": "Can add isla", 
         "content_type": 49
      }
   }, 
   {
      "pk": 175, 
      "model": "auth.permission", 
      "fields": {
         "codename": "add_minusvalia", 
         "name": "Can add minusvalia", 
         "content_type": 59
      }
   }, 
   {
      "pk": 142, 
      "model": "auth.permission", 
      "fields": {
         "codename": "add_municipio", 
         "name": "Can add municipio", 
         "content_type": 48
      }
   }, 
   {
      "pk": 157, 
      "model": "auth.permission", 
      "fields": {
         "codename": "add_pais", 
         "name": "Can add pais", 
         "content_type": 53
      }
   }, 
   {
      "pk": 202, 
      "model": "auth.permission", 
      "fields": {
         "codename": "add_permission", 
         "name": "Can add permission", 
         "content_type": 68
      }
   }, 
   {
      "pk": 190, 
      "model": "auth.permission", 
      "fields": {
         "codename": "add_persona", 
         "name": "Can add persona", 
         "content_type": 64
      }
   }, 
   {
      "pk": 196, 
      "model": "auth.permission", 
      "fields": {
         "codename": "add_personaperfil", 
         "name": "Can add persona perfil", 
         "content_type": 66
      }
   }, 
   {
      "pk": 151, 
      "model": "auth.permission", 
      "fields": {
         "codename": "add_profesion", 
         "name": "Can add profesion", 
         "content_type": 51
      }
   }, 
   {
      "pk": 148, 
      "model": "auth.permission", 
      "fields": {
         "codename": "add_provincia", 
         "name": "Can add provincia", 
         "content_type": 50
      }
   }, 
   {
      "pk": 184, 
      "model": "auth.permission", 
      "fields": {
         "codename": "add_tipoconstruccion", 
         "name": "Can add tipo construccion", 
         "content_type": 62
      }
   }, 
   {
      "pk": 163, 
      "model": "auth.permission", 
      "fields": {
         "codename": "add_tipoespacio", 
         "name": "Can add tipo espacio", 
         "content_type": 55
      }
   }, 
   {
      "pk": 166, 
      "model": "auth.permission", 
      "fields": {
         "codename": "add_tipouso", 
         "name": "Can add tipo uso", 
         "content_type": 56
      }
   }, 
   {
      "pk": 208, 
      "model": "auth.permission", 
      "fields": {
         "codename": "add_tutor", 
         "name": "Can add tutor", 
         "content_type": 69
      }
   }, 
   {
      "pk": 169, 
      "model": "auth.permission", 
      "fields": {
         "codename": "add_ubicacion", 
         "name": "Can add ubicacion", 
         "content_type": 57
      }
   }, 
   {
      "pk": 207, 
      "model": "auth.permission", 
      "fields": {
         "codename": "approve_permission_requests", 
         "name": "Can approve permission requests", 
         "content_type": 68
      }
   }, 
   {
      "pk": 161, 
      "model": "auth.permission", 
      "fields": {
         "codename": "change_autorizacion", 
         "name": "Can change autorizacion", 
         "content_type": 54
      }
   }, 
   {
      "pk": 182, 
      "model": "auth.permission", 
      "fields": {
         "codename": "change_centro", 
         "name": "Can change centro", 
         "content_type": 61
      }
   }, 
   {
      "pk": 188, 
      "model": "auth.permission", 
      "fields": {
         "codename": "change_clasificacion", 
         "name": "Can change clasificacion", 
         "content_type": 63
      }
   }, 
   {
      "pk": 173, 
      "model": "auth.permission", 
      "fields": {
         "codename": "change_concierto", 
         "name": "Can change concierto", 
         "content_type": 58
      }
   }, 
   {
      "pk": 200, 
      "model": "auth.permission", 
      "fields": {
         "codename": "change_contacto", 
         "name": "Can change contacto", 
         "content_type": 67
      }
   }, 
   {
      "pk": 194, 
      "model": "auth.permission", 
      "fields": {
         "codename": "change_direccion", 
         "name": "Can change Direcci\u00f3n", 
         "content_type": 65
      }
   }, 
   {
      "pk": 179, 
      "model": "auth.permission", 
      "fields": {
         "codename": "change_estadocivil", 
         "name": "Can change estado civil", 
         "content_type": 60
      }
   }, 
   {
      "pk": 155, 
      "model": "auth.permission", 
      "fields": {
         "codename": "change_estudiospadre", 
         "name": "Can change estudios padre", 
         "content_type": 52
      }
   }, 
   {
      "pk": 205, 
      "model": "auth.permission", 
      "fields": {
         "codename": "change_foreign_permissions", 
         "name": "Can change foreign permissions", 
         "content_type": 68
      }
   }, 
   {
      "pk": 146, 
      "model": "auth.permission", 
      "fields": {
         "codename": "change_isla", 
         "name": "Can change isla", 
         "content_type": 49
      }
   }, 
   {
      "pk": 176, 
      "model": "auth.permission", 
      "fields": {
         "codename": "change_minusvalia", 
         "name": "Can change minusvalia", 
         "content_type": 59
      }
   }, 
   {
      "pk": 143, 
      "model": "auth.permission", 
      "fields": {
         "codename": "change_municipio", 
         "name": "Can change municipio", 
         "content_type": 48
      }
   }, 
   {
      "pk": 158, 
      "model": "auth.permission", 
      "fields": {
         "codename": "change_pais", 
         "name": "Can change pais", 
         "content_type": 53
      }
   }, 
   {
      "pk": 203, 
      "model": "auth.permission", 
      "fields": {
         "codename": "change_permission", 
         "name": "Can change permission", 
         "content_type": 68
      }
   }, 
   {
      "pk": 191, 
      "model": "auth.permission", 
      "fields": {
         "codename": "change_persona", 
         "name": "Can change persona", 
         "content_type": 64
      }
   }, 
   {
      "pk": 197, 
      "model": "auth.permission", 
      "fields": {
         "codename": "change_personaperfil", 
         "name": "Can change persona perfil", 
         "content_type": 66
      }
   }, 
   {
      "pk": 152, 
      "model": "auth.permission", 
      "fields": {
         "codename": "change_profesion", 
         "name": "Can change profesion", 
         "content_type": 51
      }
   }, 
   {
      "pk": 149, 
      "model": "auth.permission", 
      "fields": {
         "codename": "change_provincia", 
         "name": "Can change provincia", 
         "content_type": 50
      }
   }, 
   {
      "pk": 185, 
      "model": "auth.permission", 
      "fields": {
         "codename": "change_tipoconstruccion", 
         "name": "Can change tipo construccion", 
         "content_type": 62
      }
   }, 
   {
      "pk": 164, 
      "model": "auth.permission", 
      "fields": {
         "codename": "change_tipoespacio", 
         "name": "Can change tipo espacio", 
         "content_type": 55
      }
   }, 
   {
      "pk": 167, 
      "model": "auth.permission", 
      "fields": {
         "codename": "change_tipouso", 
         "name": "Can change tipo uso", 
         "content_type": 56
      }
   }, 
   {
      "pk": 209, 
      "model": "auth.permission", 
      "fields": {
         "codename": "change_tutor", 
         "name": "Can change tutor", 
         "content_type": 69
      }
   }, 
   {
      "pk": 170, 
      "model": "auth.permission", 
      "fields": {
         "codename": "change_ubicacion", 
         "name": "Can change ubicacion", 
         "content_type": 57
      }
   }, 
   {
      "pk": 162, 
      "model": "auth.permission", 
      "fields": {
         "codename": "delete_autorizacion", 
         "name": "Can delete autorizacion", 
         "content_type": 54
      }
   }, 
   {
      "pk": 183, 
      "model": "auth.permission", 
      "fields": {
         "codename": "delete_centro", 
         "name": "Can delete centro", 
         "content_type": 61
      }
   }, 
   {
      "pk": 189, 
      "model": "auth.permission", 
      "fields": {
         "codename": "delete_clasificacion", 
         "name": "Can delete clasificacion", 
         "content_type": 63
      }
   }, 
   {
      "pk": 174, 
      "model": "auth.permission", 
      "fields": {
         "codename": "delete_concierto", 
         "name": "Can delete concierto", 
         "content_type": 58
      }
   }, 
   {
      "pk": 201, 
      "model": "auth.permission", 
      "fields": {
         "codename": "delete_contacto", 
         "name": "Can delete contacto", 
         "content_type": 67
      }
   }, 
   {
      "pk": 195, 
      "model": "auth.permission", 
      "fields": {
         "codename": "delete_direccion", 
         "name": "Can delete Direcci\u00f3n", 
         "content_type": 65
      }
   }, 
   {
      "pk": 180, 
      "model": "auth.permission", 
      "fields": {
         "codename": "delete_estadocivil", 
         "name": "Can delete estado civil", 
         "content_type": 60
      }
   }, 
   {
      "pk": 156, 
      "model": "auth.permission", 
      "fields": {
         "codename": "delete_estudiospadre", 
         "name": "Can delete estudios padre", 
         "content_type": 52
      }
   }, 
   {
      "pk": 206, 
      "model": "auth.permission", 
      "fields": {
         "codename": "delete_foreign_permissions", 
         "name": "Can delete foreign permissions", 
         "content_type": 68
      }
   }, 
   {
      "pk": 147, 
      "model": "auth.permission", 
      "fields": {
         "codename": "delete_isla", 
         "name": "Can delete isla", 
         "content_type": 49
      }
   }, 
   {
      "pk": 177, 
      "model": "auth.permission", 
      "fields": {
         "codename": "delete_minusvalia", 
         "name": "Can delete minusvalia", 
         "content_type": 59
      }
   }, 
   {
      "pk": 144, 
      "model": "auth.permission", 
      "fields": {
         "codename": "delete_municipio", 
         "name": "Can delete municipio", 
         "content_type": 48
      }
   }, 
   {
      "pk": 159, 
      "model": "auth.permission", 
      "fields": {
         "codename": "delete_pais", 
         "name": "Can delete pais", 
         "content_type": 53
      }
   }, 
   {
      "pk": 204, 
      "model": "auth.permission", 
      "fields": {
         "codename": "delete_permission", 
         "name": "Can delete permission", 
         "content_type": 68
      }
   }, 
   {
      "pk": 192, 
      "model": "auth.permission", 
      "fields": {
         "codename": "delete_persona", 
         "name": "Can delete persona", 
         "content_type": 64
      }
   }, 
   {
      "pk": 198, 
      "model": "auth.permission", 
      "fields": {
         "codename": "delete_personaperfil", 
         "name": "Can delete persona perfil", 
         "content_type": 66
      }
   }, 
   {
      "pk": 153, 
      "model": "auth.permission", 
      "fields": {
         "codename": "delete_profesion", 
         "name": "Can delete profesion", 
         "content_type": 51
      }
   }, 
   {
      "pk": 150, 
      "model": "auth.permission", 
      "fields": {
         "codename": "delete_provincia", 
         "name": "Can delete provincia", 
         "content_type": 50
      }
   }, 
   {
      "pk": 186, 
      "model": "auth.permission", 
      "fields": {
         "codename": "delete_tipoconstruccion", 
         "name": "Can delete tipo construccion", 
         "content_type": 62
      }
   }, 
   {
      "pk": 165, 
      "model": "auth.permission", 
      "fields": {
         "codename": "delete_tipoespacio", 
         "name": "Can delete tipo espacio", 
         "content_type": 55
      }
   }, 
   {
      "pk": 168, 
      "model": "auth.permission", 
      "fields": {
         "codename": "delete_tipouso", 
         "name": "Can delete tipo uso", 
         "content_type": 56
      }
   }, 
   {
      "pk": 210, 
      "model": "auth.permission", 
      "fields": {
         "codename": "delete_tutor", 
         "name": "Can delete tutor", 
         "content_type": 69
      }
   }, 
   {
      "pk": 171, 
      "model": "auth.permission", 
      "fields": {
         "codename": "delete_ubicacion", 
         "name": "Can delete ubicacion", 
         "content_type": 57
      }
   }, 
   {
      "pk": 136, 
      "model": "auth.permission", 
      "fields": {
         "codename": "add_reserva", 
         "name": "Can add reserva", 
         "content_type": 46
      }
   }, 
   {
      "pk": 139, 
      "model": "auth.permission", 
      "fields": {
         "codename": "add_tipovia", 
         "name": "Can add tipo via", 
         "content_type": 47
      }
   }, 
   {
      "pk": 137, 
      "model": "auth.permission", 
      "fields": {
         "codename": "change_reserva", 
         "name": "Can change reserva", 
         "content_type": 46
      }
   }, 
   {
      "pk": 140, 
      "model": "auth.permission", 
      "fields": {
         "codename": "change_tipovia", 
         "name": "Can change tipo via", 
         "content_type": 47
      }
   }, 
   {
      "pk": 138, 
      "model": "auth.permission", 
      "fields": {
         "codename": "delete_reserva", 
         "name": "Can delete reserva", 
         "content_type": 46
      }
   }, 
   {
      "pk": 141, 
      "model": "auth.permission", 
      "fields": {
         "codename": "delete_tipovia", 
         "name": "Can delete tipo via", 
         "content_type": 47
      }
   }, 
   {
      "pk": 16, 
      "model": "auth.permission", 
      "fields": {
         "codename": "add_session", 
         "name": "Can add session", 
         "content_type": 6
      }
   }, 
   {
      "pk": 17, 
      "model": "auth.permission", 
      "fields": {
         "codename": "change_session", 
         "name": "Can change session", 
         "content_type": 6
      }
   }, 
   {
      "pk": 18, 
      "model": "auth.permission", 
      "fields": {
         "codename": "delete_session", 
         "name": "Can delete session", 
         "content_type": 6
      }
   }, 
   {
      "pk": 19, 
      "model": "auth.permission", 
      "fields": {
         "codename": "add_site", 
         "name": "Can add site", 
         "content_type": 7
      }
   }, 
   {
      "pk": 20, 
      "model": "auth.permission", 
      "fields": {
         "codename": "change_site", 
         "name": "Can change site", 
         "content_type": 7
      }
   }, 
   {
      "pk": 21, 
      "model": "auth.permission", 
      "fields": {
         "codename": "delete_site", 
         "name": "Can delete site", 
         "content_type": 7
      }
   }, 
   {
      "pk": 106, 
      "model": "auth.permission", 
      "fields": {
         "codename": "add_competencia", 
         "name": "Can add competencia", 
         "content_type": 36
      }
   }, 
   {
      "pk": 109, 
      "model": "auth.permission", 
      "fields": {
         "codename": "add_evaluacion", 
         "name": "Can add evaluacion", 
         "content_type": 37
      }
   }, 
   {
      "pk": 103, 
      "model": "auth.permission", 
      "fields": {
         "codename": "add_horario", 
         "name": "Can add horario", 
         "content_type": 35
      }
   }, 
   {
      "pk": 107, 
      "model": "auth.permission", 
      "fields": {
         "codename": "change_competencia", 
         "name": "Can change competencia", 
         "content_type": 36
      }
   }, 
   {
      "pk": 110, 
      "model": "auth.permission", 
      "fields": {
         "codename": "change_evaluacion", 
         "name": "Can change evaluacion", 
         "content_type": 37
      }
   }, 
   {
      "pk": 104, 
      "model": "auth.permission", 
      "fields": {
         "codename": "change_horario", 
         "name": "Can change horario", 
         "content_type": 35
      }
   }, 
   {
      "pk": 108, 
      "model": "auth.permission", 
      "fields": {
         "codename": "delete_competencia", 
         "name": "Can delete competencia", 
         "content_type": 36
      }
   }, 
   {
      "pk": 111, 
      "model": "auth.permission", 
      "fields": {
         "codename": "delete_evaluacion", 
         "name": "Can delete evaluacion", 
         "content_type": 37
      }
   }, 
   {
      "pk": 105, 
      "model": "auth.permission", 
      "fields": {
         "codename": "delete_horario", 
         "name": "Can delete horario", 
         "content_type": 35
      }
   }, 
   {
      "pk": 1, 
      "model": "auth.user", 
      "fields": {
         "username": "admin", 
         "first_name": "", 
         "last_name": "", 
         "is_active": true, 
         "is_superuser": true, 
         "is_staff": true, 
         "last_login": "2009-08-26 14:45:17", 
         "groups": [], 
         "user_permissions": [], 
         "password": "sha1$119f5$b2e7e67dbdae77700f55cc1ebd86737d796be6d4", 
         "email": "admin@admin.com", 
         "date_joined": "2009-08-18 17:42:54"
      }
   }, 
   {
      "pk": 2, 
      "model": "auth.user", 
      "fields": {
         "username": "Profesor", 
         "first_name": "", 
         "last_name": "", 
         "is_active": true, 
         "is_superuser": false, 
         "is_staff": false, 
         "last_login": "2009-08-18 17:50:06", 
         "groups": [], 
         "user_permissions": [], 
         "password": "sha1$9f914$4ee8520c7a1afe3d3fc7c0b19026979af08f95b2", 
         "email": "", 
         "date_joined": "2009-08-18 17:50:06"
      }
   }, 
   {
      "pk": 3, 
      "model": "auth.user", 
      "fields": {
         "username": "NoProfesor", 
         "first_name": "", 
         "last_name": "", 
         "is_active": true, 
         "is_superuser": false, 
         "is_staff": false, 
         "last_login": "2009-08-18 17:50:33", 
         "groups": [], 
         "user_permissions": [], 
         "password": "sha1$31a47$7d6e59473117dbe217053d5f5ed4c8ebc2dd71ee", 
         "email": "", 
         "date_joined": "2009-08-18 17:50:33"
      }
   }, 
   {
      "pk": 4, 
      "model": "auth.user", 
      "fields": {
         "username": "Tutor", 
         "first_name": "", 
         "last_name": "", 
         "is_active": true, 
         "is_superuser": false, 
         "is_staff": false, 
         "last_login": "2009-08-18 17:50:40", 
         "groups": [], 
         "user_permissions": [], 
         "password": "sha1$1e1f3$860e7b70d382912bcd51ae4d60185ffee88cdbc2", 
         "email": "", 
         "date_joined": "2009-08-18 17:50:40"
      }
   }, 
   {
      "pk": 5, 
      "model": "auth.user", 
      "fields": {
         "username": "NoTutor", 
         "first_name": "", 
         "last_name": "", 
         "is_active": true, 
         "is_superuser": false, 
         "is_staff": false, 
         "last_login": "2009-08-18 17:50:46", 
         "groups": [], 
         "user_permissions": [], 
         "password": "sha1$02fce$df9742b6cbb4c78d9f7e4286dd69808be440de15", 
         "email": "", 
         "date_joined": "2009-08-18 17:50:46"
      }
   }, 
   {
      "pk": 6, 
      "model": "auth.user", 
      "fields": {
         "username": "Coordinador", 
         "first_name": "", 
         "last_name": "", 
         "is_active": true, 
         "is_superuser": false, 
         "is_staff": false, 
         "last_login": "2009-08-18 17:50:54", 
         "groups": [], 
         "user_permissions": [], 
         "password": "sha1$b1b3b$9125fc7f487b375d9c450787a863eeceb216ac80", 
         "email": "", 
         "date_joined": "2009-08-18 17:50:54"
      }
   }, 
   {
      "pk": 7, 
      "model": "auth.user", 
      "fields": {
         "username": "NoCoordinador", 
         "first_name": "", 
         "last_name": "", 
         "is_active": true, 
         "is_superuser": false, 
         "is_staff": false, 
         "last_login": "2009-08-18 17:50:59", 
         "groups": [], 
         "user_permissions": [], 
         "password": "sha1$26b3f$ffc88808eb62c3ed16189516a0f9d2fa3ce3279b", 
         "email": "", 
         "date_joined": "2009-08-18 17:50:59"
      }
   }, 
   {
      "pk": 8, 
      "model": "auth.user", 
      "fields": {
         "username": "JefeEstudios", 
         "first_name": "", 
         "last_name": "", 
         "is_active": true, 
         "is_superuser": false, 
         "is_staff": false, 
         "last_login": "2009-08-18 17:51:14", 
         "groups": [], 
         "user_permissions": [], 
         "password": "sha1$d3652$6af7e0f8837af61709bb5cfc68f5d2dae36a6dd4", 
         "email": "", 
         "date_joined": "2009-08-18 17:51:14"
      }
   }, 
   {
      "pk": 9, 
      "model": "auth.user", 
      "fields": {
         "username": "NoJefeEstudios", 
         "first_name": "", 
         "last_name": "", 
         "is_active": true, 
         "is_superuser": false, 
         "is_staff": false, 
         "last_login": "2009-08-18 17:51:25", 
         "groups": [], 
         "user_permissions": [], 
         "password": "sha1$3c137$d52347292e5b1a8cc01eb2d8fe13527423c09728", 
         "email": "", 
         "date_joined": "2009-08-18 17:51:25"
      }
   }, 
   {
      "pk": 10, 
      "model": "auth.user", 
      "fields": {
         "username": "Director", 
         "first_name": "", 
         "last_name": "", 
         "is_active": true, 
         "is_superuser": false, 
         "is_staff": false, 
         "last_login": "2009-08-18 17:53:33", 
         "groups": [], 
         "user_permissions": [], 
         "password": "sha1$94719$8623857b8f9104176f00dc03f65605edd60ac3c6", 
         "email": "", 
         "date_joined": "2009-08-18 17:53:33"
      }
   }, 
   {
      "pk": 11, 
      "model": "auth.user", 
      "fields": {
         "username": "Padre", 
         "first_name": "", 
         "last_name": "", 
         "is_active": true, 
         "is_superuser": false, 
         "is_staff": false, 
         "last_login": "2009-08-21 13:47:25", 
         "groups": [], 
         "user_permissions": [], 
         "password": "sha1$1e316$3cbfb843da8b85cc74d614f9a5dc6d5e66ca6070", 
         "email": "", 
         "date_joined": "2009-08-21 13:47:25"
      }
   }, 
   {
      "pk": 12, 
      "model": "auth.user", 
      "fields": {
         "username": "Madre", 
         "first_name": "", 
         "last_name": "", 
         "is_active": true, 
         "is_superuser": false, 
         "is_staff": false, 
         "last_login": "2009-08-21 13:47:30", 
         "groups": [], 
         "user_permissions": [], 
         "password": "sha1$46e52$d7f8df06f4c88bb0eb4ef91d7fd9de96d247e145", 
         "email": "", 
         "date_joined": "2009-08-21 13:47:30"
      }
   }, 
   {
      "pk": 13, 
      "model": "auth.user", 
      "fields": {
         "username": "PAS", 
         "first_name": "", 
         "last_name": "", 
         "is_active": true, 
         "is_superuser": false, 
         "is_staff": false, 
         "last_login": "2009-08-26 14:45:44", 
         "groups": [], 
         "user_permissions": [], 
         "password": "sha1$34691$bb699e772209bcdafe5df238ac72a65480c09994", 
         "email": "", 
         "date_joined": "2009-08-26 14:45:44"
      }
   }, 
   {
      "pk": 14, 
      "model": "auth.user", 
      "fields": {
         "username": "NoPAS", 
         "first_name": "", 
         "last_name": "", 
         "is_active": true, 
         "is_superuser": false, 
         "is_staff": false, 
         "last_login": "2009-08-26 14:46:10", 
         "groups": [], 
         "user_permissions": [], 
         "password": "sha1$aa601$9e8b65cc1dc18b95caed7b4e635e7af500a3706d", 
         "email": "", 
         "date_joined": "2009-08-26 14:46:10"
      }
   }, 
   {
      "pk": "6ab03e2945bae1a8eb3cc5081a05fcca", 
      "model": "sessions.session", 
      "fields": {
         "expire_date": "2009-09-04 13:42:26", 
         "session_data": "gAJ9cQEoVQ5tZW51QnJlYWRDcnVtYnECXXEDVQ1fYXV0aF91c2VyX2lkcQRLAVUSX2F1dGhfdXNl\ncl9iYWNrZW5kcQVVKWRqYW5nby5jb250cmliLmF1dGguYmFja2VuZHMuTW9kZWxCYWNrZW5kcQZ1\nLjhiMDY5NjdkYzlhYzU4YjFiOTYxMjViMzQxZjExYzk4\n"
      }
   }, 
   {
      "pk": "469deea81bc2d565799f62f495b986d2", 
      "model": "sessions.session", 
      "fields": {
         "expire_date": "2009-09-01 17:43:50", 
         "session_data": "gAJ9cQEoVQ5tZW51QnJlYWRDcnVtYnECXXEDVQ1fYXV0aF91c2VyX2lkcQRLAVUSX2F1dGhfdXNl\ncl9iYWNrZW5kcQVVKWRqYW5nby5jb250cmliLmF1dGguYmFja2VuZHMuTW9kZWxCYWNrZW5kcQZ1\nLjhiMDY5NjdkYzlhYzU4YjFiOTYxMjViMzQxZjExYzk4\n"
      }
   }, 
   {
      "pk": "4c883e116b8084ce93c985bb075df9ad", 
      "model": "sessions.session", 
      "fields": {
         "expire_date": "2009-09-09 14:45:18", 
         "session_data": "gAJ9cQEoVQ5tZW51QnJlYWRDcnVtYnECXXEDVQ1fYXV0aF91c2VyX2lkcQRLAVUSX2F1dGhfdXNl\ncl9iYWNrZW5kcQVVKWRqYW5nby5jb250cmliLmF1dGguYmFja2VuZHMuTW9kZWxCYWNrZW5kcQZ1\nLjhiMDY5NjdkYzlhYzU4YjFiOTYxMjViMzQxZjExYzk4\n"
      }
   }, 
   {
      "pk": 1, 
      "model": "sites.site", 
      "fields": {
         "domain": "example.com", 
         "name": "example.com"
      }
   }, 
   {
      "pk": 74, 
      "model": "admin.logentry", 
      "fields": {
         "action_flag": 1, 
         "action_time": "2009-08-26 14:47:01", 
         "object_repr": "Ca\u00f1on - Audiovisuales", 
         "object_id": "2", 
         "change_message": "", 
         "user": 1, 
         "content_type": 46
      }
   }, 
   {
      "pk": 73, 
      "model": "admin.logentry", 
      "fields": {
         "action_flag": 1, 
         "action_time": "2009-08-26 14:46:50", 
         "object_repr": "Proyector - Audiovisuales", 
         "object_id": "1", 
         "change_message": "", 
         "user": 1, 
         "content_type": 46
      }
   }, 
   {
      "pk": 72, 
      "model": "admin.logentry", 
      "fields": {
         "action_flag": 1, 
         "action_time": "2009-08-26 14:46:25", 
         "object_repr": "Pas object", 
         "object_id": "2", 
         "change_message": "", 
         "user": 1, 
         "content_type": 42
      }
   }, 
   {
      "pk": 71, 
      "model": "admin.logentry", 
      "fields": {
         "action_flag": 1, 
         "action_time": "2009-08-26 14:46:22", 
         "object_repr": "Pas object", 
         "object_id": "1", 
         "change_message": "", 
         "user": 1, 
         "content_type": 42
      }
   }, 
   {
      "pk": 70, 
      "model": "admin.logentry", 
      "fields": {
         "action_flag": 1, 
         "action_time": "2009-08-26 14:46:13", 
         "object_repr": "Sra. NoPAS NoPAS", 
         "object_id": "17", 
         "change_message": "", 
         "user": 1, 
         "content_type": 71
      }
   }, 
   {
      "pk": 69, 
      "model": "admin.logentry", 
      "fields": {
         "action_flag": 1, 
         "action_time": "2009-08-26 14:46:10", 
         "object_repr": "NoPAS", 
         "object_id": "14", 
         "change_message": "", 
         "user": 1, 
         "content_type": 3
      }
   }, 
   {
      "pk": 68, 
      "model": "admin.logentry", 
      "fields": {
         "action_flag": 1, 
         "action_time": "2009-08-26 14:45:48", 
         "object_repr": "Sr. PAS PAS", 
         "object_id": "16", 
         "change_message": "", 
         "user": 1, 
         "content_type": 71
      }
   }, 
   {
      "pk": 67, 
      "model": "admin.logentry", 
      "fields": {
         "action_flag": 1, 
         "action_time": "2009-08-26 14:45:44", 
         "object_repr": "PAS", 
         "object_id": "13", 
         "change_message": "", 
         "user": 1, 
         "content_type": 3
      }
   }, 
   {
      "pk": 66, 
      "model": "admin.logentry", 
      "fields": {
         "action_flag": 1, 
         "action_time": "2009-08-21 13:56:56", 
         "object_repr": "Alumno Alumno--Matematicas--1er Curso Ciclo: 1er Ciclo Nivel: Primaria 2009 A", 
         "object_id": "1", 
         "change_message": "", 
         "user": 1, 
         "content_type": 17
      }
   }, 
   {
      "pk": 65, 
      "model": "admin.logentry", 
      "fields": {
         "action_flag": 1, 
         "action_time": "2009-08-21 13:48:41", 
         "object_repr": "Alumno Alumno", 
         "object_id": "1", 
         "change_message": "", 
         "user": 1, 
         "content_type": 12
      }
   }, 
   {
      "pk": 64, 
      "model": "admin.logentry", 
      "fields": {
         "action_flag": 1, 
         "action_time": "2009-08-21 13:48:30", 
         "object_repr": "Madre Madre", 
         "object_id": "2", 
         "change_message": "", 
         "user": 1, 
         "content_type": 44
      }
   }, 
   {
      "pk": 63, 
      "model": "admin.logentry", 
      "fields": {
         "action_flag": 1, 
         "action_time": "2009-08-21 13:48:23", 
         "object_repr": "Padre Padre", 
         "object_id": "1", 
         "change_message": "", 
         "user": 1, 
         "content_type": 44
      }
   }, 
   {
      "pk": 62, 
      "model": "admin.logentry", 
      "fields": {
         "action_flag": 1, 
         "action_time": "2009-08-21 13:48:02", 
         "object_repr": "Sra. Madre Madre", 
         "object_id": "15", 
         "change_message": "", 
         "user": 1, 
         "content_type": 70
      }
   }, 
   {
      "pk": 61, 
      "model": "admin.logentry", 
      "fields": {
         "action_flag": 1, 
         "action_time": "2009-08-21 13:47:46", 
         "object_repr": "Sr. Padre Padre", 
         "object_id": "14", 
         "change_message": "", 
         "user": 1, 
         "content_type": 70
      }
   }, 
   {
      "pk": 60, 
      "model": "admin.logentry", 
      "fields": {
         "action_flag": 1, 
         "action_time": "2009-08-21 13:47:30", 
         "object_repr": "Madre", 
         "object_id": "12", 
         "change_message": "", 
         "user": 1, 
         "content_type": 3
      }
   }, 
   {
      "pk": 59, 
      "model": "admin.logentry", 
      "fields": {
         "action_flag": 1, 
         "action_time": "2009-08-21 13:47:25", 
         "object_repr": "Padre", 
         "object_id": "11", 
         "change_message": "", 
         "user": 1, 
         "content_type": 3
      }
   }, 
   {
      "pk": 58, 
      "model": "admin.logentry", 
      "fields": {
         "action_flag": 2, 
         "action_time": "2009-08-18 20:51:09", 
         "object_repr": "Quimica", 
         "object_id": "2", 
         "change_message": "Modificado\/a nombreCorto y nombreLargo.", 
         "user": 1, 
         "content_type": 9
      }
   }, 
   {
      "pk": 57, 
      "model": "admin.logentry", 
      "fields": {
         "action_flag": 1, 
         "action_time": "2009-08-18 20:39:13", 
         "object_repr": "Qu\u00edmica", 
         "object_id": "2", 
         "change_message": "", 
         "user": 1, 
         "content_type": 9
      }
   }, 
   {
      "pk": 56, 
      "model": "admin.logentry", 
      "fields": {
         "action_flag": 1, 
         "action_time": "2009-08-18 20:19:08", 
         "object_repr": "NoJefeEstudios NoJefeEstudios", 
         "object_id": "2", 
         "change_message": "", 
         "user": 1, 
         "content_type": 20
      }
   }, 
   {
      "pk": 55, 
      "model": "admin.logentry", 
      "fields": {
         "action_flag": 1, 
         "action_time": "2009-08-18 20:19:06", 
         "object_repr": "Secundaria 2009", 
         "object_id": "2", 
         "change_message": "", 
         "user": 1, 
         "content_type": 18
      }
   }, 
   {
      "pk": 54, 
      "model": "admin.logentry", 
      "fields": {
         "action_flag": 1, 
         "action_time": "2009-08-18 20:18:52", 
         "object_repr": "JefeEstudios JefeEstudios", 
         "object_id": "1", 
         "change_message": "", 
         "user": 1, 
         "content_type": 20
      }
   }, 
   {
      "pk": 53, 
      "model": "admin.logentry", 
      "fields": {
         "action_flag": 1, 
         "action_time": "2009-08-18 18:55:47", 
         "object_repr": "NoTutor NoTutor", 
         "object_id": "2", 
         "change_message": "", 
         "user": 1, 
         "content_type": 69
      }
   }, 
   {
      "pk": 52, 
      "model": "admin.logentry", 
      "fields": {
         "action_flag": 1, 
         "action_time": "2009-08-18 18:55:41", 
         "object_repr": "Tutor Tutor", 
         "object_id": "1", 
         "change_message": "", 
         "user": 1, 
         "content_type": 69
      }
   }, 
   {
      "pk": 51, 
      "model": "admin.logentry", 
      "fields": {
         "action_flag": 1, 
         "action_time": "2009-08-18 18:36:37", 
         "object_repr": "director", 
         "object_id": "1", 
         "change_message": "", 
         "user": 1, 
         "content_type": 68
      }
   }, 
   {
      "pk": 50, 
      "model": "admin.logentry", 
      "fields": {
         "action_flag": 1, 
         "action_time": "2009-08-18 18:35:30", 
         "object_repr": "NoCoordinador", 
         "object_id": "2", 
         "change_message": "", 
         "user": 1, 
         "content_type": 24
      }
   }, 
   {
      "pk": 49, 
      "model": "admin.logentry", 
      "fields": {
         "action_flag": 1, 
         "action_time": "2009-08-18 18:35:27", 
         "object_repr": "2\u00ba Ciclo", 
         "object_id": "2", 
         "change_message": "", 
         "user": 1, 
         "content_type": 13
      }
   }, 
   {
      "pk": 48, 
      "model": "admin.logentry", 
      "fields": {
         "action_flag": 1, 
         "action_time": "2009-08-18 18:35:05", 
         "object_repr": "Coordinador", 
         "object_id": "1", 
         "change_message": "", 
         "user": 1, 
         "content_type": 24
      }
   }, 
   {
      "pk": 45, 
      "model": "admin.logentry", 
      "fields": {
         "action_flag": 3, 
         "action_time": "2009-08-18 18:03:35", 
         "object_repr": "NoCoordinador", 
         "object_id": "3", 
         "change_message": "", 
         "user": 1, 
         "content_type": 24
      }
   }, 
   {
      "pk": 46, 
      "model": "admin.logentry", 
      "fields": {
         "action_flag": 3, 
         "action_time": "2009-08-18 18:03:35", 
         "object_repr": "Coordinador", 
         "object_id": "2", 
         "change_message": "", 
         "user": 1, 
         "content_type": 24
      }
   }, 
   {
      "pk": 47, 
      "model": "admin.logentry", 
      "fields": {
         "action_flag": 3, 
         "action_time": "2009-08-18 18:03:35", 
         "object_repr": "Coordinador", 
         "object_id": "1", 
         "change_message": "", 
         "user": 1, 
         "content_type": 24
      }
   }, 
   {
      "pk": 44, 
      "model": "admin.logentry", 
      "fields": {
         "action_flag": 1, 
         "action_time": "2009-08-18 18:02:18", 
         "object_repr": "NoCoordinador", 
         "object_id": "3", 
         "change_message": "", 
         "user": 1, 
         "content_type": 24
      }
   }, 
   {
      "pk": 43, 
      "model": "admin.logentry", 
      "fields": {
         "action_flag": 1, 
         "action_time": "2009-08-18 18:02:15", 
         "object_repr": "Coordinador", 
         "object_id": "2", 
         "change_message": "", 
         "user": 1, 
         "content_type": 24
      }
   }, 
   {
      "pk": 42, 
      "model": "admin.logentry", 
      "fields": {
         "action_flag": 1, 
         "action_time": "2009-08-18 18:02:10", 
         "object_repr": "Coordinador", 
         "object_id": "1", 
         "change_message": "", 
         "user": 1, 
         "content_type": 24
      }
   }, 
   {
      "pk": 40, 
      "model": "admin.logentry", 
      "fields": {
         "action_flag": 1, 
         "action_time": "2009-08-18 18:00:53", 
         "object_repr": "1er CursoB", 
         "object_id": "2", 
         "change_message": "", 
         "user": 1, 
         "content_type": 15
      }
   }, 
   {
      "pk": 38, 
      "model": "admin.logentry", 
      "fields": {
         "action_flag": 1, 
         "action_time": "2009-08-18 18:00:26", 
         "object_repr": "Director Director", 
         "object_id": "9", 
         "change_message": "", 
         "user": 1, 
         "content_type": 16
      }
   }, 
   {
      "pk": 37, 
      "model": "admin.logentry", 
      "fields": {
         "action_flag": 1, 
         "action_time": "2009-08-18 18:00:19", 
         "object_repr": "NoJefeEstudios NoJefeEstudios", 
         "object_id": "8", 
         "change_message": "", 
         "user": 1, 
         "content_type": 16
      }
   }, 
   {
      "pk": 36, 
      "model": "admin.logentry", 
      "fields": {
         "action_flag": 1, 
         "action_time": "2009-08-18 18:00:15", 
         "object_repr": "JefeEstudios JefeEstudios", 
         "object_id": "7", 
         "change_message": "", 
         "user": 1, 
         "content_type": 16
      }
   }, 
   {
      "pk": 35, 
      "model": "admin.logentry", 
      "fields": {
         "action_flag": 1, 
         "action_time": "2009-08-18 18:00:12", 
         "object_repr": "NoCoordinador NoCoordinador", 
         "object_id": "6", 
         "change_message": "", 
         "user": 1, 
         "content_type": 16
      }
   }, 
   {
      "pk": 34, 
      "model": "admin.logentry", 
      "fields": {
         "action_flag": 1, 
         "action_time": "2009-08-18 18:00:09", 
         "object_repr": "Coordinador Coordinador", 
         "object_id": "5", 
         "change_message": "", 
         "user": 1, 
         "content_type": 16
      }
   }, 
   {
      "pk": 33, 
      "model": "admin.logentry", 
      "fields": {
         "action_flag": 1, 
         "action_time": "2009-08-18 18:00:06", 
         "object_repr": "NoTutor NoTutor", 
         "object_id": "4", 
         "change_message": "", 
         "user": 1, 
         "content_type": 16
      }
   }, 
   {
      "pk": 32, 
      "model": "admin.logentry", 
      "fields": {
         "action_flag": 1, 
         "action_time": "2009-08-18 18:00:04", 
         "object_repr": "Tutor Tutor", 
         "object_id": "3", 
         "change_message": "", 
         "user": 1, 
         "content_type": 16
      }
   }, 
   {
      "pk": 31, 
      "model": "admin.logentry", 
      "fields": {
         "action_flag": 1, 
         "action_time": "2009-08-18 17:59:58", 
         "object_repr": "NoProfesor NoProfesor", 
         "object_id": "2", 
         "change_message": "", 
         "user": 1, 
         "content_type": 16
      }
   }, 
   {
      "pk": 30, 
      "model": "admin.logentry", 
      "fields": {
         "action_flag": 1, 
         "action_time": "2009-08-18 17:59:42", 
         "object_repr": "Dia: 1 Hora: Primera Profesor: Profesor", 
         "object_id": "1", 
         "change_message": "", 
         "user": 1, 
         "content_type": 35
      }
   }, 
   {
      "pk": 29, 
      "model": "admin.logentry", 
      "fields": {
         "action_flag": 1, 
         "action_time": "2009-08-18 17:59:37", 
         "object_repr": "Profesor Profesor", 
         "object_id": "1", 
         "change_message": "", 
         "user": 1, 
         "content_type": 16
      }
   }, 
   {
      "pk": 28, 
      "model": "admin.logentry", 
      "fields": {
         "action_flag": 1, 
         "action_time": "2009-08-18 17:58:57", 
         "object_repr": "1er CursoA", 
         "object_id": "1", 
         "change_message": "", 
         "user": 1, 
         "content_type": 15
      }
   }, 
   {
      "pk": 27, 
      "model": "admin.logentry", 
      "fields": {
         "action_flag": 1, 
         "action_time": "2009-08-18 17:57:29", 
         "object_repr": "1er Curso", 
         "object_id": "1", 
         "change_message": "", 
         "user": 1, 
         "content_type": 14
      }
   }, 
   {
      "pk": 26, 
      "model": "admin.logentry", 
      "fields": {
         "action_flag": 1, 
         "action_time": "2009-08-18 17:57:23", 
         "object_repr": "1er Ciclo", 
         "object_id": "1", 
         "change_message": "", 
         "user": 1, 
         "content_type": 13
      }
   }, 
   {
      "pk": 25, 
      "model": "admin.logentry", 
      "fields": {
         "action_flag": 1, 
         "action_time": "2009-08-18 17:57:00", 
         "object_repr": "Matematicas", 
         "object_id": "1", 
         "change_message": "", 
         "user": 1, 
         "content_type": 9
      }
   }, 
   {
      "pk": 24, 
      "model": "admin.logentry", 
      "fields": {
         "action_flag": 1, 
         "action_time": "2009-08-18 17:56:48", 
         "object_repr": "Primera (10:00 - 11:00) 2009", 
         "object_id": "1", 
         "change_message": "", 
         "user": 1, 
         "content_type": 34
      }
   }, 
   {
      "pk": 23, 
      "model": "admin.logentry", 
      "fields": {
         "action_flag": 1, 
         "action_time": "2009-08-18 17:56:47", 
         "object_repr": "Primaria 2009", 
         "object_id": "1", 
         "change_message": "", 
         "user": 1, 
         "content_type": 23
      }
   }, 
   {
      "pk": 22, 
      "model": "admin.logentry", 
      "fields": {
         "action_flag": 1, 
         "action_time": "2009-08-18 17:55:51", 
         "object_repr": "Sr. Director Director", 
         "object_id": "13", 
         "change_message": "", 
         "user": 1, 
         "content_type": 66
      }
   }, 
   {
      "pk": 21, 
      "model": "admin.logentry", 
      "fields": {
         "action_flag": 1, 
         "action_time": "2009-08-18 17:55:38", 
         "object_repr": "Sr. NoJefeEstudios NoJefeEstudios", 
         "object_id": "12", 
         "change_message": "", 
         "user": 1, 
         "content_type": 66
      }
   }, 
   {
      "pk": 20, 
      "model": "admin.logentry", 
      "fields": {
         "action_flag": 1, 
         "action_time": "2009-08-18 17:55:22", 
         "object_repr": "Sr. JefeEstudios JefeEstudios", 
         "object_id": "11", 
         "change_message": "", 
         "user": 1, 
         "content_type": 66
      }
   }, 
   {
      "pk": 19, 
      "model": "admin.logentry", 
      "fields": {
         "action_flag": 1, 
         "action_time": "2009-08-18 17:55:09", 
         "object_repr": "Sr. NoCoordinador NoCoordinador", 
         "object_id": "10", 
         "change_message": "", 
         "user": 1, 
         "content_type": 66
      }
   }, 
   {
      "pk": 18, 
      "model": "admin.logentry", 
      "fields": {
         "action_flag": 1, 
         "action_time": "2009-08-18 17:54:54", 
         "object_repr": "Sr. Coordinador Coordinador", 
         "object_id": "9", 
         "change_message": "", 
         "user": 1, 
         "content_type": 66
      }
   }, 
   {
      "pk": 17, 
      "model": "admin.logentry", 
      "fields": {
         "action_flag": 1, 
         "action_time": "2009-08-18 17:54:42", 
         "object_repr": "Sr. NoTutor NoTutor", 
         "object_id": "8", 
         "change_message": "", 
         "user": 1, 
         "content_type": 66
      }
   }, 
   {
      "pk": 16, 
      "model": "admin.logentry", 
      "fields": {
         "action_flag": 1, 
         "action_time": "2009-08-18 17:54:25", 
         "object_repr": "Sr. Tutor Tutor", 
         "object_id": "7", 
         "change_message": "", 
         "user": 1, 
         "content_type": 66
      }
   }, 
   {
      "pk": 15, 
      "model": "admin.logentry", 
      "fields": {
         "action_flag": 1, 
         "action_time": "2009-08-18 17:54:13", 
         "object_repr": "Sra. NoProfesor NoProfesor", 
         "object_id": "6", 
         "change_message": "", 
         "user": 1, 
         "content_type": 66
      }
   }, 
   {
      "pk": 14, 
      "model": "admin.logentry", 
      "fields": {
         "action_flag": 1, 
         "action_time": "2009-08-18 17:53:56", 
         "object_repr": "Sr. Profesor Profesor", 
         "object_id": "5", 
         "change_message": "", 
         "user": 1, 
         "content_type": 66
      }
   }, 
   {
      "pk": 13, 
      "model": "admin.logentry", 
      "fields": {
         "action_flag": 1, 
         "action_time": "2009-08-18 17:53:33", 
         "object_repr": "Director", 
         "object_id": "10", 
         "change_message": "", 
         "user": 1, 
         "content_type": 3
      }
   }, 
   {
      "pk": 12, 
      "model": "admin.logentry", 
      "fields": {
         "action_flag": 1, 
         "action_time": "2009-08-18 17:52:55", 
         "object_repr": "Sra. Madre Madre", 
         "object_id": "4", 
         "change_message": "", 
         "user": 1, 
         "content_type": 64
      }
   }, 
   {
      "pk": 11, 
      "model": "admin.logentry", 
      "fields": {
         "action_flag": 1, 
         "action_time": "2009-08-18 17:52:40", 
         "object_repr": "Sr. Padre Padre", 
         "object_id": "3", 
         "change_message": "", 
         "user": 1, 
         "content_type": 64
      }
   }, 
   {
      "pk": 10, 
      "model": "admin.logentry", 
      "fields": {
         "action_flag": 1, 
         "action_time": "2009-08-18 17:52:29", 
         "object_repr": "Sr. Alumno Alumno", 
         "object_id": "2", 
         "change_message": "", 
         "user": 1, 
         "content_type": 64
      }
   }, 
   {
      "pk": 9, 
      "model": "admin.logentry", 
      "fields": {
         "action_flag": 1, 
         "action_time": "2009-08-18 17:51:25", 
         "object_repr": "NoJefeEstudios", 
         "object_id": "9", 
         "change_message": "", 
         "user": 1, 
         "content_type": 3
      }
   }, 
   {
      "pk": 8, 
      "model": "admin.logentry", 
      "fields": {
         "action_flag": 1, 
         "action_time": "2009-08-18 17:51:14", 
         "object_repr": "JefeEstudios", 
         "object_id": "8", 
         "change_message": "", 
         "user": 1, 
         "content_type": 3
      }
   }, 
   {
      "pk": 7, 
      "model": "admin.logentry", 
      "fields": {
         "action_flag": 1, 
         "action_time": "2009-08-18 17:50:59", 
         "object_repr": "NoCoordinador", 
         "object_id": "7", 
         "change_message": "", 
         "user": 1, 
         "content_type": 3
      }
   }, 
   {
      "pk": 6, 
      "model": "admin.logentry", 
      "fields": {
         "action_flag": 1, 
         "action_time": "2009-08-18 17:50:54", 
         "object_repr": "Coordinador", 
         "object_id": "6", 
         "change_message": "", 
         "user": 1, 
         "content_type": 3
      }
   }, 
   {
      "pk": 5, 
      "model": "admin.logentry", 
      "fields": {
         "action_flag": 1, 
         "action_time": "2009-08-18 17:50:46", 
         "object_repr": "NoTutor", 
         "object_id": "5", 
         "change_message": "", 
         "user": 1, 
         "content_type": 3
      }
   }, 
   {
      "pk": 4, 
      "model": "admin.logentry", 
      "fields": {
         "action_flag": 1, 
         "action_time": "2009-08-18 17:50:40", 
         "object_repr": "Tutor", 
         "object_id": "4", 
         "change_message": "", 
         "user": 1, 
         "content_type": 3
      }
   }, 
   {
      "pk": 3, 
      "model": "admin.logentry", 
      "fields": {
         "action_flag": 1, 
         "action_time": "2009-08-18 17:50:33", 
         "object_repr": "NoProfesor", 
         "object_id": "3", 
         "change_message": "", 
         "user": 1, 
         "content_type": 3
      }
   }, 
   {
      "pk": 2, 
      "model": "admin.logentry", 
      "fields": {
         "action_flag": 2, 
         "action_time": "2009-08-18 17:50:25", 
         "object_repr": "Profesor", 
         "object_id": "2", 
         "change_message": "Modificado\/a username.", 
         "user": 1, 
         "content_type": 3
      }
   }, 
   {
      "pk": 1, 
      "model": "admin.logentry", 
      "fields": {
         "action_flag": 1, 
         "action_time": "2009-08-18 17:50:06", 
         "object_repr": "Alumno", 
         "object_id": "2", 
         "change_message": "", 
         "user": 1, 
         "content_type": 3
      }
   }, 
   {
      "pk": 1, 
      "model": "docencia.alumno", 
      "fields": {
         "persona": 2, 
         "padre": 1, 
         "cial": "", 
         "potestadPadre": true, 
         "madre": 2, 
         "potestadMadre": false
      }
   }, 
   {
      "pk": 1, 
      "model": "docencia.asignatura", 
      "fields": {
         "metaAsignatura": false, 
         "nombreLargo": "Matematicas", 
         "nombreCorto": "Matematicas", 
         "abreviatura": ""
      }
   }, 
   {
      "pk": 2, 
      "model": "docencia.asignatura", 
      "fields": {
         "metaAsignatura": false, 
         "nombreLargo": "Quimica", 
         "nombreCorto": "Quimica", 
         "abreviatura": ""
      }
   }, 
   {
      "pk": 1, 
      "model": "docencia.ciclo", 
      "fields": {
         "nombre": "1er Ciclo", 
         "jornada_continua": false, 
         "nivel": 1
      }
   }, 
   {
      "pk": 2, 
      "model": "docencia.ciclo", 
      "fields": {
         "nombre": "2\u00ba Ciclo", 
         "jornada_continua": false, 
         "nivel": 1
      }
   }, 
   {
      "pk": 1, 
      "model": "docencia.curso", 
      "fields": {
         "nombre": "1er Curso", 
         "ciclo": 1
      }
   }, 
   {
      "pk": 1, 
      "model": "docencia.grupoaula", 
      "fields": {
         "curso": 1, 
         "seccion": "A"
      }
   }, 
   {
      "pk": 2, 
      "model": "docencia.grupoaula", 
      "fields": {
         "curso": 1, 
         "seccion": "B"
      }
   }, 
   {
      "pk": 1, 
      "model": "docencia.profesor", 
      "fields": {
         "persona": 5
      }
   }, 
   {
      "pk": 2, 
      "model": "docencia.profesor", 
      "fields": {
         "persona": 6
      }
   }, 
   {
      "pk": 3, 
      "model": "docencia.profesor", 
      "fields": {
         "persona": 7
      }
   }, 
   {
      "pk": 4, 
      "model": "docencia.profesor", 
      "fields": {
         "persona": 8
      }
   }, 
   {
      "pk": 5, 
      "model": "docencia.profesor", 
      "fields": {
         "persona": 9
      }
   }, 
   {
      "pk": 6, 
      "model": "docencia.profesor", 
      "fields": {
         "persona": 10
      }
   }, 
   {
      "pk": 7, 
      "model": "docencia.profesor", 
      "fields": {
         "persona": 11
      }
   }, 
   {
      "pk": 8, 
      "model": "docencia.profesor", 
      "fields": {
         "persona": 12
      }
   }, 
   {
      "pk": 9, 
      "model": "docencia.profesor", 
      "fields": {
         "persona": 13
      }
   }, 
   {
      "pk": 1, 
      "model": "docencia.grupoaulaalumno", 
      "fields": {
         "alumno": 1, 
         "grupo": 1
      }
   }, 
   {
      "pk": 1, 
      "model": "docencia.matricula", 
      "fields": {
         "asignatura": 1, 
         "grupo_aula_alumno": 1, 
         "tipo": "N"
      }
   }, 
   {
      "pk": 1, 
      "model": "docencia.nivel", 
      "fields": {
         "nombre": "Primaria", 
         "cursoEscolar": 2009
      }
   }, 
   {
      "pk": 2, 
      "model": "docencia.nivel", 
      "fields": {
         "nombre": "Secundaria", 
         "cursoEscolar": 2009
      }
   }, 
   {
      "pk": 1, 
      "model": "docencia.coordinadorciclo", 
      "fields": {
         "profesor": 5, 
         "ciclo": 1
      }
   }, 
   {
      "pk": 2, 
      "model": "docencia.coordinadorciclo", 
      "fields": {
         "profesor": 6, 
         "ciclo": 2
      }
   }, 
   {
      "pk": 1, 
      "model": "docencia.jefeestudios", 
      "fields": {
         "nivel": 1, 
         "profesor": 7
      }
   }, 
   {
      "pk": 2, 
      "model": "docencia.jefeestudios", 
      "fields": {
         "nivel": 2, 
         "profesor": 8
      }
   }, 
   {
      "pk": 1, 
      "model": "horarios.hora", 
      "fields": {
         "nivel": 1, 
         "denominacion": "Primera", 
         "horaFin": "11:00:00", 
         "horaInicio": "10:00:00"
      }
   }, 
   {
      "pk": 1, 
      "model": "horarios.horario", 
      "fields": {
         "hora": 1, 
         "profesor": 1, 
         "asignatura": 1, 
         "grupo": 1, 
         "diaSemana": 1
      }
   }, 
   {
      "pk": 1, 
      "model": "tutoria.tutor", 
      "fields": {
         "profesor": 3, 
         "grupo": 1
      }
   }, 
   {
      "pk": 2, 
      "model": "tutoria.tutor", 
      "fields": {
         "profesor": 4, 
         "grupo": 2
      }
   }, 
   {
      "pk": 1, 
      "model": "pas.pas", 
      "fields": {
         "persona": 16
      }
   }, 
   {
      "pk": 2, 
      "model": "pas.pas", 
      "fields": {
         "persona": 17
      }
   }, 
   {
      "pk": 1, 
      "model": "padres.padre", 
      "fields": {
         "difunto": false, 
         "notificarSms": false, 
         "persona": 14, 
         "verificado": null, 
         "notificarEmail": false
      }
   }, 
   {
      "pk": 2, 
      "model": "padres.padre", 
      "fields": {
         "difunto": false, 
         "notificarSms": false, 
         "persona": 15, 
         "verificado": null, 
         "notificarEmail": false
      }
   }, 
   {
      "pk": 1, 
      "model": "recursos.recurso", 
      "fields": {
         "descripcion": "Proyector", 
         "actualmenteDisponible": true, 
         "tipo": 3
      }
   }, 
   {
      "pk": 2, 
      "model": "recursos.recurso", 
      "fields": {
         "descripcion": "Canon", 
         "actualmenteDisponible": false, 
         "tipo": 3
      }
   }, 
   {
      "pk": 1, 
      "model": "addressbook.persona", 
      "fields": {
         "fecha_nacimiento": null, 
         "tipo_documento_identificacion": 10, 
         "observaciones": null, 
         "sexo": true, 
         "apellidos": "de los palotes", 
         "documento_identificacion": null, 
         "lugar_nacimiento": null, 
         "nombre": "perico", 
         "nacionalidad": null, 
         "tratamiento": null
      }
   }, 
   {
      "pk": 2, 
      "model": "addressbook.persona", 
      "fields": {
         "fecha_nacimiento": null, 
         "tipo_documento_identificacion": 10, 
         "observaciones": "", 
         "sexo": true, 
         "apellidos": "Alumno", 
         "documento_identificacion": "87654676t", 
         "lugar_nacimiento": "", 
         "nombre": "Alumno", 
         "nacionalidad": "", 
         "tratamiento": 0
      }
   }, 
   {
      "pk": 3, 
      "model": "addressbook.persona", 
      "fields": {
         "fecha_nacimiento": null, 
         "tipo_documento_identificacion": 10, 
         "observaciones": "", 
         "sexo": true, 
         "apellidos": "Padre", 
         "documento_identificacion": "87916546842O", 
         "lugar_nacimiento": "", 
         "nombre": "Padre", 
         "nacionalidad": "", 
         "tratamiento": 0
      }
   }, 
   {
      "pk": 4, 
      "model": "addressbook.persona", 
      "fields": {
         "fecha_nacimiento": null, 
         "tipo_documento_identificacion": 10, 
         "observaciones": "", 
         "sexo": true, 
         "apellidos": "Madre", 
         "documento_identificacion": "98765165496R", 
         "lugar_nacimiento": "", 
         "nombre": "Madre", 
         "nacionalidad": "", 
         "tratamiento": 1
      }
   }, 
   {
      "pk": 5, 
      "model": "addressbook.persona", 
      "fields": {
         "fecha_nacimiento": null, 
         "tipo_documento_identificacion": 10, 
         "observaciones": "", 
         "sexo": true, 
         "apellidos": "Profesor", 
         "documento_identificacion": "7987651516r", 
         "lugar_nacimiento": "", 
         "nombre": "Profesor", 
         "nacionalidad": "", 
         "tratamiento": 0
      }
   }, 
   {
      "pk": 6, 
      "model": "addressbook.persona", 
      "fields": {
         "fecha_nacimiento": null, 
         "tipo_documento_identificacion": 10, 
         "observaciones": "", 
         "sexo": true, 
         "apellidos": "NoProfesor", 
         "documento_identificacion": "4976547r", 
         "lugar_nacimiento": "", 
         "nombre": "NoProfesor", 
         "nacionalidad": "", 
         "tratamiento": 1
      }
   }, 
   {
      "pk": 7, 
      "model": "addressbook.persona", 
      "fields": {
         "fecha_nacimiento": null, 
         "tipo_documento_identificacion": 10, 
         "observaciones": "", 
         "sexo": true, 
         "apellidos": "Tutor", 
         "documento_identificacion": "79846516019D", 
         "lugar_nacimiento": "", 
         "nombre": "Tutor", 
         "nacionalidad": "", 
         "tratamiento": 0
      }
   }, 
   {
      "pk": 8, 
      "model": "addressbook.persona", 
      "fields": {
         "fecha_nacimiento": null, 
         "tipo_documento_identificacion": 10, 
         "observaciones": "", 
         "sexo": true, 
         "apellidos": "NoTutor", 
         "documento_identificacion": "9875316546d", 
         "lugar_nacimiento": "", 
         "nombre": "NoTutor", 
         "nacionalidad": "", 
         "tratamiento": 0
      }
   }, 
   {
      "pk": 9, 
      "model": "addressbook.persona", 
      "fields": {
         "fecha_nacimiento": null, 
         "tipo_documento_identificacion": 10, 
         "observaciones": "", 
         "sexo": true, 
         "apellidos": "Coordinador", 
         "documento_identificacion": "6231649687r", 
         "lugar_nacimiento": "", 
         "nombre": "Coordinador", 
         "nacionalidad": "", 
         "tratamiento": 0
      }
   }, 
   {
      "pk": 10, 
      "model": "addressbook.persona", 
      "fields": {
         "fecha_nacimiento": null, 
         "tipo_documento_identificacion": 10, 
         "observaciones": "", 
         "sexo": true, 
         "apellidos": "NoCoordinador", 
         "documento_identificacion": "134145245s", 
         "lugar_nacimiento": "", 
         "nombre": "NoCoordinador", 
         "nacionalidad": "", 
         "tratamiento": 0
      }
   }, 
   {
      "pk": 11, 
      "model": "addressbook.persona", 
      "fields": {
         "fecha_nacimiento": null, 
         "tipo_documento_identificacion": 10, 
         "observaciones": "", 
         "sexo": true, 
         "apellidos": "JefeEstudios", 
         "documento_identificacion": "654987654a", 
         "lugar_nacimiento": "", 
         "nombre": "JefeEstudios", 
         "nacionalidad": "", 
         "tratamiento": 0
      }
   }, 
   {
      "pk": 12, 
      "model": "addressbook.persona", 
      "fields": {
         "fecha_nacimiento": null, 
         "tipo_documento_identificacion": 10, 
         "observaciones": "", 
         "sexo": true, 
         "apellidos": "NoJefeEstudios", 
         "documento_identificacion": "9835464661a", 
         "lugar_nacimiento": "", 
         "nombre": "NoJefeEstudios", 
         "nacionalidad": "", 
         "tratamiento": 0
      }
   }, 
   {
      "pk": 13, 
      "model": "addressbook.persona", 
      "fields": {
         "fecha_nacimiento": null, 
         "tipo_documento_identificacion": 10, 
         "observaciones": "", 
         "sexo": true, 
         "apellidos": "Director", 
         "documento_identificacion": "1453763456d", 
         "lugar_nacimiento": "", 
         "nombre": "Director", 
         "nacionalidad": "", 
         "tratamiento": 0
      }
   }, 
   {
      "pk": 14, 
      "model": "addressbook.persona", 
      "fields": {
         "fecha_nacimiento": null, 
         "tipo_documento_identificacion": 10, 
         "observaciones": "", 
         "sexo": true, 
         "apellidos": "Padre", 
         "documento_identificacion": "47984r", 
         "lugar_nacimiento": "", 
         "nombre": "Padre", 
         "nacionalidad": "", 
         "tratamiento": 0
      }
   }, 
   {
      "pk": 15, 
      "model": "addressbook.persona", 
      "fields": {
         "fecha_nacimiento": null, 
         "tipo_documento_identificacion": 10, 
         "observaciones": "", 
         "sexo": true, 
         "apellidos": "Madre", 
         "documento_identificacion": "266494616454V", 
         "lugar_nacimiento": "", 
         "nombre": "Madre", 
         "nacionalidad": "", 
         "tratamiento": 1
      }
   }, 
   {
      "pk": 16, 
      "model": "addressbook.persona", 
      "fields": {
         "fecha_nacimiento": null, 
         "tipo_documento_identificacion": 10, 
         "observaciones": "", 
         "sexo": true, 
         "apellidos": "PAS", 
         "documento_identificacion": "545684651616R", 
         "lugar_nacimiento": "", 
         "nombre": "PAS", 
         "nacionalidad": "", 
         "tratamiento": 0
      }
   }, 
   {
      "pk": 17, 
      "model": "addressbook.persona", 
      "fields": {
         "fecha_nacimiento": null, 
         "tipo_documento_identificacion": 10, 
         "observaciones": "", 
         "sexo": false, 
         "apellidos": "NoPAS", 
         "documento_identificacion": "79816562T", 
         "lugar_nacimiento": "", 
         "nombre": "NoPAS", 
         "nacionalidad": "", 
         "tratamiento": 1
      }
   }, 
   {
      "pk": 5, 
      "model": "addressbook.personaperfil", 
      "fields": {
         "user": 2
      }
   }, 
   {
      "pk": 6, 
      "model": "addressbook.personaperfil", 
      "fields": {
         "user": 3
      }
   }, 
   {
      "pk": 7, 
      "model": "addressbook.personaperfil", 
      "fields": {
         "user": 4
      }
   }, 
   {
      "pk": 8, 
      "model": "addressbook.personaperfil", 
      "fields": {
         "user": 5
      }
   }, 
   {
      "pk": 9, 
      "model": "addressbook.personaperfil", 
      "fields": {
         "user": 6
      }
   }, 
   {
      "pk": 10, 
      "model": "addressbook.personaperfil", 
      "fields": {
         "user": 7
      }
   }, 
   {
      "pk": 11, 
      "model": "addressbook.personaperfil", 
      "fields": {
         "user": 8
      }
   }, 
   {
      "pk": 12, 
      "model": "addressbook.personaperfil", 
      "fields": {
         "user": 9
      }
   }, 
   {
      "pk": 13, 
      "model": "addressbook.personaperfil", 
      "fields": {
         "user": 10
      }
   }, 
   {
      "pk": 14, 
      "model": "addressbook.personaperfil", 
      "fields": {
         "user": 11
      }
   }, 
   {
      "pk": 15, 
      "model": "addressbook.personaperfil", 
      "fields": {
         "user": 12
      }
   }, 
   {
      "pk": 16, 
      "model": "addressbook.personaperfil", 
      "fields": {
         "user": 13
      }
   }, 
   {
      "pk": 17, 
      "model": "addressbook.personaperfil", 
      "fields": {
         "user": 14
      }
   }
]
