[
{
"pk": 22, 
"model": "auth.permission", 
"fields": {
"codename": "add_logentry", 
"name": "Can add log entry", 
"content_type": 8
}
}, 
{
"pk": 23, 
"model": "auth.permission", 
"fields": {
"codename": "change_logentry", 
"name": "Can change log entry", 
"content_type": 8
}
}, 
{
"pk": 24, 
"model": "auth.permission", 
"fields": {
"codename": "delete_logentry", 
"name": "Can delete log entry", 
"content_type": 8
}
}, 
{
"pk": 100, 
"model": "auth.permission", 
"fields": {
"codename": "add_alumno", 
"name": "Can add alumno", 
"content_type": 34
}
}, 
{
"pk": 73, 
"model": "auth.permission", 
"fields": {
"codename": "add_asignatura", 
"name": "Can add asignatura", 
"content_type": 25
}
}, 
{
"pk": 82, 
"model": "auth.permission", 
"fields": {
"codename": "add_aula", 
"name": "Can add aula", 
"content_type": 28
}
}, 
{
"pk": 109, 
"model": "auth.permission", 
"fields": {
"codename": "add_ausencia", 
"name": "Can add ausencia", 
"content_type": 37
}
}, 
{
"pk": 46, 
"model": "auth.permission", 
"fields": {
"codename": "add_autorizacion", 
"name": "Can add autorizacion", 
"content_type": 16
}
}, 
{
"pk": 157, 
"model": "auth.permission", 
"fields": {
"codename": "add_calificacion", 
"name": "Can add calificacion", 
"content_type": 53
}
}, 
{
"pk": 163, 
"model": "auth.permission", 
"fields": {
"codename": "add_calificacioncompetencia", 
"name": "Can add calificacion competencia", 
"content_type": 55
}
}, 
{
"pk": 79, 
"model": "auth.permission", 
"fields": {
"codename": "add_centro", 
"name": "Can add centro", 
"content_type": 27
}
}, 
{
"pk": 133, 
"model": "auth.permission", 
"fields": {
"codename": "add_cita", 
"name": "Can add cita", 
"content_type": 45
}
}, 
{
"pk": 49, 
"model": "auth.permission", 
"fields": {
"codename": "add_clasificacion", 
"name": "Can add clasificacion", 
"content_type": 17
}
}, 
{
"pk": 151, 
"model": "auth.permission", 
"fields": {
"codename": "add_comentario", 
"name": "Can add comentario", 
"content_type": 51
}
}, 
{
"pk": 91, 
"model": "auth.permission", 
"fields": {
"codename": "add_competencia", 
"name": "Can add competencia", 
"content_type": 31
}
}, 
{
"pk": 64, 
"model": "auth.permission", 
"fields": {
"codename": "add_concierto", 
"name": "Can add concierto", 
"content_type": 22
}
}, 
{
"pk": 172, 
"model": "auth.permission", 
"fields": {
"codename": "add_coordinadorciclo", 
"name": "Can add coordinador ciclo", 
"content_type": 58
}
}, 
{
"pk": 178, 
"model": "auth.permission", 
"fields": {
"codename": "add_director", 
"name": "Can add director", 
"content_type": 60
}
}, 
{
"pk": 148, 
"model": "auth.permission", 
"fields": {
"codename": "add_enviosfaltas", 
"name": "Can add envios faltas", 
"content_type": 50
}
}, 
{
"pk": 70, 
"model": "auth.permission", 
"fields": {
"codename": "add_estadocivil", 
"name": "Can add estado civil", 
"content_type": 24
}
}, 
{
"pk": 40, 
"model": "auth.permission", 
"fields": {
"codename": "add_estudiospadre", 
"name": "Can add estudios padre", 
"content_type": 14
}
}, 
{
"pk": 94, 
"model": "auth.permission", 
"fields": {
"codename": "add_evaluacion", 
"name": "Can add evaluacion", 
"content_type": 32
}
}, 
{
"pk": 103, 
"model": "auth.permission", 
"fields": {
"codename": "add_falta", 
"name": "Can add falta", 
"content_type": 35
}
}, 
{
"pk": 112, 
"model": "auth.permission", 
"fields": {
"codename": "add_faltacomportamiento", 
"name": "Can add falta comportamiento", 
"content_type": 38
}
}, 
{
"pk": 118, 
"model": "auth.permission", 
"fields": {
"codename": "add_faltamaterial", 
"name": "Can add falta material", 
"content_type": 40
}
}, 
{
"pk": 115, 
"model": "auth.permission", 
"fields": {
"codename": "add_faltatarea", 
"name": "Can add falta tarea", 
"content_type": 39
}
}, 
{
"pk": 121, 
"model": "auth.permission", 
"fields": {
"codename": "add_grupoaula", 
"name": "Can add grupo aula", 
"content_type": 41
}
}, 
{
"pk": 88, 
"model": "auth.permission", 
"fields": {
"codename": "add_hora", 
"name": "Can add hora", 
"content_type": 30
}
}, 
{
"pk": 136, 
"model": "auth.permission", 
"fields": {
"codename": "add_horario", 
"name": "Can add horario", 
"content_type": 46
}
}, 
{
"pk": 160, 
"model": "auth.permission", 
"fields": {
"codename": "add_informeevaluacion", 
"name": "Can add informe evaluacion", 
"content_type": 54
}
}, 
{
"pk": 31, 
"model": "auth.permission", 
"fields": {
"codename": "add_isla", 
"name": "Can add isla", 
"content_type": 11
}
}, 
{
"pk": 175, 
"model": "auth.permission", 
"fields": {
"codename": "add_jefeestudios", 
"name": "Can add jefe estudios", 
"content_type": 59
}
}, 
{
"pk": 139, 
"model": "auth.permission", 
"fields": {
"codename": "add_matricula", 
"name": "Can add matricula", 
"content_type": 47
}
}, 
{
"pk": 67, 
"model": "auth.permission", 
"fields": {
"codename": "add_minusvalia", 
"name": "Can add minusvalia", 
"content_type": 23
}
}, 
{
"pk": 28, 
"model": "auth.permission", 
"fields": {
"codename": "add_municipio", 
"name": "Can add municipio", 
"content_type": 10
}
}, 
{
"pk": 85, 
"model": "auth.permission", 
"fields": {
"codename": "add_nivel", 
"name": "Can add nivel", 
"content_type": 29
}
}, 
{
"pk": 169, 
"model": "auth.permission", 
"fields": {
"codename": "add_notificacion", 
"name": "Can add notificacion", 
"content_type": 57
}
}, 
{
"pk": 97, 
"model": "auth.permission", 
"fields": {
"codename": "add_padre", 
"name": "Can add padre", 
"content_type": 33
}
}, 
{
"pk": 43, 
"model": "auth.permission", 
"fields": {
"codename": "add_pais", 
"name": "Can add pais", 
"content_type": 15
}
}, 
{
"pk": 145, 
"model": "auth.permission", 
"fields": {
"codename": "add_parte", 
"name": "Can add parte", 
"content_type": 49
}
}, 
{
"pk": 142, 
"model": "auth.permission", 
"fields": {
"codename": "add_pas", 
"name": "Can add pas", 
"content_type": 48
}
}, 
{
"pk": 37, 
"model": "auth.permission", 
"fields": {
"codename": "add_profesion", 
"name": "Can add profesion", 
"content_type": 13
}
}, 
{
"pk": 124, 
"model": "auth.permission", 
"fields": {
"codename": "add_profesor", 
"name": "Can add profesor", 
"content_type": 42
}
}, 
{
"pk": 34, 
"model": "auth.permission", 
"fields": {
"codename": "add_provincia", 
"name": "Can add provincia", 
"content_type": 12
}
}, 
{
"pk": 154, 
"model": "auth.permission", 
"fields": {
"codename": "add_respuesta", 
"name": "Can add respuesta", 
"content_type": 52
}
}, 
{
"pk": 106, 
"model": "auth.permission", 
"fields": {
"codename": "add_retraso", 
"name": "Can add retraso", 
"content_type": 36
}
}, 
{
"pk": 166, 
"model": "auth.permission", 
"fields": {
"codename": "add_textonotificacion", 
"name": "Can add texto notificacion", 
"content_type": 56
}
}, 
{
"pk": 55, 
"model": "auth.permission", 
"fields": {
"codename": "add_tipoconstruccion", 
"name": "Can add tipo construccion", 
"content_type": 19
}
}, 
{
"pk": 52, 
"model": "auth.permission", 
"fields": {
"codename": "add_tipoespacio", 
"name": "Can add tipo espacio", 
"content_type": 18
}
}, 
{
"pk": 58, 
"model": "auth.permission", 
"fields": {
"codename": "add_tipouso", 
"name": "Can add tipo uso", 
"content_type": 20
}
}, 
{
"pk": 25, 
"model": "auth.permission", 
"fields": {
"codename": "add_tipovia", 
"name": "Can add tipo via", 
"content_type": 9
}
}, 
{
"pk": 76, 
"model": "auth.permission", 
"fields": {
"codename": "add_turno", 
"name": "Can add turno", 
"content_type": 26
}
}, 
{
"pk": 127, 
"model": "auth.permission", 
"fields": {
"codename": "add_tutor", 
"name": "Can add tutor", 
"content_type": 43
}
}, 
{
"pk": 130, 
"model": "auth.permission", 
"fields": {
"codename": "add_tutoria", 
"name": "Can add tutoria", 
"content_type": 44
}
}, 
{
"pk": 61, 
"model": "auth.permission", 
"fields": {
"codename": "add_ubicacion", 
"name": "Can add ubicacion", 
"content_type": 21
}
}, 
{
"pk": 184, 
"model": "auth.permission", 
"fields": {
"codename": "add_usuariopadre", 
"name": "Can add usuario padre", 
"content_type": 62
}
}, 
{
"pk": 187, 
"model": "auth.permission", 
"fields": {
"codename": "add_usuariopas", 
"name": "Can add usuario pas", 
"content_type": 63
}
}, 
{
"pk": 181, 
"model": "auth.permission", 
"fields": {
"codename": "add_usuarioprofesor", 
"name": "Can add usuario profesor", 
"content_type": 61
}
}, 
{
"pk": 101, 
"model": "auth.permission", 
"fields": {
"codename": "change_alumno", 
"name": "Can change alumno", 
"content_type": 34
}
}, 
{
"pk": 74, 
"model": "auth.permission", 
"fields": {
"codename": "change_asignatura", 
"name": "Can change asignatura", 
"content_type": 25
}
}, 
{
"pk": 83, 
"model": "auth.permission", 
"fields": {
"codename": "change_aula", 
"name": "Can change aula", 
"content_type": 28
}
}, 
{
"pk": 110, 
"model": "auth.permission", 
"fields": {
"codename": "change_ausencia", 
"name": "Can change ausencia", 
"content_type": 37
}
}, 
{
"pk": 47, 
"model": "auth.permission", 
"fields": {
"codename": "change_autorizacion", 
"name": "Can change autorizacion", 
"content_type": 16
}
}, 
{
"pk": 158, 
"model": "auth.permission", 
"fields": {
"codename": "change_calificacion", 
"name": "Can change calificacion", 
"content_type": 53
}
}, 
{
"pk": 164, 
"model": "auth.permission", 
"fields": {
"codename": "change_calificacioncompetencia", 
"name": "Can change calificacion competencia", 
"content_type": 55
}
}, 
{
"pk": 80, 
"model": "auth.permission", 
"fields": {
"codename": "change_centro", 
"name": "Can change centro", 
"content_type": 27
}
}, 
{
"pk": 134, 
"model": "auth.permission", 
"fields": {
"codename": "change_cita", 
"name": "Can change cita", 
"content_type": 45
}
}, 
{
"pk": 50, 
"model": "auth.permission", 
"fields": {
"codename": "change_clasificacion", 
"name": "Can change clasificacion", 
"content_type": 17
}
}, 
{
"pk": 152, 
"model": "auth.permission", 
"fields": {
"codename": "change_comentario", 
"name": "Can change comentario", 
"content_type": 51
}
}, 
{
"pk": 92, 
"model": "auth.permission", 
"fields": {
"codename": "change_competencia", 
"name": "Can change competencia", 
"content_type": 31
}
}, 
{
"pk": 65, 
"model": "auth.permission", 
"fields": {
"codename": "change_concierto", 
"name": "Can change concierto", 
"content_type": 22
}
}, 
{
"pk": 173, 
"model": "auth.permission", 
"fields": {
"codename": "change_coordinadorciclo", 
"name": "Can change coordinador ciclo", 
"content_type": 58
}
}, 
{
"pk": 179, 
"model": "auth.permission", 
"fields": {
"codename": "change_director", 
"name": "Can change director", 
"content_type": 60
}
}, 
{
"pk": 149, 
"model": "auth.permission", 
"fields": {
"codename": "change_enviosfaltas", 
"name": "Can change envios faltas", 
"content_type": 50
}
}, 
{
"pk": 71, 
"model": "auth.permission", 
"fields": {
"codename": "change_estadocivil", 
"name": "Can change estado civil", 
"content_type": 24
}
}, 
{
"pk": 41, 
"model": "auth.permission", 
"fields": {
"codename": "change_estudiospadre", 
"name": "Can change estudios padre", 
"content_type": 14
}
}, 
{
"pk": 95, 
"model": "auth.permission", 
"fields": {
"codename": "change_evaluacion", 
"name": "Can change evaluacion", 
"content_type": 32
}
}, 
{
"pk": 104, 
"model": "auth.permission", 
"fields": {
"codename": "change_falta", 
"name": "Can change falta", 
"content_type": 35
}
}, 
{
"pk": 113, 
"model": "auth.permission", 
"fields": {
"codename": "change_faltacomportamiento", 
"name": "Can change falta comportamiento", 
"content_type": 38
}
}, 
{
"pk": 119, 
"model": "auth.permission", 
"fields": {
"codename": "change_faltamaterial", 
"name": "Can change falta material", 
"content_type": 40
}
}, 
{
"pk": 116, 
"model": "auth.permission", 
"fields": {
"codename": "change_faltatarea", 
"name": "Can change falta tarea", 
"content_type": 39
}
}, 
{
"pk": 122, 
"model": "auth.permission", 
"fields": {
"codename": "change_grupoaula", 
"name": "Can change grupo aula", 
"content_type": 41
}
}, 
{
"pk": 89, 
"model": "auth.permission", 
"fields": {
"codename": "change_hora", 
"name": "Can change hora", 
"content_type": 30
}
}, 
{
"pk": 137, 
"model": "auth.permission", 
"fields": {
"codename": "change_horario", 
"name": "Can change horario", 
"content_type": 46
}
}, 
{
"pk": 161, 
"model": "auth.permission", 
"fields": {
"codename": "change_informeevaluacion", 
"name": "Can change informe evaluacion", 
"content_type": 54
}
}, 
{
"pk": 32, 
"model": "auth.permission", 
"fields": {
"codename": "change_isla", 
"name": "Can change isla", 
"content_type": 11
}
}, 
{
"pk": 176, 
"model": "auth.permission", 
"fields": {
"codename": "change_jefeestudios", 
"name": "Can change jefe estudios", 
"content_type": 59
}
}, 
{
"pk": 140, 
"model": "auth.permission", 
"fields": {
"codename": "change_matricula", 
"name": "Can change matricula", 
"content_type": 47
}
}, 
{
"pk": 68, 
"model": "auth.permission", 
"fields": {
"codename": "change_minusvalia", 
"name": "Can change minusvalia", 
"content_type": 23
}
}, 
{
"pk": 29, 
"model": "auth.permission", 
"fields": {
"codename": "change_municipio", 
"name": "Can change municipio", 
"content_type": 10
}
}, 
{
"pk": 86, 
"model": "auth.permission", 
"fields": {
"codename": "change_nivel", 
"name": "Can change nivel", 
"content_type": 29
}
}, 
{
"pk": 170, 
"model": "auth.permission", 
"fields": {
"codename": "change_notificacion", 
"name": "Can change notificacion", 
"content_type": 57
}
}, 
{
"pk": 98, 
"model": "auth.permission", 
"fields": {
"codename": "change_padre", 
"name": "Can change padre", 
"content_type": 33
}
}, 
{
"pk": 44, 
"model": "auth.permission", 
"fields": {
"codename": "change_pais", 
"name": "Can change pais", 
"content_type": 15
}
}, 
{
"pk": 146, 
"model": "auth.permission", 
"fields": {
"codename": "change_parte", 
"name": "Can change parte", 
"content_type": 49
}
}, 
{
"pk": 143, 
"model": "auth.permission", 
"fields": {
"codename": "change_pas", 
"name": "Can change pas", 
"content_type": 48
}
}, 
{
"pk": 38, 
"model": "auth.permission", 
"fields": {
"codename": "change_profesion", 
"name": "Can change profesion", 
"content_type": 13
}
}, 
{
"pk": 125, 
"model": "auth.permission", 
"fields": {
"codename": "change_profesor", 
"name": "Can change profesor", 
"content_type": 42
}
}, 
{
"pk": 35, 
"model": "auth.permission", 
"fields": {
"codename": "change_provincia", 
"name": "Can change provincia", 
"content_type": 12
}
}, 
{
"pk": 155, 
"model": "auth.permission", 
"fields": {
"codename": "change_respuesta", 
"name": "Can change respuesta", 
"content_type": 52
}
}, 
{
"pk": 107, 
"model": "auth.permission", 
"fields": {
"codename": "change_retraso", 
"name": "Can change retraso", 
"content_type": 36
}
}, 
{
"pk": 167, 
"model": "auth.permission", 
"fields": {
"codename": "change_textonotificacion", 
"name": "Can change texto notificacion", 
"content_type": 56
}
}, 
{
"pk": 56, 
"model": "auth.permission", 
"fields": {
"codename": "change_tipoconstruccion", 
"name": "Can change tipo construccion", 
"content_type": 19
}
}, 
{
"pk": 53, 
"model": "auth.permission", 
"fields": {
"codename": "change_tipoespacio", 
"name": "Can change tipo espacio", 
"content_type": 18
}
}, 
{
"pk": 59, 
"model": "auth.permission", 
"fields": {
"codename": "change_tipouso", 
"name": "Can change tipo uso", 
"content_type": 20
}
}, 
{
"pk": 26, 
"model": "auth.permission", 
"fields": {
"codename": "change_tipovia", 
"name": "Can change tipo via", 
"content_type": 9
}
}, 
{
"pk": 77, 
"model": "auth.permission", 
"fields": {
"codename": "change_turno", 
"name": "Can change turno", 
"content_type": 26
}
}, 
{
"pk": 128, 
"model": "auth.permission", 
"fields": {
"codename": "change_tutor", 
"name": "Can change tutor", 
"content_type": 43
}
}, 
{
"pk": 131, 
"model": "auth.permission", 
"fields": {
"codename": "change_tutoria", 
"name": "Can change tutoria", 
"content_type": 44
}
}, 
{
"pk": 62, 
"model": "auth.permission", 
"fields": {
"codename": "change_ubicacion", 
"name": "Can change ubicacion", 
"content_type": 21
}
}, 
{
"pk": 185, 
"model": "auth.permission", 
"fields": {
"codename": "change_usuariopadre", 
"name": "Can change usuario padre", 
"content_type": 62
}
}, 
{
"pk": 188, 
"model": "auth.permission", 
"fields": {
"codename": "change_usuariopas", 
"name": "Can change usuario pas", 
"content_type": 63
}
}, 
{
"pk": 182, 
"model": "auth.permission", 
"fields": {
"codename": "change_usuarioprofesor", 
"name": "Can change usuario profesor", 
"content_type": 61
}
}, 
{
"pk": 102, 
"model": "auth.permission", 
"fields": {
"codename": "delete_alumno", 
"name": "Can delete alumno", 
"content_type": 34
}
}, 
{
"pk": 75, 
"model": "auth.permission", 
"fields": {
"codename": "delete_asignatura", 
"name": "Can delete asignatura", 
"content_type": 25
}
}, 
{
"pk": 84, 
"model": "auth.permission", 
"fields": {
"codename": "delete_aula", 
"name": "Can delete aula", 
"content_type": 28
}
}, 
{
"pk": 111, 
"model": "auth.permission", 
"fields": {
"codename": "delete_ausencia", 
"name": "Can delete ausencia", 
"content_type": 37
}
}, 
{
"pk": 48, 
"model": "auth.permission", 
"fields": {
"codename": "delete_autorizacion", 
"name": "Can delete autorizacion", 
"content_type": 16
}
}, 
{
"pk": 159, 
"model": "auth.permission", 
"fields": {
"codename": "delete_calificacion", 
"name": "Can delete calificacion", 
"content_type": 53
}
}, 
{
"pk": 165, 
"model": "auth.permission", 
"fields": {
"codename": "delete_calificacioncompetencia", 
"name": "Can delete calificacion competencia", 
"content_type": 55
}
}, 
{
"pk": 81, 
"model": "auth.permission", 
"fields": {
"codename": "delete_centro", 
"name": "Can delete centro", 
"content_type": 27
}
}, 
{
"pk": 135, 
"model": "auth.permission", 
"fields": {
"codename": "delete_cita", 
"name": "Can delete cita", 
"content_type": 45
}
}, 
{
"pk": 51, 
"model": "auth.permission", 
"fields": {
"codename": "delete_clasificacion", 
"name": "Can delete clasificacion", 
"content_type": 17
}
}, 
{
"pk": 153, 
"model": "auth.permission", 
"fields": {
"codename": "delete_comentario", 
"name": "Can delete comentario", 
"content_type": 51
}
}, 
{
"pk": 93, 
"model": "auth.permission", 
"fields": {
"codename": "delete_competencia", 
"name": "Can delete competencia", 
"content_type": 31
}
}, 
{
"pk": 66, 
"model": "auth.permission", 
"fields": {
"codename": "delete_concierto", 
"name": "Can delete concierto", 
"content_type": 22
}
}, 
{
"pk": 174, 
"model": "auth.permission", 
"fields": {
"codename": "delete_coordinadorciclo", 
"name": "Can delete coordinador ciclo", 
"content_type": 58
}
}, 
{
"pk": 180, 
"model": "auth.permission", 
"fields": {
"codename": "delete_director", 
"name": "Can delete director", 
"content_type": 60
}
}, 
{
"pk": 150, 
"model": "auth.permission", 
"fields": {
"codename": "delete_enviosfaltas", 
"name": "Can delete envios faltas", 
"content_type": 50
}
}, 
{
"pk": 72, 
"model": "auth.permission", 
"fields": {
"codename": "delete_estadocivil", 
"name": "Can delete estado civil", 
"content_type": 24
}
}, 
{
"pk": 42, 
"model": "auth.permission", 
"fields": {
"codename": "delete_estudiospadre", 
"name": "Can delete estudios padre", 
"content_type": 14
}
}, 
{
"pk": 96, 
"model": "auth.permission", 
"fields": {
"codename": "delete_evaluacion", 
"name": "Can delete evaluacion", 
"content_type": 32
}
}, 
{
"pk": 105, 
"model": "auth.permission", 
"fields": {
"codename": "delete_falta", 
"name": "Can delete falta", 
"content_type": 35
}
}, 
{
"pk": 114, 
"model": "auth.permission", 
"fields": {
"codename": "delete_faltacomportamiento", 
"name": "Can delete falta comportamiento", 
"content_type": 38
}
}, 
{
"pk": 120, 
"model": "auth.permission", 
"fields": {
"codename": "delete_faltamaterial", 
"name": "Can delete falta material", 
"content_type": 40
}
}, 
{
"pk": 117, 
"model": "auth.permission", 
"fields": {
"codename": "delete_faltatarea", 
"name": "Can delete falta tarea", 
"content_type": 39
}
}, 
{
"pk": 123, 
"model": "auth.permission", 
"fields": {
"codename": "delete_grupoaula", 
"name": "Can delete grupo aula", 
"content_type": 41
}
}, 
{
"pk": 90, 
"model": "auth.permission", 
"fields": {
"codename": "delete_hora", 
"name": "Can delete hora", 
"content_type": 30
}
}, 
{
"pk": 138, 
"model": "auth.permission", 
"fields": {
"codename": "delete_horario", 
"name": "Can delete horario", 
"content_type": 46
}
}, 
{
"pk": 162, 
"model": "auth.permission", 
"fields": {
"codename": "delete_informeevaluacion", 
"name": "Can delete informe evaluacion", 
"content_type": 54
}
}, 
{
"pk": 33, 
"model": "auth.permission", 
"fields": {
"codename": "delete_isla", 
"name": "Can delete isla", 
"content_type": 11
}
}, 
{
"pk": 177, 
"model": "auth.permission", 
"fields": {
"codename": "delete_jefeestudios", 
"name": "Can delete jefe estudios", 
"content_type": 59
}
}, 
{
"pk": 141, 
"model": "auth.permission", 
"fields": {
"codename": "delete_matricula", 
"name": "Can delete matricula", 
"content_type": 47
}
}, 
{
"pk": 69, 
"model": "auth.permission", 
"fields": {
"codename": "delete_minusvalia", 
"name": "Can delete minusvalia", 
"content_type": 23
}
}, 
{
"pk": 30, 
"model": "auth.permission", 
"fields": {
"codename": "delete_municipio", 
"name": "Can delete municipio", 
"content_type": 10
}
}, 
{
"pk": 87, 
"model": "auth.permission", 
"fields": {
"codename": "delete_nivel", 
"name": "Can delete nivel", 
"content_type": 29
}
}, 
{
"pk": 171, 
"model": "auth.permission", 
"fields": {
"codename": "delete_notificacion", 
"name": "Can delete notificacion", 
"content_type": 57
}
}, 
{
"pk": 99, 
"model": "auth.permission", 
"fields": {
"codename": "delete_padre", 
"name": "Can delete padre", 
"content_type": 33
}
}, 
{
"pk": 45, 
"model": "auth.permission", 
"fields": {
"codename": "delete_pais", 
"name": "Can delete pais", 
"content_type": 15
}
}, 
{
"pk": 147, 
"model": "auth.permission", 
"fields": {
"codename": "delete_parte", 
"name": "Can delete parte", 
"content_type": 49
}
}, 
{
"pk": 144, 
"model": "auth.permission", 
"fields": {
"codename": "delete_pas", 
"name": "Can delete pas", 
"content_type": 48
}
}, 
{
"pk": 39, 
"model": "auth.permission", 
"fields": {
"codename": "delete_profesion", 
"name": "Can delete profesion", 
"content_type": 13
}
}, 
{
"pk": 126, 
"model": "auth.permission", 
"fields": {
"codename": "delete_profesor", 
"name": "Can delete profesor", 
"content_type": 42
}
}, 
{
"pk": 36, 
"model": "auth.permission", 
"fields": {
"codename": "delete_provincia", 
"name": "Can delete provincia", 
"content_type": 12
}
}, 
{
"pk": 156, 
"model": "auth.permission", 
"fields": {
"codename": "delete_respuesta", 
"name": "Can delete respuesta", 
"content_type": 52
}
}, 
{
"pk": 108, 
"model": "auth.permission", 
"fields": {
"codename": "delete_retraso", 
"name": "Can delete retraso", 
"content_type": 36
}
}, 
{
"pk": 168, 
"model": "auth.permission", 
"fields": {
"codename": "delete_textonotificacion", 
"name": "Can delete texto notificacion", 
"content_type": 56
}
}, 
{
"pk": 57, 
"model": "auth.permission", 
"fields": {
"codename": "delete_tipoconstruccion", 
"name": "Can delete tipo construccion", 
"content_type": 19
}
}, 
{
"pk": 54, 
"model": "auth.permission", 
"fields": {
"codename": "delete_tipoespacio", 
"name": "Can delete tipo espacio", 
"content_type": 18
}
}, 
{
"pk": 60, 
"model": "auth.permission", 
"fields": {
"codename": "delete_tipouso", 
"name": "Can delete tipo uso", 
"content_type": 20
}
}, 
{
"pk": 27, 
"model": "auth.permission", 
"fields": {
"codename": "delete_tipovia", 
"name": "Can delete tipo via", 
"content_type": 9
}
}, 
{
"pk": 78, 
"model": "auth.permission", 
"fields": {
"codename": "delete_turno", 
"name": "Can delete turno", 
"content_type": 26
}
}, 
{
"pk": 129, 
"model": "auth.permission", 
"fields": {
"codename": "delete_tutor", 
"name": "Can delete tutor", 
"content_type": 43
}
}, 
{
"pk": 132, 
"model": "auth.permission", 
"fields": {
"codename": "delete_tutoria", 
"name": "Can delete tutoria", 
"content_type": 44
}
}, 
{
"pk": 63, 
"model": "auth.permission", 
"fields": {
"codename": "delete_ubicacion", 
"name": "Can delete ubicacion", 
"content_type": 21
}
}, 
{
"pk": 186, 
"model": "auth.permission", 
"fields": {
"codename": "delete_usuariopadre", 
"name": "Can delete usuario padre", 
"content_type": 62
}
}, 
{
"pk": 189, 
"model": "auth.permission", 
"fields": {
"codename": "delete_usuariopas", 
"name": "Can delete usuario pas", 
"content_type": 63
}
}, 
{
"pk": 183, 
"model": "auth.permission", 
"fields": {
"codename": "delete_usuarioprofesor", 
"name": "Can delete usuario profesor", 
"content_type": 61
}
}, 
{
"pk": 4, 
"model": "auth.permission", 
"fields": {
"codename": "add_group", 
"name": "Can add group", 
"content_type": 2
}
}, 
{
"pk": 10, 
"model": "auth.permission", 
"fields": {
"codename": "add_message", 
"name": "Can add message", 
"content_type": 4
}
}, 
{
"pk": 1, 
"model": "auth.permission", 
"fields": {
"codename": "add_permission", 
"name": "Can add permission", 
"content_type": 1
}
}, 
{
"pk": 7, 
"model": "auth.permission", 
"fields": {
"codename": "add_user", 
"name": "Can add user", 
"content_type": 3
}
}, 
{
"pk": 5, 
"model": "auth.permission", 
"fields": {
"codename": "change_group", 
"name": "Can change group", 
"content_type": 2
}
}, 
{
"pk": 11, 
"model": "auth.permission", 
"fields": {
"codename": "change_message", 
"name": "Can change message", 
"content_type": 4
}
}, 
{
"pk": 2, 
"model": "auth.permission", 
"fields": {
"codename": "change_permission", 
"name": "Can change permission", 
"content_type": 1
}
}, 
{
"pk": 8, 
"model": "auth.permission", 
"fields": {
"codename": "change_user", 
"name": "Can change user", 
"content_type": 3
}
}, 
{
"pk": 6, 
"model": "auth.permission", 
"fields": {
"codename": "delete_group", 
"name": "Can delete group", 
"content_type": 2
}
}, 
{
"pk": 12, 
"model": "auth.permission", 
"fields": {
"codename": "delete_message", 
"name": "Can delete message", 
"content_type": 4
}
}, 
{
"pk": 3, 
"model": "auth.permission", 
"fields": {
"codename": "delete_permission", 
"name": "Can delete permission", 
"content_type": 1
}
}, 
{
"pk": 9, 
"model": "auth.permission", 
"fields": {
"codename": "delete_user", 
"name": "Can delete user", 
"content_type": 3
}
}, 
{
"pk": 13, 
"model": "auth.permission", 
"fields": {
"codename": "add_contenttype", 
"name": "Can add content type", 
"content_type": 5
}
}, 
{
"pk": 14, 
"model": "auth.permission", 
"fields": {
"codename": "change_contenttype", 
"name": "Can change content type", 
"content_type": 5
}
}, 
{
"pk": 15, 
"model": "auth.permission", 
"fields": {
"codename": "delete_contenttype", 
"name": "Can delete content type", 
"content_type": 5
}
}, 
{
"pk": 193, 
"model": "auth.permission", 
"fields": {
"codename": "add_comentario", 
"name": "Can add comentario", 
"content_type": 65
}
}, 
{
"pk": 190, 
"model": "auth.permission", 
"fields": {
"codename": "add_incidencia", 
"name": "Can add incidencia", 
"content_type": 64
}
}, 
{
"pk": 194, 
"model": "auth.permission", 
"fields": {
"codename": "change_comentario", 
"name": "Can change comentario", 
"content_type": 65
}
}, 
{
"pk": 191, 
"model": "auth.permission", 
"fields": {
"codename": "change_incidencia", 
"name": "Can change incidencia", 
"content_type": 64
}
}, 
{
"pk": 195, 
"model": "auth.permission", 
"fields": {
"codename": "delete_comentario", 
"name": "Can delete comentario", 
"content_type": 65
}
}, 
{
"pk": 192, 
"model": "auth.permission", 
"fields": {
"codename": "delete_incidencia", 
"name": "Can delete incidencia", 
"content_type": 64
}
}, 
{
"pk": 196, 
"model": "auth.permission", 
"fields": {
"codename": "add_recurso", 
"name": "Can add recurso", 
"content_type": 66
}
}, 
{
"pk": 199, 
"model": "auth.permission", 
"fields": {
"codename": "add_reserva", 
"name": "Can add reserva", 
"content_type": 67
}
}, 
{
"pk": 197, 
"model": "auth.permission", 
"fields": {
"codename": "change_recurso", 
"name": "Can change recurso", 
"content_type": 66
}
}, 
{
"pk": 200, 
"model": "auth.permission", 
"fields": {
"codename": "change_reserva", 
"name": "Can change reserva", 
"content_type": 67
}
}, 
{
"pk": 198, 
"model": "auth.permission", 
"fields": {
"codename": "delete_recurso", 
"name": "Can delete recurso", 
"content_type": 66
}
}, 
{
"pk": 201, 
"model": "auth.permission", 
"fields": {
"codename": "delete_reserva", 
"name": "Can delete reserva", 
"content_type": 67
}
}, 
{
"pk": 16, 
"model": "auth.permission", 
"fields": {
"codename": "add_session", 
"name": "Can add session", 
"content_type": 6
}
}, 
{
"pk": 17, 
"model": "auth.permission", 
"fields": {
"codename": "change_session", 
"name": "Can change session", 
"content_type": 6
}
}, 
{
"pk": 18, 
"model": "auth.permission", 
"fields": {
"codename": "delete_session", 
"name": "Can delete session", 
"content_type": 6
}
}, 
{
"pk": 19, 
"model": "auth.permission", 
"fields": {
"codename": "add_site", 
"name": "Can add site", 
"content_type": 7
}
}, 
{
"pk": 20, 
"model": "auth.permission", 
"fields": {
"codename": "change_site", 
"name": "Can change site", 
"content_type": 7
}
}, 
{
"pk": 21, 
"model": "auth.permission", 
"fields": {
"codename": "delete_site", 
"name": "Can delete site", 
"content_type": 7
}
}, 
{
"pk": 2, 
"model": "auth.user", 
"fields": {
"username": "prof1", 
"first_name": "", 
"last_name": "", 
"is_active": true, 
"is_superuser": false, 
"is_staff": false, 
"last_login": "2008-11-19 18:48:51", 
"groups": [], 
"user_permissions": [], 
"password": "sha1$5c2e3$f5ebd36ee4b5497bcbfad69fe1ea6e006c9f0bda", 
"email": "usuario@colegio.es", 
"date_joined": "2008-10-13 17:49:19"
}
}, 
{
"pk": 5, 
"model": "auth.user", 
"fields": {
"username": "prof4", 
"first_name": "", 
"last_name": "", 
"is_active": true, 
"is_superuser": false, 
"is_staff": false, 
"last_login": "2008-11-20 18:03:48", 
"groups": [], 
"user_permissions": [], 
"password": "sha1$5ef26$62fcfea0292bea774a6574394b174211396bff64", 
"email": "usuario@colegio.es", 
"date_joined": "2008-10-13 17:49:20"
}
}, 
{
"pk": 10, 
"model": "auth.user", 
"fields": {
"username": "prof9", 
"first_name": "", 
"last_name": "", 
"is_active": true, 
"is_superuser": false, 
"is_staff": false, 
"last_login": "2008-10-13 17:49:20", 
"groups": [], 
"user_permissions": [], 
"password": "sha1$b3a1c$8cc28e9471009e6b307455933b1547c6d3774005", 
"email": "usuario@colegio.es", 
"date_joined": "2008-10-13 17:49:20"
}
}, 
{
"pk": 11, 
"model": "auth.user", 
"fields": {
"username": "prof10", 
"first_name": "", 
"last_name": "", 
"is_active": true, 
"is_superuser": false, 
"is_staff": false, 
"last_login": "2008-11-07 08:44:46", 
"groups": [], 
"user_permissions": [], 
"password": "sha1$0e0e5$d78a35394a75b35ffad8fa96544b262b47fc75f4", 
"email": "usuario@colegio.es", 
"date_joined": "2008-10-13 17:49:20"
}
}, 
{
"pk": 12, 
"model": "auth.user", 
"fields": {
"username": "prof11", 
"first_name": "", 
"last_name": "", 
"is_active": true, 
"is_superuser": false, 
"is_staff": false, 
"last_login": "2008-11-12 11:11:45", 
"groups": [], 
"user_permissions": [], 
"password": "sha1$62231$34c1eeb28523a9372e06ea680495a8a17786846e", 
"email": "usuario@colegio.es", 
"date_joined": "2008-10-13 17:49:20"
}
}, 
{
"pk": 13, 
"model": "auth.user", 
"fields": {
"username": "prof12", 
"first_name": "", 
"last_name": "", 
"is_active": true, 
"is_superuser": false, 
"is_staff": false, 
"last_login": "2008-11-10 19:30:03", 
"groups": [], 
"user_permissions": [], 
"password": "sha1$c8477$e5eb24385811c8f1c95be25e7de8bb1b82fd3344", 
"email": "usuario@colegio.es", 
"date_joined": "2008-10-13 17:49:20"
}
}, 
{
"pk": 14, 
"model": "auth.user", 
"fields": {
"username": "prof13", 
"first_name": "", 
"last_name": "", 
"is_active": true, 
"is_superuser": false, 
"is_staff": false, 
"last_login": "2008-11-18 13:21:03", 
"groups": [], 
"user_permissions": [], 
"password": "sha1$5c06a$9ea5ef9a26e1306391925fa0a1cfb3756248a032", 
"email": "usuario@colegio.es", 
"date_joined": "2008-10-13 17:49:20"
}
}, 
{
"pk": 15, 
"model": "auth.user", 
"fields": {
"username": "prof14", 
"first_name": "", 
"last_name": "", 
"is_active": true, 
"is_superuser": false, 
"is_staff": false, 
"last_login": "2008-11-20 18:00:17", 
"groups": [], 
"user_permissions": [], 
"password": "sha1$98432$2b0c524e2de58c62553cb4e38462dadffce39fd9", 
"email": "usuario@colegio.es", 
"date_joined": "2008-10-13 17:49:20"
}
}, 
{
"pk": 16, 
"model": "auth.user", 
"fields": {
"username": "prof15", 
"first_name": "", 
"last_name": "", 
"is_active": true, 
"is_superuser": false, 
"is_staff": false, 
"last_login": "2008-11-17 21:16:02", 
"groups": [], 
"user_permissions": [], 
"password": "sha1$f3441$c4fbf9bdd108e47d173fe67a842c36d4eae87590", 
"email": "usuario@colegio.es", 
"date_joined": "2008-10-13 17:49:20"
}
}, 
{
"pk": 18, 
"model": "auth.user", 
"fields": {
"username": "prof17", 
"first_name": "", 
"last_name": "", 
"is_active": true, 
"is_superuser": false, 
"is_staff": false, 
"last_login": "2008-11-18 12:59:11", 
"groups": [], 
"user_permissions": [], 
"password": "sha1$39ed4$8ce9cb6e07d17d10bd9b996fb0f66482f08f87eb", 
"email": "usuario@colegio.es", 
"date_joined": "2008-10-13 17:49:20"
}
}, 
{
"pk": 19, 
"model": "auth.user", 
"fields": {
"username": "prof18", 
"first_name": "", 
"last_name": "", 
"is_active": true, 
"is_superuser": false, 
"is_staff": false, 
"last_login": "2008-10-13 17:49:20", 
"groups": [], 
"user_permissions": [], 
"password": "sha1$87ce2$0848c12b2f2ccd41880f6e4189604e33dc526b2e", 
"email": "usuario@colegio.es", 
"date_joined": "2008-10-13 17:49:20"
}
}, 
{
"pk": 21, 
"model": "auth.user", 
"fields": {
"username": "prof20", 
"first_name": "", 
"last_name": "", 
"is_active": true, 
"is_superuser": false, 
"is_staff": false, 
"last_login": "2008-11-27 17:20:24", 
"groups": [], 
"user_permissions": [], 
"password": "sha1$adf43$bd2b54ee0e698f1b4484fc3b8d346612b62bf540", 
"email": "usuario@colegio.es", 
"date_joined": "2008-10-13 17:49:20"
}
}, 
{
"pk": 22, 
"model": "auth.user", 
"fields": {
"username": "prof21", 
"first_name": "", 
"last_name": "", 
"is_active": true, 
"is_superuser": false, 
"is_staff": false, 
"last_login": "2008-11-17 10:42:05", 
"groups": [], 
"user_permissions": [], 
"password": "sha1$dbb5a$058b673e51613714ced64250f50a345514af8283", 
"email": "usuario@colegio.es", 
"date_joined": "2008-10-13 17:49:20"
}
}, 
{
"pk": 23, 
"model": "auth.user", 
"fields": {
"username": "prof22", 
"first_name": "", 
"last_name": "", 
"is_active": true, 
"is_superuser": false, 
"is_staff": false, 
"last_login": "2008-11-10 19:30:37", 
"groups": [], 
"user_permissions": [], 
"password": "sha1$72b46$cc89bf00475b3d808713697d6310e130e0b3bb4f", 
"email": "usuario@colegio.es", 
"date_joined": "2008-10-13 17:49:20"
}
}, 
{
"pk": 25, 
"model": "auth.user", 
"fields": {
"username": "prof24", 
"first_name": "", 
"last_name": "", 
"is_active": true, 
"is_superuser": false, 
"is_staff": false, 
"last_login": "2008-11-18 10:36:11", 
"groups": [], 
"user_permissions": [], 
"password": "sha1$be063$312c318922f3fa2c9c61949e73ca7b2c125e935e", 
"email": "usuario@colegio.es", 
"date_joined": "2008-10-13 17:49:20"
}
}, 
{
"pk": 27, 
"model": "auth.user", 
"fields": {
"username": "prof26", 
"first_name": "", 
"last_name": "", 
"is_active": true, 
"is_superuser": false, 
"is_staff": false, 
"last_login": "2008-11-18 08:51:50", 
"groups": [], 
"user_permissions": [], 
"password": "sha1$d8a96$928f2fd833dd65a5eb1feb150378efaf32f28abb", 
"email": "usuario@colegio.es", 
"date_joined": "2008-10-13 17:49:20"
}
}, 
{
"pk": 30, 
"model": "auth.user", 
"fields": {
"username": "prof29", 
"first_name": "", 
"last_name": "", 
"is_active": true, 
"is_superuser": false, 
"is_staff": false, 
"last_login": "2008-11-18 13:22:02", 
"groups": [], 
"user_permissions": [], 
"password": "sha1$65df0$d1fe4dcd1612d2551bfaab18240d431a512d0f69", 
"email": "usuario@colegio.es", 
"date_joined": "2008-10-13 17:49:20"
}
}, 
{
"pk": 32, 
"model": "auth.user", 
"fields": {
"username": "prof31", 
"first_name": "", 
"last_name": "", 
"is_active": true, 
"is_superuser": false, 
"is_staff": false, 
"last_login": "2008-11-17 19:12:30", 
"groups": [], 
"user_permissions": [], 
"password": "sha1$68f21$0c1d77d9d220308b11359dd9e2fe17c47e948d0c", 
"email": "usuario@colegio.es", 
"date_joined": "2008-10-13 17:49:20"
}
}, 
{
"pk": 34, 
"model": "auth.user", 
"fields": {
"username": "prof33", 
"first_name": "", 
"last_name": "", 
"is_active": true, 
"is_superuser": false, 
"is_staff": false, 
"last_login": "2008-10-29 11:17:36", 
"groups": [], 
"user_permissions": [], 
"password": "sha1$3e763$08d5d4c20e88699501b999191e8bec9d25bcb2c8", 
"email": "usuario@colegio.es", 
"date_joined": "2008-10-13 17:49:20"
}
}, 
{
"pk": 36, 
"model": "auth.user", 
"fields": {
"username": "prof35", 
"first_name": "", 
"last_name": "", 
"is_active": true, 
"is_superuser": false, 
"is_staff": false, 
"last_login": "2008-11-18 13:45:54", 
"groups": [], 
"user_permissions": [], 
"password": "sha1$3b376$10ac518e53ba36ac407491a681240846ebcd3fb7", 
"email": "usuario@colegio.es", 
"date_joined": "2008-10-13 17:49:20"
}
}, 
{
"pk": 37, 
"model": "auth.user", 
"fields": {
"username": "prof36", 
"first_name": "", 
"last_name": "", 
"is_active": true, 
"is_superuser": false, 
"is_staff": false, 
"last_login": "2008-11-18 10:36:43", 
"groups": [], 
"user_permissions": [], 
"password": "sha1$b3d44$1becb5139e1bbf05e51d94efd0fd6624a60ea925", 
"email": "usuario@colegio.es", 
"date_joined": "2008-10-13 17:49:20"
}
}, 
{
"pk": 38, 
"model": "auth.user", 
"fields": {
"username": "prof37", 
"first_name": "", 
"last_name": "", 
"is_active": true, 
"is_superuser": false, 
"is_staff": false, 
"last_login": "2008-11-10 12:10:24", 
"groups": [], 
"user_permissions": [], 
"password": "sha1$917d2$8bd2984866b1892419d002826365b127a949a10d", 
"email": "usuario@colegio.es", 
"date_joined": "2008-10-13 17:49:20"
}
}, 
{
"pk": 40, 
"model": "auth.user", 
"fields": {
"username": "prof39", 
"first_name": "", 
"last_name": "", 
"is_active": true, 
"is_superuser": false, 
"is_staff": false, 
"last_login": "2008-11-13 14:00:55", 
"groups": [], 
"user_permissions": [], 
"password": "sha1$8d506$a92686c78b84dcce1a32e2f1c58fbd53559c4d1f", 
"email": "usuario@colegio.es", 
"date_joined": "2008-10-13 17:49:20"
}
}, 
{
"pk": 43, 
"model": "auth.user", 
"fields": {
"username": "prof42", 
"first_name": "", 
"last_name": "", 
"is_active": true, 
"is_superuser": false, 
"is_staff": false, 
"last_login": "2008-11-10 08:13:12", 
"groups": [], 
"user_permissions": [], 
"password": "sha1$497df$bdb3c80fb4f64fd6e80ce85ead6f75bae9b4a3b9", 
"email": "usuario@colegio.es", 
"date_joined": "2008-10-13 17:49:20"
}
}, 
{
"pk": 45, 
"model": "auth.user", 
"fields": {
"username": "prof44", 
"first_name": "", 
"last_name": "", 
"is_active": true, 
"is_superuser": false, 
"is_staff": false, 
"last_login": "2008-11-18 10:46:10", 
"groups": [], 
"user_permissions": [], 
"password": "sha1$7e017$817faa70ade9963ee65d4731523a4c487d46a4e8", 
"email": "usuario@colegio.es", 
"date_joined": "2008-10-13 17:49:20"
}
}, 
{
"pk": 46, 
"model": "auth.user", 
"fields": {
"username": "prof45", 
"first_name": "", 
"last_name": "", 
"is_active": true, 
"is_superuser": false, 
"is_staff": false, 
"last_login": "2008-10-13 17:49:20", 
"groups": [], 
"user_permissions": [], 
"password": "sha1$9b2c9$8a976ca80cbd2eea26c11b877362fd85f022aa2e", 
"email": "usuario@colegio.es", 
"date_joined": "2008-10-13 17:49:20"
}
}, 
{
"pk": 47, 
"model": "auth.user", 
"fields": {
"username": "prof46", 
"first_name": "", 
"last_name": "", 
"is_active": true, 
"is_superuser": false, 
"is_staff": false, 
"last_login": "2008-11-12 15:49:44", 
"groups": [], 
"user_permissions": [], 
"password": "sha1$e2122$90ee921a36ac20b043c997e86dbf9e02909f2f1b", 
"email": "usuario@colegio.es", 
"date_joined": "2008-10-13 17:49:20"
}
}, 
{
"pk": 48, 
"model": "auth.user", 
"fields": {
"username": "prof47", 
"first_name": "", 
"last_name": "", 
"is_active": true, 
"is_superuser": false, 
"is_staff": false, 
"last_login": "2008-11-18 12:17:31", 
"groups": [], 
"user_permissions": [], 
"password": "sha1$6eb09$24e63b56a0ec71e340a978c0c1b6d8b293d292d9", 
"email": "usuario@colegio.es", 
"date_joined": "2008-10-13 17:49:20"
}
}, 
{
"pk": 51, 
"model": "auth.user", 
"fields": {
"username": "prof50", 
"first_name": "", 
"last_name": "", 
"is_active": true, 
"is_superuser": false, 
"is_staff": false, 
"last_login": "2008-11-14 19:51:02", 
"groups": [], 
"user_permissions": [], 
"password": "sha1$994dd$3696a900e2609caec0d0b7817659beeb33dd8a80", 
"email": "usuario@colegio.es", 
"date_joined": "2008-10-13 17:49:20"
}
}, 
{
"pk": 52, 
"model": "auth.user", 
"fields": {
"username": "prof51", 
"first_name": "", 
"last_name": "", 
"is_active": true, 
"is_superuser": false, 
"is_staff": false, 
"last_login": "2008-11-18 10:13:53", 
"groups": [], 
"user_permissions": [], 
"password": "sha1$27a77$a154a3b6adffa35fdc37610ad573fe2b7090cc0e", 
"email": "usuario@colegio.es", 
"date_joined": "2008-10-13 17:49:20"
}
}, 
{
"pk": 53, 
"model": "auth.user", 
"fields": {
"username": "prof52", 
"first_name": "", 
"last_name": "", 
"is_active": true, 
"is_superuser": false, 
"is_staff": false, 
"last_login": "2008-11-17 13:35:15", 
"groups": [], 
"user_permissions": [], 
"password": "sha1$c2d50$dda45da3ad6530147468d1fe1ba081ed83b8582f", 
"email": "usuario@colegio.es", 
"date_joined": "2008-10-13 17:49:20"
}
}, 
{
"pk": 54, 
"model": "auth.user", 
"fields": {
"username": "prof53", 
"first_name": "", 
"last_name": "", 
"is_active": true, 
"is_superuser": false, 
"is_staff": false, 
"last_login": "2008-10-13 17:49:20", 
"groups": [], 
"user_permissions": [], 
"password": "sha1$92ccb$0d307250d29c20394f4bf20acc30732d2430b0b3", 
"email": "usuario@colegio.es", 
"date_joined": "2008-10-13 17:49:20"
}
}, 
{
"pk": 56, 
"model": "auth.user", 
"fields": {
"username": "prof54", 
"first_name": "", 
"last_name": "", 
"is_active": true, 
"is_superuser": false, 
"is_staff": false, 
"last_login": "2008-11-18 11:02:41", 
"groups": [], 
"user_permissions": [], 
"password": "sha1$d20c2$959450616a71bcd14b744e97db85435894debb41", 
"email": "usuario@colegio.es", 
"date_joined": "2008-10-27 21:33:35"
}
}, 
{
"pk": 57, 
"model": "auth.user", 
"fields": {
"username": "prof55", 
"first_name": "", 
"last_name": "", 
"is_active": true, 
"is_superuser": false, 
"is_staff": false, 
"last_login": "2008-11-18 10:46:26", 
"groups": [], 
"user_permissions": [], 
"password": "sha1$faf3f$52c38c7736f1528d5ebacfeb03617ee85e421781", 
"email": "usuario@colegio.es", 
"date_joined": "2008-10-27 21:33:35"
}
}, 
{
"pk": 58, 
"model": "auth.user", 
"fields": {
"username": "prof56", 
"first_name": "", 
"last_name": "", 
"is_active": true, 
"is_superuser": false, 
"is_staff": false, 
"last_login": "2008-11-13 12:23:58", 
"groups": [], 
"user_permissions": [], 
"password": "sha1$7a6d5$966ee632de5f84f2519cdeb7047694397d8a4f6b", 
"email": "usuario@colegio.es", 
"date_joined": "2008-10-27 21:33:35"
}
}, 
{
"pk": 59, 
"model": "auth.user", 
"fields": {
"username": "prof57", 
"first_name": "", 
"last_name": "", 
"is_active": true, 
"is_superuser": false, 
"is_staff": false, 
"last_login": "2008-11-17 22:05:40", 
"groups": [], 
"user_permissions": [], 
"password": "sha1$35c78$6a86842e6a8fece52a27d62a93765371de2d03ec", 
"email": "usuario@colegio.es", 
"date_joined": "2008-10-27 21:33:35"
}
}, 
{
"pk": 811, 
"model": "auth.user", 
"fields": {
"username": "prof59", 
"first_name": "", 
"last_name": "", 
"is_active": true, 
"is_superuser": false, 
"is_staff": false, 
"last_login": "2008-11-18 12:53:38", 
"groups": [], 
"user_permissions": [], 
"password": "sha1$4ed5e$0acac69ad3b76224f8d429ebc645f8c339c3e484", 
"email": "", 
"date_joined": "2008-11-18 12:52:56"
}
}, 
{
"pk": 812, 
"model": "auth.user", 
"fields": {
"username": "rene", 
"first_name": "", 
"last_name": "", 
"is_active": true, 
"is_superuser": true, 
"is_staff": true, 
"last_login": "2008-11-27 17:19:02", 
"groups": [], 
"user_permissions": [], 
"password": "sha1$34e5f$851230c61cffdc9ad41f7df3c5bfc3084b7f4235", 
"email": "usuario@lkjfdc.com", 
"date_joined": "2008-11-20 16:45:27"
}
}, 
{
"pk": 34, 
"model": "contenttypes.contenttype", 
"fields": {
"model": "alumno", 
"name": "alumno", 
"app_label": "akademic"
}
}, 
{
"pk": 25, 
"model": "contenttypes.contenttype", 
"fields": {
"model": "asignatura", 
"name": "asignatura", 
"app_label": "akademic"
}
}, 
{
"pk": 28, 
"model": "contenttypes.contenttype", 
"fields": {
"model": "aula", 
"name": "aula", 
"app_label": "akademic"
}
}, 
{
"pk": 37, 
"model": "contenttypes.contenttype", 
"fields": {
"model": "ausencia", 
"name": "ausencia", 
"app_label": "akademic"
}
}, 
{
"pk": 16, 
"model": "contenttypes.contenttype", 
"fields": {
"model": "autorizacion", 
"name": "autorizacion", 
"app_label": "akademic"
}
}, 
{
"pk": 53, 
"model": "contenttypes.contenttype", 
"fields": {
"model": "calificacion", 
"name": "calificacion", 
"app_label": "akademic"
}
}, 
{
"pk": 55, 
"model": "contenttypes.contenttype", 
"fields": {
"model": "calificacioncompetencia", 
"name": "calificacion competencia", 
"app_label": "akademic"
}
}, 
{
"pk": 27, 
"model": "contenttypes.contenttype", 
"fields": {
"model": "centro", 
"name": "centro", 
"app_label": "akademic"
}
}, 
{
"pk": 45, 
"model": "contenttypes.contenttype", 
"fields": {
"model": "cita", 
"name": "cita", 
"app_label": "akademic"
}
}, 
{
"pk": 17, 
"model": "contenttypes.contenttype", 
"fields": {
"model": "clasificacion", 
"name": "clasificacion", 
"app_label": "akademic"
}
}, 
{
"pk": 51, 
"model": "contenttypes.contenttype", 
"fields": {
"model": "comentario", 
"name": "comentario", 
"app_label": "akademic"
}
}, 
{
"pk": 65, 
"model": "contenttypes.contenttype", 
"fields": {
"model": "comentario", 
"name": "comentario", 
"app_label": "incidencias"
}
}, 
{
"pk": 31, 
"model": "contenttypes.contenttype", 
"fields": {
"model": "competencia", 
"name": "competencia", 
"app_label": "akademic"
}
}, 
{
"pk": 22, 
"model": "contenttypes.contenttype", 
"fields": {
"model": "concierto", 
"name": "concierto", 
"app_label": "akademic"
}
}, 
{
"pk": 5, 
"model": "contenttypes.contenttype", 
"fields": {
"model": "contenttype", 
"name": "content type", 
"app_label": "contenttypes"
}
}, 
{
"pk": 58, 
"model": "contenttypes.contenttype", 
"fields": {
"model": "coordinadorciclo", 
"name": "coordinador ciclo", 
"app_label": "akademic"
}
}, 
{
"pk": 60, 
"model": "contenttypes.contenttype", 
"fields": {
"model": "director", 
"name": "director", 
"app_label": "akademic"
}
}, 
{
"pk": 50, 
"model": "contenttypes.contenttype", 
"fields": {
"model": "enviosfaltas", 
"name": "envios faltas", 
"app_label": "akademic"
}
}, 
{
"pk": 24, 
"model": "contenttypes.contenttype", 
"fields": {
"model": "estadocivil", 
"name": "estado civil", 
"app_label": "akademic"
}
}, 
{
"pk": 14, 
"model": "contenttypes.contenttype", 
"fields": {
"model": "estudiospadre", 
"name": "estudios padre", 
"app_label": "akademic"
}
}, 
{
"pk": 32, 
"model": "contenttypes.contenttype", 
"fields": {
"model": "evaluacion", 
"name": "evaluacion", 
"app_label": "akademic"
}
}, 
{
"pk": 35, 
"model": "contenttypes.contenttype", 
"fields": {
"model": "falta", 
"name": "falta", 
"app_label": "akademic"
}
}, 
{
"pk": 38, 
"model": "contenttypes.contenttype", 
"fields": {
"model": "faltacomportamiento", 
"name": "falta comportamiento", 
"app_label": "akademic"
}
}, 
{
"pk": 40, 
"model": "contenttypes.contenttype", 
"fields": {
"model": "faltamaterial", 
"name": "falta material", 
"app_label": "akademic"
}
}, 
{
"pk": 39, 
"model": "contenttypes.contenttype", 
"fields": {
"model": "faltatarea", 
"name": "falta tarea", 
"app_label": "akademic"
}
}, 
{
"pk": 2, 
"model": "contenttypes.contenttype", 
"fields": {
"model": "group", 
"name": "group", 
"app_label": "auth"
}
}, 
{
"pk": 41, 
"model": "contenttypes.contenttype", 
"fields": {
"model": "grupoaula", 
"name": "grupo aula", 
"app_label": "akademic"
}
}, 
{
"pk": 30, 
"model": "contenttypes.contenttype", 
"fields": {
"model": "hora", 
"name": "hora", 
"app_label": "akademic"
}
}, 
{
"pk": 46, 
"model": "contenttypes.contenttype", 
"fields": {
"model": "horario", 
"name": "horario", 
"app_label": "akademic"
}
}, 
{
"pk": 64, 
"model": "contenttypes.contenttype", 
"fields": {
"model": "incidencia", 
"name": "incidencia", 
"app_label": "incidencias"
}
}, 
{
"pk": 54, 
"model": "contenttypes.contenttype", 
"fields": {
"model": "informeevaluacion", 
"name": "informe evaluacion", 
"app_label": "akademic"
}
}, 
{
"pk": 11, 
"model": "contenttypes.contenttype", 
"fields": {
"model": "isla", 
"name": "isla", 
"app_label": "akademic"
}
}, 
{
"pk": 59, 
"model": "contenttypes.contenttype", 
"fields": {
"model": "jefeestudios", 
"name": "jefe estudios", 
"app_label": "akademic"
}
}, 
{
"pk": 8, 
"model": "contenttypes.contenttype", 
"fields": {
"model": "logentry", 
"name": "log entry", 
"app_label": "admin"
}
}, 
{
"pk": 47, 
"model": "contenttypes.contenttype", 
"fields": {
"model": "matricula", 
"name": "matricula", 
"app_label": "akademic"
}
}, 
{
"pk": 4, 
"model": "contenttypes.contenttype", 
"fields": {
"model": "message", 
"name": "message", 
"app_label": "auth"
}
}, 
{
"pk": 23, 
"model": "contenttypes.contenttype", 
"fields": {
"model": "minusvalia", 
"name": "minusvalia", 
"app_label": "akademic"
}
}, 
{
"pk": 10, 
"model": "contenttypes.contenttype", 
"fields": {
"model": "municipio", 
"name": "municipio", 
"app_label": "akademic"
}
}, 
{
"pk": 29, 
"model": "contenttypes.contenttype", 
"fields": {
"model": "nivel", 
"name": "nivel", 
"app_label": "akademic"
}
}, 
{
"pk": 57, 
"model": "contenttypes.contenttype", 
"fields": {
"model": "notificacion", 
"name": "notificacion", 
"app_label": "akademic"
}
}, 
{
"pk": 33, 
"model": "contenttypes.contenttype", 
"fields": {
"model": "padre", 
"name": "padre", 
"app_label": "akademic"
}
}, 
{
"pk": 15, 
"model": "contenttypes.contenttype", 
"fields": {
"model": "pais", 
"name": "pais", 
"app_label": "akademic"
}
}, 
{
"pk": 49, 
"model": "contenttypes.contenttype", 
"fields": {
"model": "parte", 
"name": "parte", 
"app_label": "akademic"
}
}, 
{
"pk": 48, 
"model": "contenttypes.contenttype", 
"fields": {
"model": "pas", 
"name": "pas", 
"app_label": "akademic"
}
}, 
{
"pk": 1, 
"model": "contenttypes.contenttype", 
"fields": {
"model": "permission", 
"name": "permission", 
"app_label": "auth"
}
}, 
{
"pk": 13, 
"model": "contenttypes.contenttype", 
"fields": {
"model": "profesion", 
"name": "profesion", 
"app_label": "akademic"
}
}, 
{
"pk": 42, 
"model": "contenttypes.contenttype", 
"fields": {
"model": "profesor", 
"name": "profesor", 
"app_label": "akademic"
}
}, 
{
"pk": 12, 
"model": "contenttypes.contenttype", 
"fields": {
"model": "provincia", 
"name": "provincia", 
"app_label": "akademic"
}
}, 
{
"pk": 66, 
"model": "contenttypes.contenttype", 
"fields": {
"model": "recurso", 
"name": "recurso", 
"app_label": "recursos"
}
}, 
{
"pk": 67, 
"model": "contenttypes.contenttype", 
"fields": {
"model": "reserva", 
"name": "reserva", 
"app_label": "recursos"
}
}, 
{
"pk": 52, 
"model": "contenttypes.contenttype", 
"fields": {
"model": "respuesta", 
"name": "respuesta", 
"app_label": "akademic"
}
}, 
{
"pk": 36, 
"model": "contenttypes.contenttype", 
"fields": {
"model": "retraso", 
"name": "retraso", 
"app_label": "akademic"
}
}, 
{
"pk": 6, 
"model": "contenttypes.contenttype", 
"fields": {
"model": "session", 
"name": "session", 
"app_label": "sessions"
}
}, 
{
"pk": 7, 
"model": "contenttypes.contenttype", 
"fields": {
"model": "site", 
"name": "site", 
"app_label": "sites"
}
}, 
{
"pk": 56, 
"model": "contenttypes.contenttype", 
"fields": {
"model": "textonotificacion", 
"name": "texto notificacion", 
"app_label": "akademic"
}
}, 
{
"pk": 19, 
"model": "contenttypes.contenttype", 
"fields": {
"model": "tipoconstruccion", 
"name": "tipo construccion", 
"app_label": "akademic"
}
}, 
{
"pk": 18, 
"model": "contenttypes.contenttype", 
"fields": {
"model": "tipoespacio", 
"name": "tipo espacio", 
"app_label": "akademic"
}
}, 
{
"pk": 20, 
"model": "contenttypes.contenttype", 
"fields": {
"model": "tipouso", 
"name": "tipo uso", 
"app_label": "akademic"
}
}, 
{
"pk": 9, 
"model": "contenttypes.contenttype", 
"fields": {
"model": "tipovia", 
"name": "tipo via", 
"app_label": "akademic"
}
}, 
{
"pk": 26, 
"model": "contenttypes.contenttype", 
"fields": {
"model": "turno", 
"name": "turno", 
"app_label": "akademic"
}
}, 
{
"pk": 43, 
"model": "contenttypes.contenttype", 
"fields": {
"model": "tutor", 
"name": "tutor", 
"app_label": "akademic"
}
}, 
{
"pk": 44, 
"model": "contenttypes.contenttype", 
"fields": {
"model": "tutoria", 
"name": "tutoria", 
"app_label": "akademic"
}
}, 
{
"pk": 21, 
"model": "contenttypes.contenttype", 
"fields": {
"model": "ubicacion", 
"name": "ubicacion", 
"app_label": "akademic"
}
}, 
{
"pk": 3, 
"model": "contenttypes.contenttype", 
"fields": {
"model": "user", 
"name": "user", 
"app_label": "auth"
}
}, 
{
"pk": 62, 
"model": "contenttypes.contenttype", 
"fields": {
"model": "usuariopadre", 
"name": "usuario padre", 
"app_label": "akademic"
}
}, 
{
"pk": 63, 
"model": "contenttypes.contenttype", 
"fields": {
"model": "usuariopas", 
"name": "usuario pas", 
"app_label": "akademic"
}
}, 
{
"pk": 61, 
"model": "contenttypes.contenttype", 
"fields": {
"model": "usuarioprofesor", 
"name": "usuario profesor", 
"app_label": "akademic"
}
}, 
{
"pk": 1, 
"model": "sites.site", 
"fields": {
"domain": "example.com", 
"name": "example.com"
}
}, 
{
"pk": 22, 
"model": "admin.logentry", 
"fields": {
"action_flag": 1, 
"action_time": "2008-11-27 17:21:34", 
"object_repr": "Dia: 1 Hora: Terc. Profesor: EDUARDO", 
"object_id": "717", 
"change_message": "", 
"user": 812, 
"content_type": 46
}
}, 
{
"pk": 21, 
"model": "admin.logentry", 
"fields": {
"action_flag": 1, 
"action_time": "2008-11-27 17:20:02", 
"object_repr": "Dia: 1 Hora: Prim. Profesor: EDUARDO", 
"object_id": "716", 
"change_message": "", 
"user": 812, 
"content_type": 46
}
}, 
{
"pk": 20, 
"model": "admin.logentry", 
"fields": {
"action_flag": 1, 
"action_time": "2008-11-20 16:46:38", 
"object_repr": "Dia: 1 Hora: Prim. Profesor: IRINA", 
"object_id": "715", 
"change_message": "", 
"user": 812, 
"content_type": 46
}
}, 
{
"pk": 1, 
"model": "akademic.tipovia", 
"fields": {
"idPincel": "1", 
"nombreCorto": "Via1", 
"nombreLargo": "Via1"
}
}, 
{
"pk": 1, 
"model": "akademic.municipio", 
"fields": {
"idPincel": "00000", 
"nombreCorto": "", 
"nombreLargo": ""
}
}, 
{
"pk": 51, 
"model": "akademic.municipio", 
"fields": {
"idPincel": "38180", 
"nombreCorto": "La Guancha", 
"nombreLargo": "La Guancha"
}
}, 
{
"pk": 55, 
"model": "akademic.municipio", 
"fields": {
"idPincel": "38230", 
"nombreCorto": "La Laguna", 
"nombreLargo": "San Cristobal de La Laguna"
}
}, 
{
"pk": 57, 
"model": "akademic.municipio", 
"fields": {
"idPincel": "38250", 
"nombreCorto": "La Matanza", 
"nombreLargo": "La Matanza de Acentejo"
}
}, 
{
"pk": 59, 
"model": "akademic.municipio", 
"fields": {
"idPincel": "38270", 
"nombreCorto": "La Orotava", 
"nombreLargo": "La Orotava"
}
}, 
{
"pk": 63, 
"model": "akademic.municipio", 
"fields": {
"idPincel": "38320", 
"nombreCorto": "Realejos", 
"nombreLargo": "Los Realejos"
}
}, 
{
"pk": 69, 
"model": "akademic.municipio", 
"fields": {
"idPincel": "38390", 
"nombreCorto": "S. \u00darsula", 
"nombreLargo": "Santa \u00darsula"
}
}, 
{
"pk": 81, 
"model": "akademic.municipio", 
"fields": {
"idPincel": "38510", 
"nombreCorto": "Victoria", 
"nombreLargo": "La Victoria de Acentejo"
}
}, 
{
"pk": 83, 
"model": "akademic.municipio", 
"fields": {
"idPincel": "38001", 
"nombreCorto": "S/C Tfe.", 
"nombreLargo": "Santa Cruz de Tenerife"
}
}, 
{
"pk": 86, 
"model": "akademic.municipio", 
"fields": {
"idPincel": "38220", 
"nombreCorto": "Icod", 
"nombreLargo": "Icod de los Vinos"
}
}, 
{
"pk": 88, 
"model": "akademic.municipio", 
"fields": {
"idPincel": "38290", 
"nombreCorto": "Pto. Cruz", 
"nombreLargo": "Puerto de la Cruz"
}
}, 
{
"pk": 1, 
"model": "akademic.isla", 
"fields": {
"idPincel": "1", 
"nombreCorto": "Fuerteven.", 
"nombreLargo": "Fuerteventura"
}
}, 
{
"pk": 2, 
"model": "akademic.isla", 
"fields": {
"idPincel": "2", 
"nombreCorto": "Lanzarote", 
"nombreLargo": "Lanzarote"
}
}, 
{
"pk": 3, 
"model": "akademic.isla", 
"fields": {
"idPincel": "3", 
"nombreCorto": "G. Canaria", 
"nombreLargo": "Gran Canaria"
}
}, 
{
"pk": 4, 
"model": "akademic.isla", 
"fields": {
"idPincel": "4", 
"nombreCorto": "La Gomera", 
"nombreLargo": "La Gomera"
}
}, 
{
"pk": 5, 
"model": "akademic.isla", 
"fields": {
"idPincel": "5", 
"nombreCorto": "El Hierro", 
"nombreLargo": "El Hierro"
}
}, 
{
"pk": 6, 
"model": "akademic.isla", 
"fields": {
"idPincel": "6", 
"nombreCorto": "La Palma", 
"nombreLargo": "La Palma"
}
}, 
{
"pk": 7, 
"model": "akademic.isla", 
"fields": {
"idPincel": "7", 
"nombreCorto": "Tenerife", 
"nombreLargo": "Tenerife"
}
}, 
{
"pk": 8, 
"model": "akademic.isla", 
"fields": {
"idPincel": "0", 
"nombreCorto": "Desconoc.", 
"nombreLargo": "Desconocida"
}
}, 
{
"pk": 1, 
"model": "akademic.provincia", 
"fields": {
"idPincel": "01", 
"nombreCorto": "\u00c1lava", 
"nombreLargo": "\u00c1lava"
}
}, 
{
"pk": 2, 
"model": "akademic.provincia", 
"fields": {
"idPincel": "02", 
"nombreCorto": "Albacete", 
"nombreLargo": "Albacete"
}
}, 
{
"pk": 3, 
"model": "akademic.provincia", 
"fields": {
"idPincel": "03", 
"nombreCorto": "Alicante", 
"nombreLargo": "Alicante"
}
}, 
{
"pk": 4, 
"model": "akademic.provincia", 
"fields": {
"idPincel": "04", 
"nombreCorto": "Almer\u00eda", 
"nombreLargo": "Almer\u00eda"
}
}, 
{
"pk": 5, 
"model": "akademic.provincia", 
"fields": {
"idPincel": "05", 
"nombreCorto": "\u00c1vila", 
"nombreLargo": "\u00c1vila"
}
}, 
{
"pk": 6, 
"model": "akademic.provincia", 
"fields": {
"idPincel": "06", 
"nombreCorto": "Badajoz", 
"nombreLargo": "Badajoz"
}
}, 
{
"pk": 7, 
"model": "akademic.provincia", 
"fields": {
"idPincel": "07", 
"nombreCorto": "Baleares", 
"nombreLargo": "Baleares"
}
}, 
{
"pk": 8, 
"model": "akademic.provincia", 
"fields": {
"idPincel": "08", 
"nombreCorto": "Barcelona", 
"nombreLargo": "Barcelona"
}
}, 
{
"pk": 9, 
"model": "akademic.provincia", 
"fields": {
"idPincel": "09", 
"nombreCorto": "Burgos", 
"nombreLargo": "Burgos"
}
}, 
{
"pk": 10, 
"model": "akademic.provincia", 
"fields": {
"idPincel": "10", 
"nombreCorto": "C\u00e1ceres", 
"nombreLargo": "C\u00e1ceres"
}
}, 
{
"pk": 11, 
"model": "akademic.provincia", 
"fields": {
"idPincel": "11", 
"nombreCorto": "C\u00e1diz", 
"nombreLargo": "C\u00e1diz"
}
}, 
{
"pk": 12, 
"model": "akademic.provincia", 
"fields": {
"idPincel": "12", 
"nombreCorto": "Castell\u00f3n", 
"nombreLargo": "Castell\u00f3n"
}
}, 
{
"pk": 13, 
"model": "akademic.provincia", 
"fields": {
"idPincel": "13", 
"nombreCorto": "Ciudad R.", 
"nombreLargo": "Ciudad Real"
}
}, 
{
"pk": 14, 
"model": "akademic.provincia", 
"fields": {
"idPincel": "14", 
"nombreCorto": "C\u00f3rdoba", 
"nombreLargo": "C\u00f3rdoba"
}
}, 
{
"pk": 15, 
"model": "akademic.provincia", 
"fields": {
"idPincel": "15", 
"nombreCorto": "La Coru\u00f1a", 
"nombreLargo": "La Coru\u00f1a"
}
}, 
{
"pk": 16, 
"model": "akademic.provincia", 
"fields": {
"idPincel": "16", 
"nombreCorto": "Cuenca", 
"nombreLargo": "Cuenca"
}
}, 
{
"pk": 17, 
"model": "akademic.provincia", 
"fields": {
"idPincel": "17", 
"nombreCorto": "Gerona", 
"nombreLargo": "Gerona"
}
}, 
{
"pk": 18, 
"model": "akademic.provincia", 
"fields": {
"idPincel": "18", 
"nombreCorto": "Granada", 
"nombreLargo": "Granada"
}
}, 
{
"pk": 19, 
"model": "akademic.provincia", 
"fields": {
"idPincel": "19", 
"nombreCorto": "Guadalaj.", 
"nombreLargo": "Guadalajara"
}
}, 
{
"pk": 20, 
"model": "akademic.provincia", 
"fields": {
"idPincel": "20", 
"nombreCorto": "Guipuzcoa", 
"nombreLargo": "Guipuzcoa"
}
}, 
{
"pk": 21, 
"model": "akademic.provincia", 
"fields": {
"idPincel": "21", 
"nombreCorto": "Huelva", 
"nombreLargo": "Huelva"
}
}, 
{
"pk": 22, 
"model": "akademic.provincia", 
"fields": {
"idPincel": "22", 
"nombreCorto": "Huesca", 
"nombreLargo": "Huesca"
}
}, 
{
"pk": 23, 
"model": "akademic.provincia", 
"fields": {
"idPincel": "23", 
"nombreCorto": "Ja\u00e9n", 
"nombreLargo": "Ja\u00e9n"
}
}, 
{
"pk": 24, 
"model": "akademic.provincia", 
"fields": {
"idPincel": "24", 
"nombreCorto": "Le\u00f3n", 
"nombreLargo": "Le\u00f3n"
}
}, 
{
"pk": 25, 
"model": "akademic.provincia", 
"fields": {
"idPincel": "25", 
"nombreCorto": "L\u00e9rida", 
"nombreLargo": "L\u00e9rida"
}
}, 
{
"pk": 26, 
"model": "akademic.provincia", 
"fields": {
"idPincel": "26", 
"nombreCorto": "La Rioja", 
"nombreLargo": "La Rioja"
}
}, 
{
"pk": 27, 
"model": "akademic.provincia", 
"fields": {
"idPincel": "27", 
"nombreCorto": "Lugo", 
"nombreLargo": "Lugo"
}
}, 
{
"pk": 28, 
"model": "akademic.provincia", 
"fields": {
"idPincel": "28", 
"nombreCorto": "Madrid", 
"nombreLargo": "Madrid"
}
}, 
{
"pk": 29, 
"model": "akademic.provincia", 
"fields": {
"idPincel": "29", 
"nombreCorto": "M\u00e1laga", 
"nombreLargo": "M\u00e1laga"
}
}, 
{
"pk": 30, 
"model": "akademic.provincia", 
"fields": {
"idPincel": "30", 
"nombreCorto": "Murcia", 
"nombreLargo": "Murcia"
}
}, 
{
"pk": 31, 
"model": "akademic.provincia", 
"fields": {
"idPincel": "31", 
"nombreCorto": "Navarra", 
"nombreLargo": "Navarra"
}
}, 
{
"pk": 32, 
"model": "akademic.provincia", 
"fields": {
"idPincel": "32", 
"nombreCorto": "Orense", 
"nombreLargo": "Orense"
}
}, 
{
"pk": 33, 
"model": "akademic.provincia", 
"fields": {
"idPincel": "33", 
"nombreCorto": "Asturias", 
"nombreLargo": "Asturias (Oviedo)"
}
}, 
{
"pk": 34, 
"model": "akademic.provincia", 
"fields": {
"idPincel": "34", 
"nombreCorto": "Palencia", 
"nombreLargo": "Palencia"
}
}, 
{
"pk": 35, 
"model": "akademic.provincia", 
"fields": {
"idPincel": "35", 
"nombreCorto": "Las Palmas", 
"nombreLargo": "Las Palmas"
}
}, 
{
"pk": 36, 
"model": "akademic.provincia", 
"fields": {
"idPincel": "36", 
"nombreCorto": "Pontevedra", 
"nombreLargo": "Pontevedra"
}
}, 
{
"pk": 37, 
"model": "akademic.provincia", 
"fields": {
"idPincel": "37", 
"nombreCorto": "Salamanca", 
"nombreLargo": "Salamanca"
}
}, 
{
"pk": 38, 
"model": "akademic.provincia", 
"fields": {
"idPincel": "38", 
"nombreCorto": "S/C de Tfe", 
"nombreLargo": "Santa Cruz de Tenerife"
}
}, 
{
"pk": 39, 
"model": "akademic.provincia", 
"fields": {
"idPincel": "39", 
"nombreCorto": "Cantabria", 
"nombreLargo": "Cantabria (Santander)"
}
}, 
{
"pk": 40, 
"model": "akademic.provincia", 
"fields": {
"idPincel": "40", 
"nombreCorto": "Segovia", 
"nombreLargo": "Segovia"
}
}, 
{
"pk": 41, 
"model": "akademic.provincia", 
"fields": {
"idPincel": "41", 
"nombreCorto": "Sevilla", 
"nombreLargo": "Sevilla"
}
}, 
{
"pk": 42, 
"model": "akademic.provincia", 
"fields": {
"idPincel": "42", 
"nombreCorto": "Soria", 
"nombreLargo": "Soria"
}
}, 
{
"pk": 43, 
"model": "akademic.provincia", 
"fields": {
"idPincel": "43", 
"nombreCorto": "Tarragona", 
"nombreLargo": "Tarragona"
}
}, 
{
"pk": 44, 
"model": "akademic.provincia", 
"fields": {
"idPincel": "44", 
"nombreCorto": "Teruel", 
"nombreLargo": "Teruel"
}
}, 
{
"pk": 45, 
"model": "akademic.provincia", 
"fields": {
"idPincel": "45", 
"nombreCorto": "Toledo", 
"nombreLargo": "Toledo"
}
}, 
{
"pk": 46, 
"model": "akademic.provincia", 
"fields": {
"idPincel": "46", 
"nombreCorto": "Valencia", 
"nombreLargo": "Valencia"
}
}, 
{
"pk": 47, 
"model": "akademic.provincia", 
"fields": {
"idPincel": "47", 
"nombreCorto": "Valladolid", 
"nombreLargo": "Valladolid"
}
}, 
{
"pk": 48, 
"model": "akademic.provincia", 
"fields": {
"idPincel": "48", 
"nombreCorto": "Vizcaya", 
"nombreLargo": "Vizcaya"
}
}, 
{
"pk": 49, 
"model": "akademic.provincia", 
"fields": {
"idPincel": "49", 
"nombreCorto": "Zamora", 
"nombreLargo": "Zamora"
}
}, 
{
"pk": 50, 
"model": "akademic.provincia", 
"fields": {
"idPincel": "50", 
"nombreCorto": "Zaragoza", 
"nombreLargo": "Zaragoza"
}
}, 
{
"pk": 51, 
"model": "akademic.provincia", 
"fields": {
"idPincel": "55", 
"nombreCorto": "Ceuta", 
"nombreLargo": "Ceuta"
}
}, 
{
"pk": 52, 
"model": "akademic.provincia", 
"fields": {
"idPincel": "56", 
"nombreCorto": "Melilla", 
"nombreLargo": "Melilla"
}
}, 
{
"pk": 53, 
"model": "akademic.provincia", 
"fields": {
"idPincel": "00", 
"nombreCorto": "Desconoc.", 
"nombreLargo": "Desconocida"
}
}, 
{
"pk": 1, 
"model": "akademic.profesion", 
"fields": {
"idPincel": "000", 
"nombreCorto": "Desconoc.", 
"nombreLargo": "Desconocida"
}
}, 
{
"pk": 2, 
"model": "akademic.profesion", 
"fields": {
"idPincel": "11", 
"nombreCorto": "Agr./Pes.1", 
"nombreLargo": "Empres. agr.,gan.,pesca con asalariados"
}
}, 
{
"pk": 3, 
"model": "akademic.profesion", 
"fields": {
"idPincel": "12", 
"nombreCorto": "Agr./Pes.2", 
"nombreLargo": "Empres. agr.,gan.,pesca sin asal. y coop"
}
}, 
{
"pk": 4, 
"model": "akademic.profesion", 
"fields": {
"idPincel": "13", 
"nombreCorto": "Agr./Pes.3", 
"nombreLargo": "Resto de trabajadores agrarios o simil."
}
}, 
{
"pk": 5, 
"model": "akademic.profesion", 
"fields": {
"idPincel": "21", 
"nombreCorto": "Empresar.1", 
"nombreLargo": "Empresarios con 10 o m\u00e1s asalariados"
}
}, 
{
"pk": 6, 
"model": "akademic.profesion", 
"fields": {
"idPincel": "22", 
"nombreCorto": "Empresar.2", 
"nombreLargo": "Empresarios con menos de 10 asal."
}
}, 
{
"pk": 7, 
"model": "akademic.profesion", 
"fields": {
"idPincel": "23", 
"nombreCorto": "Empresar.3", 
"nombreLargo": "Empresarios sin asal. y cooperativistas"
}
}, 
{
"pk": 8, 
"model": "akademic.profesion", 
"fields": {
"idPincel": "31", 
"nombreCorto": "Alto Ejec.", 
"nombreLargo": "Alto personal directivo"
}
}, 
{
"pk": 9, 
"model": "akademic.profesion", 
"fields": {
"idPincel": "32", 
"nombreCorto": "Jefe Depto", 
"nombreLargo": "Jefes de departamentos admtivos. y com."
}
}, 
{
"pk": 10, 
"model": "akademic.profesion", 
"fields": {
"idPincel": "33", 
"nombreCorto": "P. admtivo", 
"nombreLargo": "Resto del personal admtivos. y comercial"
}
}, 
{
"pk": 11, 
"model": "akademic.profesion", 
"fields": {
"idPincel": "41", 
"nombreCorto": "T\u00e9c. Alto", 
"nombreLargo": "Profesionales y alto personal t\u00e9cnico"
}
}, 
{
"pk": 12, 
"model": "akademic.profesion", 
"fields": {
"idPincel": "42", 
"nombreCorto": "T\u00e9c. Medio", 
"nombreLargo": "Profesionales y t\u00e9cnicos medios"
}
}, 
{
"pk": 13, 
"model": "akademic.profesion", 
"fields": {
"idPincel": "51", 
"nombreCorto": "Capataces", 
"nombreLargo": "Contramaestres y capataces"
}
}, 
{
"pk": 14, 
"model": "akademic.profesion", 
"fields": {
"idPincel": "52", 
"nombreCorto": "Obr. Cual.", 
"nombreLargo": "Obreros cualificados y especializados"
}
}, 
{
"pk": 15, 
"model": "akademic.profesion", 
"fields": {
"idPincel": "53", 
"nombreCorto": "Servicios", 
"nombreLargo": "Resto de trabajadores de servicios"
}
}, 
{
"pk": 16, 
"model": "akademic.profesion", 
"fields": {
"idPincel": "54", 
"nombreCorto": "Obreros", 
"nombreLargo": "Obreros sin especializaci\u00f3n"
}
}, 
{
"pk": 17, 
"model": "akademic.profesion", 
"fields": {
"idPincel": "61", 
"nombreCorto": "Alto Cargo", 
"nombreLargo": "Altos cargos de la Adm\u00f3n. P\u00fablica"
}
}, 
{
"pk": 18, 
"model": "akademic.profesion", 
"fields": {
"idPincel": "62", 
"nombreCorto": "Funcionar.", 
"nombreLargo": "Funcionarios con tit. superior y medio"
}
}, 
{
"pk": 19, 
"model": "akademic.profesion", 
"fields": {
"idPincel": "63", 
"nombreCorto": "Adm\u00f3n.P\u00fab.", 
"nombreLargo": "Resto del personal de la Adm\u00f3n. P\u00fablica"
}
}, 
{
"pk": 20, 
"model": "akademic.profesion", 
"fields": {
"idPincel": "71", 
"nombreCorto": "P. Liberal", 
"nombreLargo": "Profesiones liberales"
}
}, 
{
"pk": 21, 
"model": "akademic.profesion", 
"fields": {
"idPincel": "72", 
"nombreCorto": "T. Indep.", 
"nombreLargo": "Trabajador independiente"
}
}, 
{
"pk": 22, 
"model": "akademic.profesion", 
"fields": {
"idPincel": "81", 
"nombreCorto": "Oficiales", 
"nombreLargo": "Generales, Jefes y Oficiales"
}
}, 
{
"pk": 23, 
"model": "akademic.profesion", 
"fields": {
"idPincel": "82", 
"nombreCorto": "Suboficial", 
"nombreLargo": "Suboficiales, y fuerzas de orden p\u00fablico"
}
}, 
{
"pk": 24, 
"model": "akademic.profesion", 
"fields": {
"idPincel": "91", 
"nombreCorto": "Espor\u00e1dico", 
"nombreLargo": "Trabajos espor\u00e1dicos"
}
}, 
{
"pk": 25, 
"model": "akademic.profesion", 
"fields": {
"idPincel": "92", 
"nombreCorto": "Amas casa", 
"nombreLargo": "Amas de casa"
}
}, 
{
"pk": 26, 
"model": "akademic.profesion", 
"fields": {
"idPincel": "93", 
"nombreCorto": "No trabaja", 
"nombreLargo": "No trabaja"
}
}, 
{
"pk": 27, 
"model": "akademic.profesion", 
"fields": {
"idPincel": "97", 
"nombreCorto": "Sin Prof.", 
"nombreLargo": "En situaci\u00f3n de privaci\u00f3n de libertad"
}
}, 
{
"pk": 28, 
"model": "akademic.profesion", 
"fields": {
"idPincel": "98", 
"nombreCorto": "Parado", 
"nombreLargo": "En situaci\u00f3n de desempleo"
}
}, 
{
"pk": 29, 
"model": "akademic.profesion", 
"fields": {
"idPincel": "99", 
"nombreCorto": "Pensionis.", 
"nombreLargo": "Pensionistas por cualquier concepto"
}
}, 
{
"pk": 1, 
"model": "akademic.estudiospadre", 
"fields": {
"idPincel": "0", 
"nombreCorto": "Desconco.", 
"nombreLargo": "Desconocido"
}
}, 
{
"pk": 2, 
"model": "akademic.estudiospadre", 
"fields": {
"idPincel": "1", 
"nombreCorto": "Primarios", 
"nombreLargo": "Estudios Primarios"
}
}, 
{
"pk": 3, 
"model": "akademic.estudiospadre", 
"fields": {
"idPincel": "2", 
"nombreCorto": "EE. MM.", 
"nombreLargo": "Estudios Secundarios"
}
}, 
{
"pk": 4, 
"model": "akademic.estudiospadre", 
"fields": {
"idPincel": "3", 
"nombreCorto": "Diplomados", 
"nombreLargo": "Diplomados Universitarios"
}
}, 
{
"pk": 5, 
"model": "akademic.estudiospadre", 
"fields": {
"idPincel": "4", 
"nombreCorto": "Licenciad.", 
"nombreLargo": "Licenciados"
}
}, 
{
"pk": 6, 
"model": "akademic.estudiospadre", 
"fields": {
"idPincel": "5", 
"nombreCorto": "Doctores", 
"nombreLargo": "Doctores"
}
}, 
{
"pk": 7, 
"model": "akademic.estudiospadre", 
"fields": {
"idPincel": "6", 
"nombreCorto": "Sin estud.", 
"nombreLargo": "Sin estudios"
}
}, 
{
"pk": 1, 
"model": "akademic.pais", 
"fields": {
"idPincel": "724", 
"nombreCorto": "Espa\u00f1a", 
"nombreLargo": "Espa\u00f1a"
}
}, 
{
"pk": 9, 
"model": "akademic.pais", 
"fields": {
"idPincel": "032", 
"nombreCorto": "Argentina", 
"nombreLargo": "Argentina"
}
}, 
{
"pk": 13, 
"model": "akademic.pais", 
"fields": {
"idPincel": "056", 
"nombreCorto": "B\u00e9lgica", 
"nombreLargo": "B\u00e9lgica"
}
}, 
{
"pk": 30, 
"model": "akademic.pais", 
"fields": {
"idPincel": "170", 
"nombreCorto": "Colombia", 
"nombreLargo": "Colombia"
}
}, 
{
"pk": 61, 
"model": "akademic.pais", 
"fields": {
"idPincel": "380", 
"nombreCorto": "Italia", 
"nombreLargo": "Italia"
}
}, 
{
"pk": 64, 
"model": "akademic.pais", 
"fields": {
"idPincel": "528", 
"nombreCorto": "Holanda", 
"nombreLargo": "Holanda"
}
}, 
{
"pk": 97, 
"model": "akademic.pais", 
"fields": {
"idPincel": "862", 
"nombreCorto": "Venezuela", 
"nombreLargo": "Venezuela"
}
}, 
{
"pk": 1, 
"model": "akademic.autorizacion", 
"fields": {
"idPincel": "00", 
"nombreCorto": "Desconoc", 
"nombreLargo": "Desconocida"
}
}, 
{
"pk": 2, 
"model": "akademic.autorizacion", 
"fields": {
"idPincel": "01", 
"nombreCorto": "Definitiva", 
"nombreLargo": "Definitiva"
}
}, 
{
"pk": 3, 
"model": "akademic.autorizacion", 
"fields": {
"idPincel": "02", 
"nombreCorto": "Provision.", 
"nombreLargo": "Provisional"
}
}, 
{
"pk": 4, 
"model": "akademic.autorizacion", 
"fields": {
"idPincel": "03", 
"nombreCorto": "Sin clasif", 
"nombreLargo": "Sin clasificar"
}
}, 
{
"pk": 1, 
"model": "akademic.clasificacion", 
"fields": {
"idPincel": "0", 
"nombreCorto": "Desconoc.", 
"nombreLargo": "Desconocido"
}
}, 
{
"pk": 2, 
"model": "akademic.clasificacion", 
"fields": {
"idPincel": "2", 
"nombreCorto": "Homologado", 
"nombreLargo": "Homologado"
}
}, 
{
"pk": 3, 
"model": "akademic.clasificacion", 
"fields": {
"idPincel": "3", 
"nombreCorto": "Libre", 
"nombreLargo": "Libre"
}
}, 
{
"pk": 4, 
"model": "akademic.clasificacion", 
"fields": {
"idPincel": "4", 
"nombreCorto": "H\u00e1bil", 
"nombreLargo": "H\u00e1bil"
}
}, 
{
"pk": 5, 
"model": "akademic.clasificacion", 
"fields": {
"idPincel": "1", 
"nombreCorto": "No homolog", 
"nombreLargo": "No homologado"
}
}, 
{
"pk": 1, 
"model": "akademic.tipoespacio", 
"fields": {
"idPincel": "0", 
"nombreCorto": "Desconoc.", 
"nombreLargo": "Desconocido"
}
}, 
{
"pk": 2, 
"model": "akademic.tipoespacio", 
"fields": {
"idPincel": "1", 
"nombreCorto": "Aula", 
"nombreLargo": "Aula"
}
}, 
{
"pk": 3, 
"model": "akademic.tipoespacio", 
"fields": {
"idPincel": "110101", 
"nombreCorto": "Aulas Ocup", 
"nombreLargo": "Aulas Ocupadas con Grupo"
}
}, 
{
"pk": 4, 
"model": "akademic.tipoespacio", 
"fields": {
"idPincel": "110102", 
"nombreCorto": "Aulas Ocup", 
"nombreLargo": "Aulas Ocupadas con Otros Usos"
}
}, 
{
"pk": 5, 
"model": "akademic.tipoespacio", 
"fields": {
"idPincel": "110103", 
"nombreCorto": "Aulas Deso", 
"nombreLargo": "Aulas Desocupadas"
}
}, 
{
"pk": 6, 
"model": "akademic.tipoespacio", 
"fields": {
"idPincel": "110106", 
"nombreCorto": "Aulas de I", 
"nombreLargo": "Aulas de Inform\u00e1tica"
}
}, 
{
"pk": 7, 
"model": "akademic.tipoespacio", 
"fields": {
"idPincel": "110107", 
"nombreCorto": "Aulas de D", 
"nombreLargo": "Aulas de Dibujo"
}
}, 
{
"pk": 8, 
"model": "akademic.tipoespacio", 
"fields": {
"idPincel": "110108", 
"nombreCorto": "Aulas de M", 
"nombreLargo": "Aulas de M\u00fasica"
}
}, 
{
"pk": 9, 
"model": "akademic.tipoespacio", 
"fields": {
"idPincel": "110109", 
"nombreCorto": "Aulas de T", 
"nombreLargo": "Aulas de Tecnolog\u00eda"
}
}, 
{
"pk": 10, 
"model": "akademic.tipoespacio", 
"fields": {
"idPincel": "110110", 
"nombreCorto": "Aulas M\u00fas,", 
"nombreLargo": "Aulas de M\u00fasica, Dramatizaci\u00f3n y Audio"
}
}, 
{
"pk": 11, 
"model": "akademic.tipoespacio", 
"fields": {
"idPincel": "110112", 
"nombreCorto": "Aulas Pl\u00e1s", 
"nombreLargo": "Aulas de Pl\u00e1stica y Visual"
}
}, 
{
"pk": 12, 
"model": "akademic.tipoespacio", 
"fields": {
"idPincel": "110113", 
"nombreCorto": "Aulas Apoy", 
"nombreLargo": "Aulas de Apoyo a Integraci\u00f3n"
}
}, 
{
"pk": 13, 
"model": "akademic.tipoespacio", 
"fields": {
"idPincel": "110201", 
"nombreCorto": "Sala Usos", 
"nombreLargo": "Sala de Usos M\u00faltiples"
}
}, 
{
"pk": 14, 
"model": "akademic.tipoespacio", 
"fields": {
"idPincel": "110202", 
"nombreCorto": "Sal\u00f3n de A", 
"nombreLargo": "Sal\u00f3n de Actos"
}
}, 
{
"pk": 15, 
"model": "akademic.tipoespacio", 
"fields": {
"idPincel": "110205", 
"nombreCorto": "Sala de Tu", 
"nombreLargo": "Sala de Tutor\u00eda"
}
}, 
{
"pk": 16, 
"model": "akademic.tipoespacio", 
"fields": {
"idPincel": "110206", 
"nombreCorto": "Sala de Ot", 
"nombreLargo": "Sala de Otros Usos"
}
}, 
{
"pk": 17, 
"model": "akademic.tipoespacio", 
"fields": {
"idPincel": "110301", 
"nombreCorto": "Gimnasio", 
"nombreLargo": "Gimnasio"
}
}, 
{
"pk": 18, 
"model": "akademic.tipoespacio", 
"fields": {
"idPincel": "110302", 
"nombreCorto": "Canch.Pol.", 
"nombreLargo": "Canchas Polideportivas Aire Libre"
}
}, 
{
"pk": 19, 
"model": "akademic.tipoespacio", 
"fields": {
"idPincel": "110303", 
"nombreCorto": "Canch.Pol.", 
"nombreLargo": "Canchas Polideportivas Cubiertas"
}
}, 
{
"pk": 20, 
"model": "akademic.tipoespacio", 
"fields": {
"idPincel": "110304", 
"nombreCorto": "Terr.Lucha", 
"nombreLargo": "Terrero Lucha Canaria"
}
}, 
{
"pk": 21, 
"model": "akademic.tipoespacio", 
"fields": {
"idPincel": "110305", 
"nombreCorto": "Vest./Aseo", 
"nombreLargo": "Vestuarios/Aseos Actividades Deportivas"
}
}, 
{
"pk": 22, 
"model": "akademic.tipoespacio", 
"fields": {
"idPincel": "110306", 
"nombreCorto": "Aula Ens.A", 
"nombreLargo": "Aula Ense\u00f1anza y Actividades Deportivas"
}
}, 
{
"pk": 23, 
"model": "akademic.tipoespacio", 
"fields": {
"idPincel": "110401", 
"nombreCorto": "Aseos Alum", 
"nombreLargo": "Aseos Alumnos"
}
}, 
{
"pk": 24, 
"model": "akademic.tipoespacio", 
"fields": {
"idPincel": "110402", 
"nombreCorto": "Aseos Alum", 
"nombreLargo": "Aseos Alumnas"
}
}, 
{
"pk": 25, 
"model": "akademic.tipoespacio", 
"fields": {
"idPincel": "110403", 
"nombreCorto": "Aseos Prof", 
"nombreLargo": "Aseos Profesores"
}
}, 
{
"pk": 26, 
"model": "akademic.tipoespacio", 
"fields": {
"idPincel": "110404", 
"nombreCorto": "Aseos Alum", 
"nombreLargo": "Aseos de Alumnos con Discapacidad"
}
}, 
{
"pk": 27, 
"model": "akademic.tipoespacio", 
"fields": {
"idPincel": "110501", 
"nombreCorto": "Arm.-Guard", 
"nombreLargo": "Armarios y Guardarropas en Aulas"
}
}, 
{
"pk": 28, 
"model": "akademic.tipoespacio", 
"fields": {
"idPincel": "110502", 
"nombreCorto": "Ascensor", 
"nombreLargo": "Ascensor"
}
}, 
{
"pk": 29, 
"model": "akademic.tipoespacio", 
"fields": {
"idPincel": "110601", 
"nombreCorto": "Biblioteca", 
"nombreLargo": "Biblioteca"
}
}, 
{
"pk": 30, 
"model": "akademic.tipoespacio", 
"fields": {
"idPincel": "110701", 
"nombreCorto": "Laboratori", 
"nombreLargo": "Laboratorio de F\u00edsica"
}
}, 
{
"pk": 31, 
"model": "akademic.tipoespacio", 
"fields": {
"idPincel": "110702", 
"nombreCorto": "Laboratori", 
"nombreLargo": "Laboratorio de Qu\u00edmica"
}
}, 
{
"pk": 32, 
"model": "akademic.tipoespacio", 
"fields": {
"idPincel": "110703", 
"nombreCorto": "Laboratori", 
"nombreLargo": "Laboratorio de Ciencias Naturales"
}
}, 
{
"pk": 33, 
"model": "akademic.tipoespacio", 
"fields": {
"idPincel": "110705", 
"nombreCorto": "Laboratori", 
"nombreLargo": "Laboratorio de Fotograf\u00eda"
}
}, 
{
"pk": 34, 
"model": "akademic.tipoespacio", 
"fields": {
"idPincel": "110706", 
"nombreCorto": "Laboratori", 
"nombreLargo": "Laboratorio de Idiomas"
}
}, 
{
"pk": 35, 
"model": "akademic.tipoespacio", 
"fields": {
"idPincel": "110707", 
"nombreCorto": "Laboratori", 
"nombreLargo": "Laboratorio Otros"
}
}, 
{
"pk": 36, 
"model": "akademic.tipoespacio", 
"fields": {
"idPincel": "110892", 
"nombreCorto": "Taller-Ram", 
"nombreLargo": "Taller - Indicar Rama/Familia:"
}
}, 
{
"pk": 37, 
"model": "akademic.tipoespacio", 
"fields": {
"idPincel": "110893", 
"nombreCorto": "Taller-Ram", 
"nombreLargo": "Taller - Indicar Rama/Familia:"
}
}, 
{
"pk": 38, 
"model": "akademic.tipoespacio", 
"fields": {
"idPincel": "110894", 
"nombreCorto": "Taller-Ram", 
"nombreLargo": "Taller - Indicar Rama/Familia:"
}
}, 
{
"pk": 39, 
"model": "akademic.tipoespacio", 
"fields": {
"idPincel": "110895", 
"nombreCorto": "Taller-Ram", 
"nombreLargo": "Taller - Indicar Rama/Familia:"
}
}, 
{
"pk": 40, 
"model": "akademic.tipoespacio", 
"fields": {
"idPincel": "110896", 
"nombreCorto": "Taller-Ram", 
"nombreLargo": "Taller - Indicar Rama/Familia:"
}
}, 
{
"pk": 41, 
"model": "akademic.tipoespacio", 
"fields": {
"idPincel": "110897", 
"nombreCorto": "Taller-Ram", 
"nombreLargo": "Taller - Indicar Rama/Familia:"
}
}, 
{
"pk": 42, 
"model": "akademic.tipoespacio", 
"fields": {
"idPincel": "110898", 
"nombreCorto": "Taller-Ram", 
"nombreLargo": "Taller - Indicar Rama/Familia:"
}
}, 
{
"pk": 43, 
"model": "akademic.tipoespacio", 
"fields": {
"idPincel": "110899", 
"nombreCorto": "Taller-Ram", 
"nombreLargo": "Taller - Indicar Rama/Familia:"
}
}, 
{
"pk": 44, 
"model": "akademic.tipoespacio", 
"fields": {
"idPincel": "110988", 
"nombreCorto": "Departamen", 
"nombreLargo": "Departamento - Indicar Area:"
}
}, 
{
"pk": 45, 
"model": "akademic.tipoespacio", 
"fields": {
"idPincel": "110989", 
"nombreCorto": "Departamen", 
"nombreLargo": "Departamento - Indicar Area:"
}
}, 
{
"pk": 46, 
"model": "akademic.tipoespacio", 
"fields": {
"idPincel": "110990", 
"nombreCorto": "Departamen", 
"nombreLargo": "Departamento - Indicar Area:"
}
}, 
{
"pk": 47, 
"model": "akademic.tipoespacio", 
"fields": {
"idPincel": "110991", 
"nombreCorto": "Departamen", 
"nombreLargo": "Departamento - Indicar Area:"
}
}, 
{
"pk": 48, 
"model": "akademic.tipoespacio", 
"fields": {
"idPincel": "110992", 
"nombreCorto": "Departamen", 
"nombreLargo": "Departamento - Indicar Area:"
}
}, 
{
"pk": 49, 
"model": "akademic.tipoespacio", 
"fields": {
"idPincel": "110993", 
"nombreCorto": "Departamen", 
"nombreLargo": "Departamento - Indicar Area:"
}
}, 
{
"pk": 50, 
"model": "akademic.tipoespacio", 
"fields": {
"idPincel": "110994", 
"nombreCorto": "Departamen", 
"nombreLargo": "Departamento - Indicar Area:"
}
}, 
{
"pk": 51, 
"model": "akademic.tipoespacio", 
"fields": {
"idPincel": "110995", 
"nombreCorto": "Departamen", 
"nombreLargo": "Departamento - Indicar Area:"
}
}, 
{
"pk": 52, 
"model": "akademic.tipoespacio", 
"fields": {
"idPincel": "110996", 
"nombreCorto": "Departamen", 
"nombreLargo": "Departamento - Indicar Area:"
}
}, 
{
"pk": 53, 
"model": "akademic.tipoespacio", 
"fields": {
"idPincel": "110997", 
"nombreCorto": "Departamen", 
"nombreLargo": "Departamento - Indicar Area:"
}
}, 
{
"pk": 54, 
"model": "akademic.tipoespacio", 
"fields": {
"idPincel": "110998", 
"nombreCorto": "Departamen", 
"nombreLargo": "Departamento - Indicar Area:"
}
}, 
{
"pk": 55, 
"model": "akademic.tipoespacio", 
"fields": {
"idPincel": "110999", 
"nombreCorto": "Departamen", 
"nombreLargo": "Departamento - Indicar Area:"
}
}, 
{
"pk": 56, 
"model": "akademic.tipoespacio", 
"fields": {
"idPincel": "120101", 
"nombreCorto": "Despacho D", 
"nombreLargo": "Despacho Director"
}
}, 
{
"pk": 57, 
"model": "akademic.tipoespacio", 
"fields": {
"idPincel": "120102", 
"nombreCorto": "Despacho S", 
"nombreLargo": "Despacho Secretario/Administrador"
}
}, 
{
"pk": 58, 
"model": "akademic.tipoespacio", 
"fields": {
"idPincel": "120103", 
"nombreCorto": "Jefatura d", 
"nombreLargo": "Jefatura de Estudios"
}
}, 
{
"pk": 59, 
"model": "akademic.tipoespacio", 
"fields": {
"idPincel": "120104", 
"nombreCorto": "Despacho V", 
"nombreLargo": "Despacho Vicedirector"
}
}, 
{
"pk": 60, 
"model": "akademic.tipoespacio", 
"fields": {
"idPincel": "120201", 
"nombreCorto": "Secretar\u00eda", 
"nombreLargo": "Secretar\u00eda"
}
}, 
{
"pk": 61, 
"model": "akademic.tipoespacio", 
"fields": {
"idPincel": "120202", 
"nombreCorto": "Direcci\u00f3n", 
"nombreLargo": "Direcci\u00f3n"
}
}, 
{
"pk": 62, 
"model": "akademic.tipoespacio", 
"fields": {
"idPincel": "120203", 
"nombreCorto": "Archivo", 
"nombreLargo": "Archivo"
}
}, 
{
"pk": 63, 
"model": "akademic.tipoespacio", 
"fields": {
"idPincel": "120301", 
"nombreCorto": "Sala de Es", 
"nombreLargo": "Sala de Espera"
}
}, 
{
"pk": 64, 
"model": "akademic.tipoespacio", 
"fields": {
"idPincel": "120302", 
"nombreCorto": "Sala de Pr", 
"nombreLargo": "Sala de Profesores"
}
}, 
{
"pk": 65, 
"model": "akademic.tipoespacio", 
"fields": {
"idPincel": "120303", 
"nombreCorto": "Sala de Ev", 
"nombreLargo": "Sala de Evaluaci\u00f3n"
}
}, 
{
"pk": 66, 
"model": "akademic.tipoespacio", 
"fields": {
"idPincel": "120401", 
"nombreCorto": "Loc.Asoc.P", 
"nombreLargo": "Locales Asociaciones de Padres y Alumnos"
}
}, 
{
"pk": 67, 
"model": "akademic.tipoespacio", 
"fields": {
"idPincel": "120402", 
"nombreCorto": "Aseos-Guar", 
"nombreLargo": "Aseos y Guardarropa Administraci\u00f3n"
}
}, 
{
"pk": 68, 
"model": "akademic.tipoespacio", 
"fields": {
"idPincel": "130101", 
"nombreCorto": "Gabinete M", 
"nombreLargo": "Gabinete M\u00e9dico"
}
}, 
{
"pk": 69, 
"model": "akademic.tipoespacio", 
"fields": {
"idPincel": "130102", 
"nombreCorto": "Gab.Psicot", 
"nombreLargo": "Gabinete Psicot\u00e9cnico"
}
}, 
{
"pk": 70, 
"model": "akademic.tipoespacio", 
"fields": {
"idPincel": "130103", 
"nombreCorto": "Desp.Orien", 
"nombreLargo": "Despacho de Orientaci\u00f3n"
}
}, 
{
"pk": 71, 
"model": "akademic.tipoespacio", 
"fields": {
"idPincel": "140101", 
"nombreCorto": "Vvda.Subal", 
"nombreLargo": "Vivienda Subalterno/Conserje en Uso"
}
}, 
{
"pk": 72, 
"model": "akademic.tipoespacio", 
"fields": {
"idPincel": "140102", 
"nombreCorto": "Vvda.Subal", 
"nombreLargo": "Vivienda Subalterno/Conserje Desocupada"
}
}, 
{
"pk": 73, 
"model": "akademic.tipoespacio", 
"fields": {
"idPincel": "140103", 
"nombreCorto": "Vvda.Prof.", 
"nombreLargo": "Vivienda Profesor en Uso"
}
}, 
{
"pk": 74, 
"model": "akademic.tipoespacio", 
"fields": {
"idPincel": "140104", 
"nombreCorto": "Vvda.Prof.", 
"nombreLargo": "Vivienda Profesor Desocupada"
}
}, 
{
"pk": 75, 
"model": "akademic.tipoespacio", 
"fields": {
"idPincel": "140201", 
"nombreCorto": "Conserjer\u00ed", 
"nombreLargo": "Conserjer\u00eda/Reprograf\u00eda"
}
}, 
{
"pk": 76, 
"model": "akademic.tipoespacio", 
"fields": {
"idPincel": "140202", 
"nombreCorto": "Cafeter\u00eda", 
"nombreLargo": "Cafeter\u00eda"
}
}, 
{
"pk": 77, 
"model": "akademic.tipoespacio", 
"fields": {
"idPincel": "140203", 
"nombreCorto": "Cocina", 
"nombreLargo": "Cocina"
}
}, 
{
"pk": 78, 
"model": "akademic.tipoespacio", 
"fields": {
"idPincel": "140204", 
"nombreCorto": "Comedor", 
"nombreLargo": "Comedor"
}
}, 
{
"pk": 79, 
"model": "akademic.tipoespacio", 
"fields": {
"idPincel": "140205", 
"nombreCorto": "Despensa", 
"nombreLargo": "Despensa"
}
}, 
{
"pk": 80, 
"model": "akademic.tipoespacio", 
"fields": {
"idPincel": "140206", 
"nombreCorto": "Trastero/D", 
"nombreLargo": "Trastero/Dep\u00f3sito/Almac\u00e9n"
}
}, 
{
"pk": 81, 
"model": "akademic.tipoespacio", 
"fields": {
"idPincel": "140207", 
"nombreCorto": "Aseo Servi", 
"nombreLargo": "Aseo Servicios"
}
}, 
{
"pk": 82, 
"model": "akademic.tipoespacio", 
"fields": {
"idPincel": "140208", 
"nombreCorto": "Otros (Esp", 
"nombreLargo": "Otros (Especificar)"
}
}, 
{
"pk": 83, 
"model": "akademic.tipoespacio", 
"fields": {
"idPincel": "150101", 
"nombreCorto": "Patio Exc.", 
"nombreLargo": "Patio para Uso Exclusivo de Infantil"
}
}, 
{
"pk": 84, 
"model": "akademic.tipoespacio", 
"fields": {
"idPincel": "150102", 
"nombreCorto": "Porche Cub", 
"nombreLargo": "Porche Cubierto"
}
}, 
{
"pk": 85, 
"model": "akademic.tipoespacio", 
"fields": {
"idPincel": "150103", 
"nombreCorto": "Patio Aire", 
"nombreLargo": "Patio de Recreo al Aire Libre"
}
}, 
{
"pk": 86, 
"model": "akademic.tipoespacio", 
"fields": {
"idPincel": "150104", 
"nombreCorto": "Otras Zona", 
"nombreLargo": "Otras Zonas de Expansi\u00f3n al Aire Libre"
}
}, 
{
"pk": 87, 
"model": "akademic.tipoespacio", 
"fields": {
"idPincel": "150105", 
"nombreCorto": "Zona Acces", 
"nombreLargo": "Zona de Acceso y Aparcamientos Internos"
}
}, 
{
"pk": 88, 
"model": "akademic.tipoespacio", 
"fields": {
"idPincel": "150106", 
"nombreCorto": "Reserva Am", 
"nombreLargo": "Reserva de Ampliaciones"
}
}, 
{
"pk": 89, 
"model": "akademic.tipoespacio", 
"fields": {
"idPincel": "160101", 
"nombreCorto": "Sal\u00f3n de A", 
"nombreLargo": "Sal\u00f3n de Actos - Aforo"
}
}, 
{
"pk": 90, 
"model": "akademic.tipoespacio", 
"fields": {
"idPincel": "170101", 
"nombreCorto": "Biblioteca", 
"nombreLargo": "Biblioteca - Puestos de Lectura"
}
}, 
{
"pk": 91, 
"model": "akademic.tipoespacio", 
"fields": {
"idPincel": "170102", 
"nombreCorto": "Biblioteca", 
"nombreLargo": "Biblioteca - N\u00ba de Fondos Bibliotecarios"
}
}, 
{
"pk": 92, 
"model": "akademic.tipoespacio", 
"fields": {
"idPincel": "180101", 
"nombreCorto": "Total m2 S", 
"nombreLargo": "Total m2 Solar"
}
}, 
{
"pk": 93, 
"model": "akademic.tipoespacio", 
"fields": {
"idPincel": "2", 
"nombreCorto": "Laborator.", 
"nombreLargo": "Laboratorio"
}
}, 
{
"pk": 94, 
"model": "akademic.tipoespacio", 
"fields": {
"idPincel": "3", 
"nombreCorto": "Biblioteca", 
"nombreLargo": "Biblioteca"
}
}, 
{
"pk": 95, 
"model": "akademic.tipoespacio", 
"fields": {
"idPincel": "4", 
"nombreCorto": "Local Com.", 
"nombreLargo": "Local comercial"
}
}, 
{
"pk": 96, 
"model": "akademic.tipoespacio", 
"fields": {
"idPincel": "5", 
"nombreCorto": "Garaje", 
"nombreLargo": "Garaje"
}
}, 
{
"pk": 97, 
"model": "akademic.tipoespacio", 
"fields": {
"idPincel": "6", 
"nombreCorto": "Sala Prof.", 
"nombreLargo": "Sala de profesores"
}
}, 
{
"pk": 98, 
"model": "akademic.tipoespacio", 
"fields": {
"idPincel": "7", 
"nombreCorto": "Otro local", 
"nombreLargo": "Otro local"
}
}, 
{
"pk": 99, 
"model": "akademic.tipoespacio", 
"fields": {
"idPincel": "8", 
"nombreCorto": "Sal. actos", 
"nombreLargo": "Sal\u00f3n de actos"
}
}, 
{
"pk": 100, 
"model": "akademic.tipoespacio", 
"fields": {
"idPincel": "9", 
"nombreCorto": "Usos m\u00falt.", 
"nombreLargo": "Sala de usos m\u00faltiples"
}
}, 
{
"pk": 1, 
"model": "akademic.tipoconstruccion", 
"fields": {
"idPincel": "0", 
"nombreCorto": "Desconoc.", 
"nombreLargo": "Desconocido"
}
}, 
{
"pk": 2, 
"model": "akademic.tipoconstruccion", 
"fields": {
"idPincel": "1", 
"nombreCorto": "Propia", 
"nombreLargo": "Propia"
}
}, 
{
"pk": 3, 
"model": "akademic.tipoconstruccion", 
"fields": {
"idPincel": "2", 
"nombreCorto": "Prefabric.", 
"nombreLargo": "Prefabricada"
}
}, 
{
"pk": 4, 
"model": "akademic.tipoconstruccion", 
"fields": {
"idPincel": "3", 
"nombreCorto": "Habilitada", 
"nombreLargo": "Habilitada"
}
}, 
{
"pk": 1, 
"model": "akademic.tipouso", 
"fields": {
"idPincel": "0", 
"nombreCorto": "Desconoc.", 
"nombreLargo": "Desconocida"
}
}, 
{
"pk": 2, 
"model": "akademic.tipouso", 
"fields": {
"idPincel": "2", 
"nombreCorto": "Desdoble", 
"nombreLargo": "Aula desdoblada"
}
}, 
{
"pk": 3, 
"model": "akademic.tipouso", 
"fields": {
"idPincel": "1", 
"nombreCorto": "Uso normal", 
"nombreLargo": "Uso normal"
}
}, 
{
"pk": 1, 
"model": "akademic.ubicacion", 
"fields": {
"idPincel": "00", 
"nombreCorto": "Desconoc.", 
"nombreLargo": "Desconocido"
}
}, 
{
"pk": 2, 
"model": "akademic.ubicacion", 
"fields": {
"idPincel": "01", 
"nombreCorto": "Ed. Ppal.", 
"nombreLargo": "Edificio Principal"
}
}, 
{
"pk": 3, 
"model": "akademic.ubicacion", 
"fields": {
"idPincel": "02", 
"nombreCorto": "Otro edif.", 
"nombreLargo": "Otro edificio dentro del recinto escolar"
}
}, 
{
"pk": 4, 
"model": "akademic.ubicacion", 
"fields": {
"idPincel": "03", 
"nombreCorto": "Exterior", 
"nombreLargo": "Espacios exteriores al recinto escolar"
}
}, 
{
"pk": 1, 
"model": "akademic.concierto", 
"fields": {
"idPincel": "0", 
"nombreCorto": "Sin conc.", 
"nombreLargo": "No hay concierto"
}
}, 
{
"pk": 2, 
"model": "akademic.concierto", 
"fields": {
"idPincel": "G", 
"nombreCorto": "General", 
"nombreLargo": "General"
}
}, 
{
"pk": 3, 
"model": "akademic.concierto", 
"fields": {
"idPincel": "S", 
"nombreCorto": "Singular", 
"nombreLargo": "Singular"
}
}, 
{
"pk": 4, 
"model": "akademic.concierto", 
"fields": {
"idPincel": "O", 
"nombreCorto": "Otros", 
"nombreLargo": "Otros"
}
}, 
{
"pk": 1, 
"model": "akademic.estadocivil", 
"fields": {
"idPincel": "0", 
"nombreCorto": "Desconoc.", 
"nombreLargo": "Desconocido"
}
}, 
{
"pk": 2, 
"model": "akademic.estadocivil", 
"fields": {
"idPincel": "S", 
"nombreCorto": "Soltero/a", 
"nombreLargo": "Soltero/a"
}
}, 
{
"pk": 3, 
"model": "akademic.estadocivil", 
"fields": {
"idPincel": "C", 
"nombreCorto": "Casado/a", 
"nombreLargo": "Casado/a"
}
}, 
{
"pk": 4, 
"model": "akademic.estadocivil", 
"fields": {
"idPincel": "D", 
"nombreCorto": "Divorciad.", 
"nombreLargo": "Divorciado/a"
}
}, 
{
"pk": 5, 
"model": "akademic.estadocivil", 
"fields": {
"idPincel": "V", 
"nombreCorto": "Viudo/a", 
"nombreLargo": "Viudo/a"
}
}, 
{
"pk": 6, 
"model": "akademic.estadocivil", 
"fields": {
"idPincel": "E", 
"nombreCorto": "Separado/a", 
"nombreLargo": "Separado/a"
}
}, 
{
"pk": 249, 
"model": "akademic.asignatura", 
"fields": {
"metaAsignatura": false, 
"idPincel": "CSG", 
"nombreCorto": "C.Sociales", 
"nombreLargo": "Ciencias Sociales, Geograf\u00eda e Historia"
}
}, 
{
"pk": 2685, 
"model": "akademic.asignatura", 
"fields": {
"metaAsignatura": false, 
"idPincel": "EDM", 
"nombreCorto": "Ciud.D.Hu", 
"nombreLargo": "Educac.para la Ciudadan\u00eda Dchos.Humanos"
}
}, 
{
"pk": 827, 
"model": "akademic.asignatura", 
"fields": {
"metaAsignatura": false, 
"idPincel": "LCL", 
"nombreCorto": "L.Castell.", 
"nombreLargo": "Lengua Castellana y Literatura"
}
}, 
{
"pk": 998, 
"model": "akademic.asignatura", 
"fields": {
"metaAsignatura": false, 
"idPincel": "MUS", 
"nombreCorto": "M\u00fasica", 
"nombreLargo": "M\u00fasica"
}
}, 
{
"pk": 2901, 
"model": "akademic.asignatura", 
"fields": {
"metaAsignatura": true, 
"idPincel": "T.INF", 
"nombreCorto": "T.INF", 
"nombreLargo": "T.INF"
}
}, 
{
"pk": 1598, 
"model": "akademic.asignatura", 
"fields": {
"metaAsignatura": false, 
"idPincel": "TUO", 
"nombreCorto": "Tutor\u00eda", 
"nombreLargo": "Tutor\u00eda"
}
}, 
{
"pk": 1, 
"model": "akademic.turno", 
"fields": {
"idPincel": "0", 
"nombreCorto": "Desconoc.", 
"nombreLargo": "Desconocida"
}
}, 
{
"pk": 2, 
"model": "akademic.turno", 
"fields": {
"idPincel": "M", 
"nombreCorto": "J. Ma\u00f1ana", 
"nombreLargo": "Jornada continua de ma\u00f1ana"
}
}, 
{
"pk": 3, 
"model": "akademic.turno", 
"fields": {
"idPincel": "T", 
"nombreCorto": "J. Tarde", 
"nombreLargo": "Jornada continua de tarde"
}
}, 
{
"pk": 4, 
"model": "akademic.turno", 
"fields": {
"idPincel": "P", 
"nombreCorto": "J. Partida", 
"nombreLargo": "Jornada partida"
}
}, 
{
"pk": 5, 
"model": "akademic.turno", 
"fields": {
"idPincel": "N", 
"nombreCorto": "Nocturno", 
"nombreLargo": "Jornada de noche"
}
}, 
{
"pk": 1342, 
"model": "akademic.centro", 
"fields": {
"fax": "", 
"telefono": "", 
"iesdestino": null, 
"domicilio": "C/. Calle del colegio, 54", 
"isla": 7, 
"localidad": "LOCALIDAD DEL COLEGIO", 
"nombre": "CPEIPS TALCOSA", 
"codPostal": "", 
"idPincel": "43112794", 
"email": "", 
"municipio": 59
}
}, 
{
"pk": 1, 
"model": "akademic.aula", 
"fields": {
"numPlazas": 35, 
"nombreLargo": "", 
"idPincel": "S1A", 
"habilitada": false, 
"centro": 1342, 
"ubicacion": 2, 
"tipoUso": 3, 
"tipoConstruccion": 2, 
"tipoEspacio": 3, 
"metros": "45", 
"nombreCorto": ""
}
}, 
{
"pk": 2, 
"model": "akademic.aula", 
"fields": {
"numPlazas": 30, 
"nombreLargo": "", 
"idPincel": "S1B", 
"habilitada": false, 
"centro": 1342, 
"ubicacion": 2, 
"tipoUso": 3, 
"tipoConstruccion": 2, 
"tipoEspacio": 3, 
"metros": "45", 
"nombreCorto": ""
}
}, 
{
"pk": 3, 
"model": "akademic.aula", 
"fields": {
"numPlazas": 0, 
"nombreLargo": "", 
"idPincel": "S1C", 
"habilitada": false, 
"centro": 1342, 
"ubicacion": 2, 
"tipoUso": 3, 
"tipoConstruccion": 2, 
"tipoEspacio": 3, 
"metros": "0", 
"nombreCorto": ""
}
}, 
{
"pk": 4, 
"model": "akademic.aula", 
"fields": {
"numPlazas": 0, 
"nombreLargo": "", 
"idPincel": "S2B", 
"habilitada": false, 
"centro": 1342, 
"ubicacion": 2, 
"tipoUso": 3, 
"tipoConstruccion": 2, 
"tipoEspacio": 3, 
"metros": "0", 
"nombreCorto": ""
}
}, 
{
"pk": 5, 
"model": "akademic.aula", 
"fields": {
"numPlazas": 30, 
"nombreLargo": "", 
"idPincel": "S2A", 
"habilitada": false, 
"centro": 1342, 
"ubicacion": 2, 
"tipoUso": 3, 
"tipoConstruccion": 2, 
"tipoEspacio": 3, 
"metros": "45", 
"nombreCorto": ""
}
}, 
{
"pk": 6, 
"model": "akademic.aula", 
"fields": {
"numPlazas": 30, 
"nombreLargo": "", 
"idPincel": "S2C", 
"habilitada": false, 
"centro": 1342, 
"ubicacion": 2, 
"tipoUso": 3, 
"tipoConstruccion": 2, 
"tipoEspacio": 3, 
"metros": "45", 
"nombreCorto": ""
}
}, 
{
"pk": 7, 
"model": "akademic.aula", 
"fields": {
"numPlazas": 33, 
"nombreLargo": "", 
"idPincel": "S3A", 
"habilitada": false, 
"centro": 1342, 
"ubicacion": 2, 
"tipoUso": 3, 
"tipoConstruccion": 2, 
"tipoEspacio": 3, 
"metros": "45", 
"nombreCorto": ""
}
}, 
{
"pk": 8, 
"model": "akademic.aula", 
"fields": {
"numPlazas": 40, 
"nombreLargo": "", 
"idPincel": "S3B", 
"habilitada": false, 
"centro": 1342, 
"ubicacion": 2, 
"tipoUso": 3, 
"tipoConstruccion": 2, 
"tipoEspacio": 3, 
"metros": "45", 
"nombreCorto": ""
}
}, 
{
"pk": 9, 
"model": "akademic.aula", 
"fields": {
"numPlazas": 35, 
"nombreLargo": "", 
"idPincel": "S3C", 
"habilitada": false, 
"centro": 1342, 
"ubicacion": 2, 
"tipoUso": 3, 
"tipoConstruccion": 2, 
"tipoEspacio": 3, 
"metros": "45", 
"nombreCorto": ""
}
}, 
{
"pk": 10, 
"model": "akademic.aula", 
"fields": {
"numPlazas": 35, 
"nombreLargo": "", 
"idPincel": "S4A", 
"habilitada": false, 
"centro": 1342, 
"ubicacion": 2, 
"tipoUso": 3, 
"tipoConstruccion": 2, 
"tipoEspacio": 3, 
"metros": "45", 
"nombreCorto": ""
}
}, 
{
"pk": 11, 
"model": "akademic.aula", 
"fields": {
"numPlazas": 35, 
"nombreLargo": "", 
"idPincel": "S4B", 
"habilitada": false, 
"centro": 1342, 
"ubicacion": 2, 
"tipoUso": 3, 
"tipoConstruccion": 2, 
"tipoEspacio": 3, 
"metros": "45", 
"nombreCorto": ""
}
}, 
{
"pk": 12, 
"model": "akademic.aula", 
"fields": {
"numPlazas": 33, 
"nombreLargo": "", 
"idPincel": "S4C", 
"habilitada": false, 
"centro": 1342, 
"ubicacion": 2, 
"tipoUso": 3, 
"tipoConstruccion": 2, 
"tipoEspacio": 3, 
"metros": "45", 
"nombreCorto": ""
}
}, 
{
"pk": 13, 
"model": "akademic.aula", 
"fields": {
"numPlazas": 30, 
"nombreLargo": "", 
"idPincel": "P1A", 
"habilitada": false, 
"centro": 1342, 
"ubicacion": 2, 
"tipoUso": 3, 
"tipoConstruccion": 2, 
"tipoEspacio": 3, 
"metros": "45", 
"nombreCorto": ""
}
}, 
{
"pk": 14, 
"model": "akademic.aula", 
"fields": {
"numPlazas": 30, 
"nombreLargo": "", 
"idPincel": "P1B", 
"habilitada": false, 
"centro": 1342, 
"ubicacion": 2, 
"tipoUso": 3, 
"tipoConstruccion": 2, 
"tipoEspacio": 3, 
"metros": "45", 
"nombreCorto": ""
}
}, 
{
"pk": 15, 
"model": "akademic.aula", 
"fields": {
"numPlazas": 30, 
"nombreLargo": "", 
"idPincel": "P1C", 
"habilitada": false, 
"centro": 1342, 
"ubicacion": 2, 
"tipoUso": 3, 
"tipoConstruccion": 2, 
"tipoEspacio": 3, 
"metros": "45", 
"nombreCorto": ""
}
}, 
{
"pk": 16, 
"model": "akademic.aula", 
"fields": {
"numPlazas": 30, 
"nombreLargo": "", 
"idPincel": "P2A", 
"habilitada": false, 
"centro": 1342, 
"ubicacion": 2, 
"tipoUso": 3, 
"tipoConstruccion": 2, 
"tipoEspacio": 3, 
"metros": "45", 
"nombreCorto": ""
}
}, 
{
"pk": 17, 
"model": "akademic.aula", 
"fields": {
"numPlazas": 30, 
"nombreLargo": "", 
"idPincel": "P2B", 
"habilitada": false, 
"centro": 1342, 
"ubicacion": 2, 
"tipoUso": 3, 
"tipoConstruccion": 2, 
"tipoEspacio": 3, 
"metros": "45", 
"nombreCorto": ""
}
}, 
{
"pk": 18, 
"model": "akademic.aula", 
"fields": {
"numPlazas": 30, 
"nombreLargo": "", 
"idPincel": "P2C", 
"habilitada": false, 
"centro": 1342, 
"ubicacion": 2, 
"tipoUso": 3, 
"tipoConstruccion": 2, 
"tipoEspacio": 3, 
"metros": "45", 
"nombreCorto": ""
}
}, 
{
"pk": 19, 
"model": "akademic.aula", 
"fields": {
"numPlazas": 30, 
"nombreLargo": "", 
"idPincel": "P3A", 
"habilitada": false, 
"centro": 1342, 
"ubicacion": 2, 
"tipoUso": 3, 
"tipoConstruccion": 2, 
"tipoEspacio": 3, 
"metros": "45", 
"nombreCorto": ""
}
}, 
{
"pk": 20, 
"model": "akademic.aula", 
"fields": {
"numPlazas": 30, 
"nombreLargo": "", 
"idPincel": "P3B", 
"habilitada": false, 
"centro": 1342, 
"ubicacion": 2, 
"tipoUso": 3, 
"tipoConstruccion": 2, 
"tipoEspacio": 3, 
"metros": "45", 
"nombreCorto": ""
}
}, 
{
"pk": 21, 
"model": "akademic.aula", 
"fields": {
"numPlazas": 30, 
"nombreLargo": "", 
"idPincel": "P3C", 
"habilitada": false, 
"centro": 1342, 
"ubicacion": 2, 
"tipoUso": 3, 
"tipoConstruccion": 2, 
"tipoEspacio": 3, 
"metros": "45", 
"nombreCorto": ""
}
}, 
{
"pk": 22, 
"model": "akademic.aula", 
"fields": {
"numPlazas": 30, 
"nombreLargo": "", 
"idPincel": "P4A", 
"habilitada": false, 
"centro": 1342, 
"ubicacion": 2, 
"tipoUso": 3, 
"tipoConstruccion": 2, 
"tipoEspacio": 3, 
"metros": "45", 
"nombreCorto": ""
}
}, 
{
"pk": 23, 
"model": "akademic.aula", 
"fields": {
"numPlazas": 30, 
"nombreLargo": "", 
"idPincel": "P4B", 
"habilitada": false, 
"centro": 1342, 
"ubicacion": 2, 
"tipoUso": 3, 
"tipoConstruccion": 2, 
"tipoEspacio": 3, 
"metros": "45", 
"nombreCorto": ""
}
}, 
{
"pk": 24, 
"model": "akademic.aula", 
"fields": {
"numPlazas": 30, 
"nombreLargo": "", 
"idPincel": "P4C", 
"habilitada": false, 
"centro": 1342, 
"ubicacion": 2, 
"tipoUso": 3, 
"tipoConstruccion": 2, 
"tipoEspacio": 3, 
"metros": "45", 
"nombreCorto": ""
}
}, 
{
"pk": 25, 
"model": "akademic.aula", 
"fields": {
"numPlazas": 30, 
"nombreLargo": "", 
"idPincel": "P5A", 
"habilitada": false, 
"centro": 1342, 
"ubicacion": 2, 
"tipoUso": 3, 
"tipoConstruccion": 2, 
"tipoEspacio": 3, 
"metros": "45", 
"nombreCorto": ""
}
}, 
{
"pk": 26, 
"model": "akademic.aula", 
"fields": {
"numPlazas": 30, 
"nombreLargo": "", 
"idPincel": "P5B", 
"habilitada": false, 
"centro": 1342, 
"ubicacion": 2, 
"tipoUso": 3, 
"tipoConstruccion": 2, 
"tipoEspacio": 3, 
"metros": "45", 
"nombreCorto": ""
}
}, 
{
"pk": 27, 
"model": "akademic.aula", 
"fields": {
"numPlazas": 30, 
"nombreLargo": "", 
"idPincel": "P5C", 
"habilitada": false, 
"centro": 1342, 
"ubicacion": 2, 
"tipoUso": 3, 
"tipoConstruccion": 2, 
"tipoEspacio": 3, 
"metros": "45", 
"nombreCorto": ""
}
}, 
{
"pk": 28, 
"model": "akademic.aula", 
"fields": {
"numPlazas": 30, 
"nombreLargo": "", 
"idPincel": "P6A", 
"habilitada": false, 
"centro": 1342, 
"ubicacion": 2, 
"tipoUso": 3, 
"tipoConstruccion": 2, 
"tipoEspacio": 3, 
"metros": "45", 
"nombreCorto": ""
}
}, 
{
"pk": 29, 
"model": "akademic.aula", 
"fields": {
"numPlazas": 30, 
"nombreLargo": "", 
"idPincel": "P6B", 
"habilitada": false, 
"centro": 1342, 
"ubicacion": 2, 
"tipoUso": 3, 
"tipoConstruccion": 2, 
"tipoEspacio": 3, 
"metros": "45", 
"nombreCorto": ""
}
}, 
{
"pk": 30, 
"model": "akademic.aula", 
"fields": {
"numPlazas": 30, 
"nombreLargo": "", 
"idPincel": "P6C", 
"habilitada": false, 
"centro": 1342, 
"ubicacion": 2, 
"tipoUso": 3, 
"tipoConstruccion": 2, 
"tipoEspacio": 3, 
"metros": "45", 
"nombreCorto": ""
}
}, 
{
"pk": 31, 
"model": "akademic.aula", 
"fields": {
"numPlazas": 0, 
"nombreLargo": "", 
"idPincel": "SP", 
"habilitada": false, 
"centro": 1342, 
"ubicacion": 2, 
"tipoUso": 3, 
"tipoConstruccion": 2, 
"tipoEspacio": 3, 
"metros": "45", 
"nombreCorto": ""
}
}, 
{
"pk": 32, 
"model": "akademic.aula", 
"fields": {
"numPlazas": 0, 
"nombreLargo": "", 
"idPincel": "AI", 
"habilitada": false, 
"centro": 1342, 
"ubicacion": 2, 
"tipoUso": 3, 
"tipoConstruccion": 2, 
"tipoEspacio": 3, 
"metros": "50", 
"nombreCorto": ""
}
}, 
{
"pk": 33, 
"model": "akademic.aula", 
"fields": {
"numPlazas": 0, 
"nombreLargo": "", 
"idPincel": "A1", 
"habilitada": false, 
"centro": 1342, 
"ubicacion": 2, 
"tipoUso": 3, 
"tipoConstruccion": 2, 
"tipoEspacio": 3, 
"metros": "50", 
"nombreCorto": ""
}
}, 
{
"pk": 34, 
"model": "akademic.aula", 
"fields": {
"numPlazas": 0, 
"nombreLargo": "", 
"idPincel": "A2", 
"habilitada": false, 
"centro": 1342, 
"ubicacion": 2, 
"tipoUso": 3, 
"tipoConstruccion": 2, 
"tipoEspacio": 3, 
"metros": "50", 
"nombreCorto": ""
}
}, 
{
"pk": 35, 
"model": "akademic.aula", 
"fields": {
"numPlazas": 0, 
"nombreLargo": "", 
"idPincel": "SPP", 
"habilitada": false, 
"centro": 1342, 
"ubicacion": 2, 
"tipoUso": 3, 
"tipoConstruccion": 2, 
"tipoEspacio": 3, 
"metros": "50", 
"nombreCorto": ""
}
}, 
{
"pk": 36, 
"model": "akademic.aula", 
"fields": {
"numPlazas": 0, 
"nombreLargo": "", 
"idPincel": "I3A", 
"habilitada": false, 
"centro": 1342, 
"ubicacion": 3, 
"tipoUso": 3, 
"tipoConstruccion": 2, 
"tipoEspacio": 3, 
"metros": "0", 
"nombreCorto": ""
}
}, 
{
"pk": 37, 
"model": "akademic.aula", 
"fields": {
"numPlazas": 0, 
"nombreLargo": "", 
"idPincel": "I3B", 
"habilitada": false, 
"centro": 1342, 
"ubicacion": 3, 
"tipoUso": 3, 
"tipoConstruccion": 2, 
"tipoEspacio": 3, 
"metros": "0", 
"nombreCorto": ""
}
}, 
{
"pk": 38, 
"model": "akademic.aula", 
"fields": {
"numPlazas": 0, 
"nombreLargo": "", 
"idPincel": "I3C", 
"habilitada": false, 
"centro": 1342, 
"ubicacion": 3, 
"tipoUso": 3, 
"tipoConstruccion": 2, 
"tipoEspacio": 3, 
"metros": "0", 
"nombreCorto": ""
}
}, 
{
"pk": 39, 
"model": "akademic.aula", 
"fields": {
"numPlazas": 0, 
"nombreLargo": "", 
"idPincel": "I4A", 
"habilitada": false, 
"centro": 1342, 
"ubicacion": 3, 
"tipoUso": 3, 
"tipoConstruccion": 2, 
"tipoEspacio": 3, 
"metros": "0", 
"nombreCorto": ""
}
}, 
{
"pk": 40, 
"model": "akademic.aula", 
"fields": {
"numPlazas": 0, 
"nombreLargo": "", 
"idPincel": "I4B", 
"habilitada": false, 
"centro": 1342, 
"ubicacion": 3, 
"tipoUso": 3, 
"tipoConstruccion": 2, 
"tipoEspacio": 3, 
"metros": "0", 
"nombreCorto": ""
}
}, 
{
"pk": 41, 
"model": "akademic.aula", 
"fields": {
"numPlazas": 0, 
"nombreLargo": "", 
"idPincel": "I4C", 
"habilitada": false, 
"centro": 1342, 
"ubicacion": 3, 
"tipoUso": 3, 
"tipoConstruccion": 2, 
"tipoEspacio": 3, 
"metros": "0", 
"nombreCorto": ""
}
}, 
{
"pk": 42, 
"model": "akademic.aula", 
"fields": {
"numPlazas": 0, 
"nombreLargo": "", 
"idPincel": "I5A", 
"habilitada": false, 
"centro": 1342, 
"ubicacion": 3, 
"tipoUso": 3, 
"tipoConstruccion": 2, 
"tipoEspacio": 3, 
"metros": "0", 
"nombreCorto": ""
}
}, 
{
"pk": 43, 
"model": "akademic.aula", 
"fields": {
"numPlazas": 0, 
"nombreLargo": "", 
"idPincel": "I5B", 
"habilitada": false, 
"centro": 1342, 
"ubicacion": 3, 
"tipoUso": 3, 
"tipoConstruccion": 2, 
"tipoEspacio": 3, 
"metros": "0", 
"nombreCorto": ""
}
}, 
{
"pk": 44, 
"model": "akademic.aula", 
"fields": {
"numPlazas": 0, 
"nombreLargo": "", 
"idPincel": "I5C", 
"habilitada": false, 
"centro": 1342, 
"ubicacion": 3, 
"tipoUso": 3, 
"tipoConstruccion": 2, 
"tipoEspacio": 3, 
"metros": "0", 
"nombreCorto": ""
}
}, 
{
"pk": 1, 
"model": "akademic.nivel", 
"fields": {
"autorizacion": 1, 
"seguro": null, 
"tasas": null, 
"concierto": 1, 
"habilitacion": true, 
"puestos": 1, 
"idPincel": "1", 
"cursoEscolar": 2008
}
}, 
{
"pk": 27, 
"model": "akademic.nivel", 
"fields": {
"autorizacion": 2, 
"seguro": "0", 
"tasas": "0", 
"concierto": 2, 
"habilitacion": false, 
"puestos": 200, 
"idPincel": "ESO", 
"cursoEscolar": 2008
}
}, 
{
"pk": 28, 
"model": "akademic.nivel", 
"fields": {
"autorizacion": 2, 
"seguro": "0", 
"tasas": "0", 
"concierto": 2, 
"habilitacion": false, 
"puestos": 9, 
"idPincel": "INF", 
"cursoEscolar": 2008
}
}, 
{
"pk": 29, 
"model": "akademic.nivel", 
"fields": {
"autorizacion": 2, 
"seguro": "0", 
"tasas": "0", 
"concierto": 4, 
"habilitacion": false, 
"puestos": 400, 
"idPincel": "PRI", 
"cursoEscolar": 2008
}
}, 
{
"pk": 6, 
"model": "akademic.hora", 
"fields": {
"nivel": 27, 
"denominacion": "Prim.", 
"horaFin": "08:55:00", 
"horaInicio": "08:00:00"
}
}, 
{
"pk": 1, 
"model": "akademic.hora", 
"fields": {
"nivel": 29, 
"denominacion": "Prim.", 
"horaFin": "09:30:00", 
"horaInicio": "08:30:00"
}
}, 
{
"pk": 12, 
"model": "akademic.hora", 
"fields": {
"nivel": 28, 
"denominacion": "TINF", 
"horaFin": "14:00:00", 
"horaInicio": "08:30:00"
}
}, 
{
"pk": 13, 
"model": "akademic.hora", 
"fields": {
"nivel": 29, 
"denominacion": "TPRI", 
"horaFin": "14:00:00", 
"horaInicio": "08:30:00"
}
}, 
{
"pk": 7, 
"model": "akademic.hora", 
"fields": {
"nivel": 27, 
"denominacion": "Seg.", 
"horaFin": "09:50:00", 
"horaInicio": "08:55:00"
}
}, 
{
"pk": 2, 
"model": "akademic.hora", 
"fields": {
"nivel": 29, 
"denominacion": "Seg.", 
"horaFin": "10:30:00", 
"horaInicio": "09:30:00"
}
}, 
{
"pk": 8, 
"model": "akademic.hora", 
"fields": {
"nivel": 27, 
"denominacion": "Terc.", 
"horaFin": "10:45:00", 
"horaInicio": "09:50:00"
}
}, 
{
"pk": 3, 
"model": "akademic.hora", 
"fields": {
"nivel": 29, 
"denominacion": "Terc.", 
"horaFin": "11:30:00", 
"horaInicio": "10:30:00"
}
}, 
{
"pk": 9, 
"model": "akademic.hora", 
"fields": {
"nivel": 27, 
"denominacion": "Cuart.", 
"horaFin": "12:10:00", 
"horaInicio": "11:15:00"
}
}, 
{
"pk": 4, 
"model": "akademic.hora", 
"fields": {
"nivel": 29, 
"denominacion": "Cuart.", 
"horaFin": "13:00:00", 
"horaInicio": "12:00:00"
}
}, 
{
"pk": 10, 
"model": "akademic.hora", 
"fields": {
"nivel": 27, 
"denominacion": "Quint.", 
"horaFin": "13:05:00", 
"horaInicio": "12:10:00"
}
}, 
{
"pk": 5, 
"model": "akademic.hora", 
"fields": {
"nivel": 29, 
"denominacion": "Quint.", 
"horaFin": "14:00:00", 
"horaInicio": "13:00:00"
}
}, 
{
"pk": 11, 
"model": "akademic.hora", 
"fields": {
"nivel": 27, 
"denominacion": "Sext.", 
"horaFin": "14:00:00", 
"horaInicio": "13:05:00"
}
}, 
{
"pk": 2529, 
"model": "akademic.padre", 
"fields": {
"escaleraPisoPuerta": null, 
"estadoCivil": 1, 
"telefonoTrabajo": null, 
"codPostal": null, 
"domicilio": "", 
"provincia": null, 
"dni": "11112746", 
"profesion": null, 
"isla": null, 
"email": "", 
"difunto": false, 
"fax": null, 
"telefonoMovil": "626709447", 
"tipoVia": null, 
"sexo": true, 
"localidad": null, 
"nombre": "JAVIER NAUZET", 
"notificarSms": false, 
"notificarEmail": true, 
"nacimiento": null, 
"municipio": null, 
"verificado": null, 
"apellidos": "ALVAREZ GONZALEZ", 
"numeroCalle": null, 
"telefonoCasa": null
}
}, 
{
"pk": 2092, 
"model": "akademic.padre", 
"fields": {
"escaleraPisoPuerta": null, 
"estadoCivil": 3, 
"telefonoTrabajo": null, 
"codPostal": null, 
"domicilio": "", 
"provincia": null, 
"dni": "11114042", 
"profesion": null, 
"isla": null, 
"email": "", 
"difunto": false, 
"fax": null, 
"telefonoMovil": "649938113", 
"tipoVia": null, 
"sexo": true, 
"localidad": null, 
"nombre": "JOS\u00c9 JES\u00daS", 
"notificarSms": true, 
"notificarEmail": true, 
"nacimiento": null, 
"municipio": null, 
"verificado": "2008-10-22", 
"apellidos": "ALVAREZ GONZALEZ", 
"numeroCalle": null, 
"telefonoCasa": null
}
}, 
{
"pk": 2628, 
"model": "akademic.padre", 
"fields": {
"escaleraPisoPuerta": null, 
"estadoCivil": 1, 
"telefonoTrabajo": null, 
"codPostal": null, 
"domicilio": "", 
"provincia": null, 
"dni": "11112936", 
"profesion": null, 
"isla": null, 
"email": "", 
"difunto": false, 
"fax": null, 
"telefonoMovil": "620328186", 
"tipoVia": null, 
"sexo": false, 
"localidad": null, 
"nombre": "CARMEN", 
"notificarSms": false, 
"notificarEmail": true, 
"nacimiento": null, 
"municipio": null, 
"verificado": null, 
"apellidos": "ARMAS TRUJILLO", 
"numeroCalle": null, 
"telefonoCasa": null
}
}, 
{
"pk": 19, 
"model": "akademic.padre", 
"fields": {
"escaleraPisoPuerta": null, 
"estadoCivil": 6, 
"telefonoTrabajo": null, 
"codPostal": null, 
"domicilio": "", 
"provincia": null, 
"dni": "11113018", 
"profesion": null, 
"isla": null, 
"email": "", 
"difunto": false, 
"fax": null, 
"telefonoMovil": "649937683", 
"tipoVia": null, 
"sexo": true, 
"localidad": null, 
"nombre": "PABLO CIPRIANO", 
"notificarSms": true, 
"notificarEmail": true, 
"nacimiento": null, 
"municipio": null, 
"verificado": "2008-10-22", 
"apellidos": "ARMAS TRUJILLO", 
"numeroCalle": null, 
"telefonoCasa": null
}
}, 
{
"pk": 484, 
"model": "akademic.padre", 
"fields": {
"escaleraPisoPuerta": null, 
"estadoCivil": 3, 
"telefonoTrabajo": null, 
"codPostal": null, 
"domicilio": "", 
"provincia": null, 
"dni": "11114106", 
"profesion": null, 
"isla": null, 
"email": "", 
"difunto": false, 
"fax": null, 
"telefonoMovil": "609603775", 
"tipoVia": null, 
"sexo": true, 
"localidad": null, 
"nombre": "ANGEL", 
"notificarSms": true, 
"notificarEmail": true, 
"nacimiento": null, 
"municipio": null, 
"verificado": "2008-10-22", 
"apellidos": "BARROSO AFONSO", 
"numeroCalle": null, 
"telefonoCasa": null
}
}, 
{
"pk": 2054, 
"model": "akademic.padre", 
"fields": {
"escaleraPisoPuerta": null, 
"estadoCivil": 3, 
"telefonoTrabajo": null, 
"codPostal": null, 
"domicilio": "", 
"provincia": null, 
"dni": "11113058", 
"profesion": null, 
"isla": null, 
"email": "", 
"difunto": false, 
"fax": null, 
"telefonoMovil": "669444801", 
"tipoVia": null, 
"sexo": false, 
"localidad": null, 
"nombre": "HARIDIAN", 
"notificarSms": false, 
"notificarEmail": true, 
"nacimiento": null, 
"municipio": null, 
"verificado": null, 
"apellidos": "BARROSO AFONSO", 
"numeroCalle": null, 
"telefonoCasa": null
}
}, 
{
"pk": 2088, 
"model": "akademic.padre", 
"fields": {
"escaleraPisoPuerta": null, 
"estadoCivil": 3, 
"telefonoTrabajo": null, 
"codPostal": null, 
"domicilio": "", 
"provincia": null, 
"dni": "11113399", 
"profesion": null, 
"isla": null, 
"email": "", 
"difunto": false, 
"fax": null, 
"telefonoMovil": "675064643", 
"tipoVia": null, 
"sexo": true, 
"localidad": null, 
"nombre": "MARCO ANTONIO", 
"notificarSms": false, 
"notificarEmail": true, 
"nacimiento": null, 
"municipio": null, 
"verificado": null, 
"apellidos": "BARROSO AFONSO", 
"numeroCalle": null, 
"telefonoCasa": null
}
}, 
{
"pk": 289, 
"model": "akademic.padre", 
"fields": {
"escaleraPisoPuerta": null, 
"estadoCivil": 3, 
"telefonoTrabajo": null, 
"codPostal": null, 
"domicilio": "", 
"provincia": null, 
"dni": "11115078", 
"profesion": null, 
"isla": null, 
"email": "", 
"difunto": false, 
"fax": null, 
"telefonoMovil": "605467554", 
"tipoVia": null, 
"sexo": false, 
"localidad": null, 
"nombre": "ANGIE PAOLA", 
"notificarSms": true, 
"notificarEmail": true, 
"nacimiento": null, 
"municipio": null, 
"verificado": "2008-10-22", 
"apellidos": "BLANCO MARCHANTE", 
"numeroCalle": null, 
"telefonoCasa": null
}
}, 
{
"pk": 2093, 
"model": "akademic.padre", 
"fields": {
"escaleraPisoPuerta": null, 
"estadoCivil": 3, 
"telefonoTrabajo": null, 
"codPostal": null, 
"domicilio": "", 
"provincia": null, 
"dni": "11114903", 
"profesion": null, 
"isla": null, 
"email": "", 
"difunto": false, 
"fax": null, 
"telefonoMovil": "649938113", 
"tipoVia": null, 
"sexo": false, 
"localidad": null, 
"nombre": "ALEJANDRA", 
"notificarSms": true, 
"notificarEmail": true, 
"nacimiento": null, 
"municipio": null, 
"verificado": "2008-10-22", 
"apellidos": "CANO D\u00cdAZ", 
"numeroCalle": null, 
"telefonoCasa": null
}
}, 
{
"pk": 415, 
"model": "akademic.padre", 
"fields": {
"escaleraPisoPuerta": null, 
"estadoCivil": 3, 
"telefonoTrabajo": null, 
"codPostal": null, 
"domicilio": "", 
"provincia": null, 
"dni": "11113658", 
"profesion": null, 
"isla": null, 
"email": "", 
"difunto": false, 
"fax": null, 
"telefonoMovil": "669939156", 
"tipoVia": null, 
"sexo": true, 
"localidad": null, 
"nombre": "KILIAN", 
"notificarSms": false, 
"notificarEmail": true, 
"nacimiento": null, 
"municipio": null, 
"verificado": null, 
"apellidos": "CARRERA TURGOT", 
"numeroCalle": null, 
"telefonoCasa": null
}
}, 
{
"pk": 1553, 
"model": "akademic.padre", 
"fields": {
"escaleraPisoPuerta": null, 
"estadoCivil": 3, 
"telefonoTrabajo": null, 
"codPostal": null, 
"domicilio": "", 
"provincia": null, 
"dni": "11114212", 
"profesion": null, 
"isla": null, 
"email": "", 
"difunto": false, 
"fax": null, 
"telefonoMovil": "678220119", 
"tipoVia": null, 
"sexo": false, 
"localidad": null, 
"nombre": "DIANA", 
"notificarSms": true, 
"notificarEmail": true, 
"nacimiento": null, 
"municipio": null, 
"verificado": "2008-10-21", 
"apellidos": "CASANOVA ARZOLA", 
"numeroCalle": null, 
"telefonoCasa": null
}
}, 
{
"pk": 2123, 
"model": "akademic.padre", 
"fields": {
"escaleraPisoPuerta": null, 
"estadoCivil": 3, 
"telefonoTrabajo": null, 
"codPostal": null, 
"domicilio": "", 
"provincia": null, 
"dni": "11113200", 
"profesion": null, 
"isla": null, 
"email": "", 
"difunto": false, 
"fax": null, 
"telefonoMovil": "695192706", 
"tipoVia": null, 
"sexo": true, 
"localidad": null, 
"nombre": "\u00c1NGEL", 
"notificarSms": false, 
"notificarEmail": true, 
"nacimiento": null, 
"municipio": null, 
"verificado": null, 
"apellidos": "CASTA\u00d1EDA PERDOMO", 
"numeroCalle": null, 
"telefonoCasa": null
}
}, 
{
"pk": 2487, 
"model": "akademic.padre", 
"fields": {
"escaleraPisoPuerta": null, 
"estadoCivil": 3, 
"telefonoTrabajo": null, 
"codPostal": null, 
"domicilio": "", 
"provincia": null, 
"dni": "11112806", 
"profesion": null, 
"isla": null, 
"email": "", 
"difunto": false, 
"fax": null, 
"telefonoMovil": "630946303", 
"tipoVia": null, 
"sexo": true, 
"localidad": null, 
"nombre": "JOS\u00c9 EUFEMIANO", 
"notificarSms": false, 
"notificarEmail": true, 
"nacimiento": null, 
"municipio": null, 
"verificado": "2008-10-22", 
"apellidos": "CRUZ HERNANDEZ", 
"numeroCalle": null, 
"telefonoCasa": null
}
}, 
{
"pk": 1834, 
"model": "akademic.padre", 
"fields": {
"escaleraPisoPuerta": null, 
"estadoCivil": 3, 
"telefonoTrabajo": null, 
"codPostal": null, 
"domicilio": "", 
"provincia": null, 
"dni": "11113614", 
"profesion": null, 
"isla": null, 
"email": "", 
"difunto": false, 
"fax": null, 
"telefonoMovil": "616359950", 
"tipoVia": null, 
"sexo": false, 
"localidad": null, 
"nombre": "NOELIA", 
"notificarSms": true, 
"notificarEmail": true, 
"nacimiento": null, 
"municipio": null, 
"verificado": "2008-10-22", 
"apellidos": "DASWANI AGUILAR", 
"numeroCalle": null, 
"telefonoCasa": null
}
}, 
{
"pk": 2532, 
"model": "akademic.padre", 
"fields": {
"escaleraPisoPuerta": null, 
"estadoCivil": 1, 
"telefonoTrabajo": null, 
"codPostal": null, 
"domicilio": "", 
"provincia": null, 
"dni": "11114065", 
"profesion": null, 
"isla": null, 
"email": "", 
"difunto": false, 
"fax": null, 
"telefonoMovil": "637819230", 
"tipoVia": null, 
"sexo": false, 
"localidad": null, 
"nombre": "ROXANA", 
"notificarSms": false, 
"notificarEmail": true, 
"nacimiento": null, 
"municipio": null, 
"verificado": null, 
"apellidos": "DAVIES HERN\u00c1NDEZ", 
"numeroCalle": null, 
"telefonoCasa": null
}
}, 
{
"pk": 1572, 
"model": "akademic.padre", 
"fields": {
"escaleraPisoPuerta": null, 
"estadoCivil": 3, 
"telefonoTrabajo": null, 
"codPostal": null, 
"domicilio": "", 
"provincia": null, 
"dni": "11113300", 
"profesion": null, 
"isla": null, 
"email": "", 
"difunto": false, 
"fax": null, 
"telefonoMovil": "658936991", 
"tipoVia": null, 
"sexo": true, 
"localidad": null, 
"nombre": "AD\u00c1N", 
"notificarSms": true, 
"notificarEmail": true, 
"nacimiento": null, 
"municipio": null, 
"verificado": "2008-10-22", 
"apellidos": "DELGADO HERN\u00c1NDEZ", 
"numeroCalle": null, 
"telefonoCasa": null
}
}, 
{
"pk": 17, 
"model": "akademic.padre", 
"fields": {
"escaleraPisoPuerta": null, 
"estadoCivil": 3, 
"telefonoTrabajo": null, 
"codPostal": null, 
"domicilio": "", 
"provincia": null, 
"dni": "11112970", 
"profesion": null, 
"isla": null, 
"email": "", 
"difunto": false, 
"fax": null, 
"telefonoMovil": "629071678", 
"tipoVia": null, 
"sexo": true, 
"localidad": null, 
"nombre": "GERARDO", 
"notificarSms": true, 
"notificarEmail": true, 
"nacimiento": null, 
"municipio": null, 
"verificado": "2008-10-21", 
"apellidos": "DON\u00cdZ DON\u00cdZ", 
"numeroCalle": null, 
"telefonoCasa": null
}
}, 
{
"pk": 2234, 
"model": "akademic.padre", 
"fields": {
"escaleraPisoPuerta": null, 
"estadoCivil": 3, 
"telefonoTrabajo": null, 
"codPostal": null, 
"domicilio": "", 
"provincia": null, 
"dni": "11113774", 
"profesion": null, 
"isla": null, 
"email": "", 
"difunto": false, 
"fax": null, 
"telefonoMovil": "677540233", 
"tipoVia": null, 
"sexo": false, 
"localidad": null, 
"nombre": "MELANIE", 
"notificarSms": false, 
"notificarEmail": true, 
"nacimiento": null, 
"municipio": null, 
"verificado": "2008-10-22", 
"apellidos": "DON\u00cdZ OLIVA", 
"numeroCalle": null, 
"telefonoCasa": null
}
}, 
{
"pk": 761, 
"model": "akademic.padre", 
"fields": {
"escaleraPisoPuerta": null, 
"estadoCivil": 3, 
"telefonoTrabajo": null, 
"codPostal": null, 
"domicilio": "", 
"provincia": null, 
"dni": "11113486", 
"profesion": null, 
"isla": null, 
"email": "", 
"difunto": false, 
"fax": null, 
"telefonoMovil": "636342009", 
"tipoVia": null, 
"sexo": false, 
"localidad": null, 
"nombre": "LUCIA", 
"notificarSms": true, 
"notificarEmail": true, 
"nacimiento": null, 
"municipio": null, 
"verificado": "2008-10-22", 
"apellidos": "DORTA GALLARDO", 
"numeroCalle": null, 
"telefonoCasa": null
}
}, 
{
"pk": 2506, 
"model": "akademic.padre", 
"fields": {
"escaleraPisoPuerta": null, 
"estadoCivil": 4, 
"telefonoTrabajo": null, 
"codPostal": null, 
"domicilio": "", 
"provincia": null, 
"dni": "11114226", 
"profesion": null, 
"isla": null, 
"email": "", 
"difunto": false, 
"fax": null, 
"telefonoMovil": "699274613", 
"tipoVia": null, 
"sexo": false, 
"localidad": null, 
"nombre": "EVA", 
"notificarSms": false, 
"notificarEmail": true, 
"nacimiento": null, 
"municipio": null, 
"verificado": null, 
"apellidos": "DORTA JORD\u00c1N", 
"numeroCalle": null, 
"telefonoCasa": null
}
}, 
{
"pk": 476, 
"model": "akademic.padre", 
"fields": {
"escaleraPisoPuerta": null, 
"estadoCivil": 3, 
"telefonoTrabajo": null, 
"codPostal": null, 
"domicilio": "", 
"provincia": null, 
"dni": "11113487", 
"profesion": null, 
"isla": null, 
"email": "", 
"difunto": false, 
"fax": null, 
"telefonoMovil": "609887684", 
"tipoVia": null, 
"sexo": true, 
"localidad": null, 
"nombre": "JAVIER", 
"notificarSms": true, 
"notificarEmail": true, 
"nacimiento": null, 
"municipio": null, 
"verificado": "2008-10-21", 
"apellidos": "D\u00cdAZ GONZ\u00c1LEZ", 
"numeroCalle": null, 
"telefonoCasa": null
}
}, 
{
"pk": 2491, 
"model": "akademic.padre", 
"fields": {
"escaleraPisoPuerta": null, 
"estadoCivil": 4, 
"telefonoTrabajo": null, 
"codPostal": null, 
"domicilio": "", 
"provincia": null, 
"dni": "11114300", 
"profesion": null, 
"isla": null, 
"email": "", 
"difunto": false, 
"fax": null, 
"telefonoMovil": "630830590", 
"tipoVia": null, 
"sexo": false, 
"localidad": null, 
"nombre": "NEREA", 
"notificarSms": false, 
"notificarEmail": true, 
"nacimiento": null, 
"municipio": null, 
"verificado": null, 
"apellidos": "D\u00cdAZ LINARES", 
"numeroCalle": null, 
"telefonoCasa": null
}
}, 
{
"pk": 40, 
"model": "akademic.padre", 
"fields": {
"escaleraPisoPuerta": null, 
"estadoCivil": 3, 
"telefonoTrabajo": null, 
"codPostal": null, 
"domicilio": "", 
"provincia": null, 
"dni": "11113625", 
"profesion": null, 
"isla": null, 
"email": "", 
"difunto": false, 
"fax": null, 
"telefonoMovil": "627522325", 
"tipoVia": null, 
"sexo": true, 
"localidad": null, 
"nombre": "ROBERTO", 
"notificarSms": true, 
"notificarEmail": true, 
"nacimiento": null, 
"municipio": null, 
"verificado": "2008-10-22", 
"apellidos": "D\u00cdAZ RODR\u00cdGUEZ", 
"numeroCalle": null, 
"telefonoCasa": null
}
}, 
{
"pk": 446, 
"model": "akademic.padre", 
"fields": {
"escaleraPisoPuerta": null, 
"estadoCivil": 3, 
"telefonoTrabajo": null, 
"codPostal": null, 
"domicilio": "", 
"provincia": null, 
"dni": "11115239", 
"profesion": null, 
"isla": null, 
"email": "", 
"difunto": false, 
"fax": null, 
"telefonoMovil": "616402344", 
"tipoVia": null, 
"sexo": true, 
"localidad": null, 
"nombre": "GABRIEL", 
"notificarSms": true, 
"notificarEmail": true, 
"nacimiento": null, 
"municipio": null, 
"verificado": "2008-10-22", 
"apellidos": "D\u00cdEZ L\u00d3PEZ", 
"numeroCalle": null, 
"telefonoCasa": null
}
}, 
{
"pk": 793, 
"model": "akademic.padre", 
"fields": {
"escaleraPisoPuerta": null, 
"estadoCivil": 3, 
"telefonoTrabajo": null, 
"codPostal": null, 
"domicilio": "", 
"provincia": null, 
"dni": "11114998", 
"profesion": null, 
"isla": null, 
"email": "", 
"difunto": false, 
"fax": null, 
"telefonoMovil": "629533694", 
"tipoVia": null, 
"sexo": false, 
"localidad": null, 
"nombre": "NOA", 
"notificarSms": true, 
"notificarEmail": true, 
"nacimiento": null, 
"municipio": null, 
"verificado": "2008-10-22", 
"apellidos": "ESCOBAR FARRA\u00cdS", 
"numeroCalle": null, 
"telefonoCasa": null
}
}, 
{
"pk": 2404, 
"model": "akademic.padre", 
"fields": {
"escaleraPisoPuerta": null, 
"estadoCivil": 3, 
"telefonoTrabajo": null, 
"codPostal": null, 
"domicilio": "", 
"provincia": null, 
"dni": "11113575", 
"profesion": null, 
"isla": null, 
"email": "", 
"difunto": false, 
"fax": null, 
"telefonoMovil": "650305185", 
"tipoVia": null, 
"sexo": true, 
"localidad": null, 
"nombre": "DAMI\u00c1N", 
"notificarSms": false, 
"notificarEmail": true, 
"nacimiento": null, 
"municipio": null, 
"verificado": "2008-10-22", 
"apellidos": "ESCOFET DELGADO", 
"numeroCalle": null, 
"telefonoCasa": null
}
}, 
{
"pk": 41, 
"model": "akademic.padre", 
"fields": {
"escaleraPisoPuerta": null, 
"estadoCivil": 3, 
"telefonoTrabajo": null, 
"codPostal": null, 
"domicilio": "", 
"provincia": null, 
"dni": "11114348", 
"profesion": null, 
"isla": null, 
"email": "", 
"difunto": false, 
"fax": null, 
"telefonoMovil": "655918883", 
"tipoVia": null, 
"sexo": false, 
"localidad": null, 
"nombre": "LUCIA", 
"notificarSms": true, 
"notificarEmail": true, 
"nacimiento": null, 
"municipio": null, 
"verificado": "2008-10-22", 
"apellidos": "ESCOFET DELGADO", 
"numeroCalle": null, 
"telefonoCasa": null
}
}, 
{
"pk": 2520, 
"model": "akademic.padre", 
"fields": {
"escaleraPisoPuerta": null, 
"estadoCivil": 1, 
"telefonoTrabajo": null, 
"codPostal": null, 
"domicilio": "", 
"provincia": null, 
"dni": "11114694", 
"profesion": null, 
"isla": null, 
"email": "", 
"difunto": false, 
"fax": null, 
"telefonoMovil": "630677597", 
"tipoVia": null, 
"sexo": true, 
"localidad": null, 
"nombre": "ALEJANDRO", 
"notificarSms": false, 
"notificarEmail": true, 
"nacimiento": null, 
"municipio": null, 
"verificado": null, 
"apellidos": "ESTAL DARIAS", 
"numeroCalle": null, 
"telefonoCasa": null
}
}, 
{
"pk": 2081, 
"model": "akademic.padre", 
"fields": {
"escaleraPisoPuerta": null, 
"estadoCivil": 4, 
"telefonoTrabajo": null, 
"codPostal": null, 
"domicilio": "", 
"provincia": null, 
"dni": "11112831", 
"profesion": null, 
"isla": null, 
"email": "", 
"difunto": false, 
"fax": null, 
"telefonoMovil": "639742170", 
"tipoVia": null, 
"sexo": false, 
"localidad": null, 
"nombre": "CARLOTA", 
"notificarSms": true, 
"notificarEmail": true, 
"nacimiento": null, 
"municipio": null, 
"verificado": "2008-10-22", 
"apellidos": "EXP\u00d3SITO L\u00d3PEZ", 
"numeroCalle": null, 
"telefonoCasa": null
}
}, 
{
"pk": 421, 
"model": "akademic.padre", 
"fields": {
"escaleraPisoPuerta": null, 
"estadoCivil": 3, 
"telefonoTrabajo": null, 
"codPostal": null, 
"domicilio": "", 
"provincia": null, 
"dni": "11114095", 
"profesion": null, 
"isla": null, 
"email": "", 
"difunto": false, 
"fax": null, 
"telefonoMovil": "620161269", 
"tipoVia": null, 
"sexo": false, 
"localidad": null, 
"nombre": "SONIA", 
"notificarSms": true, 
"notificarEmail": true, 
"nacimiento": null, 
"municipio": null, 
"verificado": "2008-10-22", 
"apellidos": "EXP\u00d3SITO RODR\u00cdGUEZ", 
"numeroCalle": null, 
"telefonoCasa": null
}
}, 
{
"pk": 740, 
"model": "akademic.padre", 
"fields": {
"escaleraPisoPuerta": null, 
"estadoCivil": 3, 
"telefonoTrabajo": null, 
"codPostal": null, 
"domicilio": "", 
"provincia": null, 
"dni": "11114539", 
"profesion": null, 
"isla": null, 
"email": "", 
"difunto": false, 
"fax": null, 
"telefonoMovil": "665263318", 
"tipoVia": null, 
"sexo": true, 
"localidad": null, 
"nombre": "AARON MOISES", 
"notificarSms": true, 
"notificarEmail": true, 
"nacimiento": null, 
"municipio": null, 
"verificado": "2008-10-22", 
"apellidos": "FARI\u00d1A GARCIA", 
"numeroCalle": null, 
"telefonoCasa": null
}
}, 
{
"pk": 812, 
"model": "akademic.padre", 
"fields": {
"escaleraPisoPuerta": null, 
"estadoCivil": 4, 
"telefonoTrabajo": null, 
"codPostal": null, 
"domicilio": "", 
"provincia": null, 
"dni": "11113604", 
"profesion": null, 
"isla": null, 
"email": "", 
"difunto": false, 
"fax": null, 
"telefonoMovil": "627728891", 
"tipoVia": null, 
"sexo": false, 
"localidad": null, 
"nombre": "MARTA", 
"notificarSms": true, 
"notificarEmail": true, 
"nacimiento": null, 
"municipio": null, 
"verificado": "2008-10-22", 
"apellidos": "FEBLES STORANI", 
"numeroCalle": null, 
"telefonoCasa": null
}
}, 
{
"pk": 1943, 
"model": "akademic.padre", 
"fields": {
"escaleraPisoPuerta": null, 
"estadoCivil": 3, 
"telefonoTrabajo": null, 
"codPostal": null, 
"domicilio": "", 
"provincia": null, 
"dni": "11115166", 
"profesion": null, 
"isla": null, 
"email": "", 
"difunto": false, 
"fax": null, 
"telefonoMovil": "653877306", 
"tipoVia": null, 
"sexo": true, 
"localidad": null, 
"nombre": "\u00d3SCAR", 
"notificarSms": true, 
"notificarEmail": true, 
"nacimiento": null, 
"municipio": null, 
"verificado": "2008-10-22", 
"apellidos": "FERN\u00c1NDEZ REGALADO", 
"numeroCalle": null, 
"telefonoCasa": null
}
}, 
{
"pk": 2621, 
"model": "akademic.padre", 
"fields": {
"escaleraPisoPuerta": null, 
"estadoCivil": 1, 
"telefonoTrabajo": null, 
"codPostal": null, 
"domicilio": "", 
"provincia": null, 
"dni": "11113067", 
"profesion": null, 
"isla": null, 
"email": "", 
"difunto": false, 
"fax": null, 
"telefonoMovil": "637410550", 
"tipoVia": null, 
"sexo": true, 
"localidad": null, 
"nombre": "YAREY", 
"notificarSms": true, 
"notificarEmail": true, 
"nacimiento": null, 
"municipio": null, 
"verificado": "2008-10-22", 
"apellidos": "FLORES YANES", 
"numeroCalle": null, 
"telefonoCasa": null
}
}, 
{
"pk": 2530, 
"model": "akademic.padre", 
"fields": {
"escaleraPisoPuerta": null, 
"estadoCivil": 1, 
"telefonoTrabajo": null, 
"codPostal": null, 
"domicilio": "", 
"provincia": null, 
"dni": "11112720", 
"profesion": null, 
"isla": null, 
"email": "", 
"difunto": false, 
"fax": null, 
"telefonoMovil": "626709447", 
"tipoVia": null, 
"sexo": false, 
"localidad": null, 
"nombre": "LAURA", 
"notificarSms": false, 
"notificarEmail": true, 
"nacimiento": null, 
"municipio": null, 
"verificado": null, 
"apellidos": "FUCI\u00d1OS RODRIGUEZ", 
"numeroCalle": null, 
"telefonoCasa": null
}
}, 
{
"pk": 500, 
"model": "akademic.padre", 
"fields": {
"escaleraPisoPuerta": null, 
"estadoCivil": 3, 
"telefonoTrabajo": null, 
"codPostal": null, 
"domicilio": "", 
"provincia": null, 
"dni": "11113870", 
"profesion": null, 
"isla": null, 
"email": "", 
"difunto": false, 
"fax": null, 
"telefonoMovil": "609652877", 
"tipoVia": null, 
"sexo": false, 
"localidad": null, 
"nombre": "ANDREA", 
"notificarSms": false, 
"notificarEmail": true, 
"nacimiento": null, 
"municipio": null, 
"verificado": null, 
"apellidos": "FUENTES ALLO", 
"numeroCalle": null, 
"telefonoCasa": null
}
}, 
{
"pk": 1736, 
"model": "akademic.padre", 
"fields": {
"escaleraPisoPuerta": null, 
"estadoCivil": 3, 
"telefonoTrabajo": null, 
"codPostal": null, 
"domicilio": "", 
"provincia": null, 
"dni": "11112906", 
"profesion": null, 
"isla": null, 
"email": "", 
"difunto": false, 
"fax": null, 
"telefonoMovil": "677763454", 
"tipoVia": null, 
"sexo": false, 
"localidad": null, 
"nombre": "IRINA MAR\u00cdA", 
"notificarSms": true, 
"notificarEmail": true, 
"nacimiento": null, 
"municipio": null, 
"verificado": "2008-10-22", 
"apellidos": "GAL\u00c1N GIM\u00c9NEZ", 
"numeroCalle": null, 
"telefonoCasa": null
}
}, 
{
"pk": 2528, 
"model": "akademic.padre", 
"fields": {
"escaleraPisoPuerta": null, 
"estadoCivil": 1, 
"telefonoTrabajo": null, 
"codPostal": null, 
"domicilio": "", 
"provincia": null, 
"dni": "11114632", 
"profesion": null, 
"isla": null, 
"email": "", 
"difunto": false, 
"fax": null, 
"telefonoMovil": "", 
"tipoVia": null, 
"sexo": false, 
"localidad": null, 
"nombre": "LAURA MAR\u00cdA", 
"notificarSms": false, 
"notificarEmail": true, 
"nacimiento": null, 
"municipio": null, 
"verificado": null, 
"apellidos": "GARC\u00cdA CABRERA", 
"numeroCalle": null, 
"telefonoCasa": null
}
}, 
{
"pk": 753, 
"model": "akademic.padre", 
"fields": {
"escaleraPisoPuerta": null, 
"estadoCivil": 3, 
"telefonoTrabajo": null, 
"codPostal": null, 
"domicilio": "", 
"provincia": null, 
"dni": "11113226", 
"profesion": null, 
"isla": null, 
"email": "", 
"difunto": false, 
"fax": null, 
"telefonoMovil": "616900010", 
"tipoVia": null, 
"sexo": true, 
"localidad": null, 
"nombre": "CARLOS IGNACIO", 
"notificarSms": true, 
"notificarEmail": true, 
"nacimiento": null, 
"municipio": null, 
"verificado": "2008-10-22", 
"apellidos": "GARC\u00cdA ESPINOZA", 
"numeroCalle": null, 
"telefonoCasa": null
}
}, 
{
"pk": 2080, 
"model": "akademic.padre", 
"fields": {
"escaleraPisoPuerta": null, 
"estadoCivil": 4, 
"telefonoTrabajo": null, 
"codPostal": null, 
"domicilio": "", 
"provincia": null, 
"dni": "11112764", 
"profesion": null, 
"isla": null, 
"email": "", 
"difunto": false, 
"fax": null, 
"telefonoMovil": "687999740", 
"tipoVia": null, 
"sexo": true, 
"localidad": null, 
"nombre": "CRISTO-JOSE", 
"notificarSms": true, 
"notificarEmail": true, 
"nacimiento": null, 
"municipio": null, 
"verificado": "2008-10-22", 
"apellidos": "GARC\u00cdA PASCUAL", 
"numeroCalle": null, 
"telefonoCasa": null
}
}, 
{
"pk": 429, 
"model": "akademic.padre", 
"fields": {
"escaleraPisoPuerta": null, 
"estadoCivil": 3, 
"telefonoTrabajo": null, 
"codPostal": null, 
"domicilio": "", 
"provincia": null, 
"dni": "11115276", 
"profesion": null, 
"isla": null, 
"email": "", 
"difunto": false, 
"fax": null, 
"telefonoMovil": "661276488", 
"tipoVia": null, 
"sexo": false, 
"localidad": null, 
"nombre": "NATALIA", 
"notificarSms": false, 
"notificarEmail": true, 
"nacimiento": null, 
"municipio": null, 
"verificado": null, 
"apellidos": "GARC\u00cdA PASCUAL", 
"numeroCalle": null, 
"telefonoCasa": null
}
}, 
{
"pk": 1103, 
"model": "akademic.padre", 
"fields": {
"escaleraPisoPuerta": null, 
"estadoCivil": 3, 
"telefonoTrabajo": null, 
"codPostal": null, 
"domicilio": "", 
"provincia": null, 
"dni": "11113785", 
"profesion": null, 
"isla": null, 
"email": "", 
"difunto": false, 
"fax": null, 
"telefonoMovil": "629763414", 
"tipoVia": null, 
"sexo": false, 
"localidad": null, 
"nombre": "VICTORIA", 
"notificarSms": true, 
"notificarEmail": true, 
"nacimiento": null, 
"municipio": null, 
"verificado": "2008-10-22", 
"apellidos": "GARC\u00cdA PEDR\u00d3S", 
"numeroCalle": null, 
"telefonoCasa": null
}
}, 
{
"pk": 1555, 
"model": "akademic.padre", 
"fields": {
"escaleraPisoPuerta": null, 
"estadoCivil": 3, 
"telefonoTrabajo": null, 
"codPostal": null, 
"domicilio": "", 
"provincia": null, 
"dni": "11113547", 
"profesion": null, 
"isla": null, 
"email": "", 
"difunto": false, 
"fax": null, 
"telefonoMovil": "619716588", 
"tipoVia": null, 
"sexo": true, 
"localidad": null, 
"nombre": "CARLOS", 
"notificarSms": true, 
"notificarEmail": true, 
"nacimiento": null, 
"municipio": null, 
"verificado": "2008-10-22", 
"apellidos": "GONZALEZ DIAZ", 
"numeroCalle": null, 
"telefonoCasa": null
}
}, 
{
"pk": 2322, 
"model": "akademic.padre", 
"fields": {
"escaleraPisoPuerta": null, 
"estadoCivil": 3, 
"telefonoTrabajo": null, 
"codPostal": null, 
"domicilio": "", 
"provincia": null, 
"dni": "11113344", 
"profesion": null, 
"isla": null, 
"email": "", 
"difunto": false, 
"fax": null, 
"telefonoMovil": "635922888", 
"tipoVia": null, 
"sexo": false, 
"localidad": null, 
"nombre": "MIRIAM", 
"notificarSms": true, 
"notificarEmail": true, 
"nacimiento": null, 
"municipio": null, 
"verificado": "2008-10-22", 
"apellidos": "GONZ\u00c1LEZ AROCHA", 
"numeroCalle": null, 
"telefonoCasa": null
}
}, 
{
"pk": 2407, 
"model": "akademic.padre", 
"fields": {
"escaleraPisoPuerta": null, 
"estadoCivil": 3, 
"telefonoTrabajo": null, 
"codPostal": null, 
"domicilio": "", 
"provincia": null, 
"dni": "11114558", 
"profesion": null, 
"isla": null, 
"email": "", 
"difunto": false, 
"fax": null, 
"telefonoMovil": "626140761", 
"tipoVia": null, 
"sexo": false, 
"localidad": null, 
"nombre": "ISABEL", 
"notificarSms": false, 
"notificarEmail": true, 
"nacimiento": null, 
"municipio": null, 
"verificado": "2008-10-22", 
"apellidos": "GONZ\u00c1LEZ BAUTE", 
"numeroCalle": null, 
"telefonoCasa": null
}
}, 
{
"pk": 2625, 
"model": "akademic.padre", 
"fields": {
"escaleraPisoPuerta": null, 
"estadoCivil": 1, 
"telefonoTrabajo": null, 
"codPostal": null, 
"domicilio": "", 
"provincia": null, 
"dni": "11112994", 
"profesion": null, 
"isla": null, 
"email": "", 
"difunto": false, 
"fax": null, 
"telefonoMovil": "676556706", 
"tipoVia": null, 
"sexo": false, 
"localidad": null, 
"nombre": "SOF\u00cdA", 
"notificarSms": false, 
"notificarEmail": true, 
"nacimiento": null, 
"municipio": null, 
"verificado": null, 
"apellidos": "GONZ\u00c1LEZ LEDESMA", 
"numeroCalle": null, 
"telefonoCasa": null
}
}, 
{
"pk": 2527, 
"model": "akademic.padre", 
"fields": {
"escaleraPisoPuerta": null, 
"estadoCivil": 1, 
"telefonoTrabajo": null, 
"codPostal": null, 
"domicilio": "", 
"provincia": null, 
"dni": "11114253", 
"profesion": null, 
"isla": null, 
"email": "", 
"difunto": false, 
"fax": null, 
"telefonoMovil": "627658883", 
"tipoVia": null, 
"sexo": true, 
"localidad": null, 
"nombre": "AARON MOISES", 
"notificarSms": false, 
"notificarEmail": true, 
"nacimiento": null, 
"municipio": null, 
"verificado": null, 
"apellidos": "GONZ\u00c1LEZ PA\u00c9Z", 
"numeroCalle": null, 
"telefonoCasa": null
}
}, 
{
"pk": 2403, 
"model": "akademic.padre", 
"fields": {
"escaleraPisoPuerta": null, 
"estadoCivil": 3, 
"telefonoTrabajo": null, 
"codPostal": null, 
"domicilio": "", 
"provincia": null, 
"dni": "11113142", 
"profesion": null, 
"isla": null, 
"email": "", 
"difunto": false, 
"fax": null, 
"telefonoMovil": "626664507", 
"tipoVia": null, 
"sexo": false, 
"localidad": null, 
"nombre": "ANDREA", 
"notificarSms": false, 
"notificarEmail": true, 
"nacimiento": null, 
"municipio": null, 
"verificado": "2008-10-22", 
"apellidos": "GUANCHE DIAZ", 
"numeroCalle": null, 
"telefonoCasa": null
}
}, 
{
"pk": 428, 
"model": "akademic.padre", 
"fields": {
"escaleraPisoPuerta": null, 
"estadoCivil": 3, 
"telefonoTrabajo": null, 
"codPostal": null, 
"domicilio": "", 
"provincia": null, 
"dni": "11113702", 
"profesion": null, 
"isla": null, 
"email": "", 
"difunto": false, 
"fax": null, 
"telefonoMovil": "628020893", 
"tipoVia": null, 
"sexo": true, 
"localidad": null, 
"nombre": "JORGE ALBERTO", 
"notificarSms": false, 
"notificarEmail": true, 
"nacimiento": null, 
"municipio": null, 
"verificado": null, 
"apellidos": "GUTIERREZ ESTEVEZ", 
"numeroCalle": null, 
"telefonoCasa": null
}
}, 
{
"pk": 754, 
"model": "akademic.padre", 
"fields": {
"escaleraPisoPuerta": null, 
"estadoCivil": 3, 
"telefonoTrabajo": null, 
"codPostal": null, 
"domicilio": "", 
"provincia": null, 
"dni": "11113095", 
"profesion": null, 
"isla": null, 
"email": "", 
"difunto": false, 
"fax": null, 
"telefonoMovil": "635668468", 
"tipoVia": null, 
"sexo": false, 
"localidad": null, 
"nombre": "CINTIA CANDELARIA", 
"notificarSms": false, 
"notificarEmail": true, 
"nacimiento": null, 
"municipio": null, 
"verificado": null, 
"apellidos": "GUTI\u00c9RREZ DORTA", 
"numeroCalle": null, 
"telefonoCasa": null
}
}, 
{
"pk": 755, 
"model": "akademic.padre", 
"fields": {
"escaleraPisoPuerta": null, 
"estadoCivil": 3, 
"telefonoTrabajo": null, 
"codPostal": null, 
"domicilio": "", 
"provincia": null, 
"dni": "11115232", 
"profesion": null, 
"isla": null, 
"email": "", 
"difunto": false, 
"fax": null, 
"telefonoMovil": "665954642", 
"tipoVia": null, 
"sexo": false, 
"localidad": null, 
"nombre": "JENNIFER", 
"notificarSms": true, 
"notificarEmail": true, 
"nacimiento": null, 
"municipio": null, 
"verificado": "2008-10-22", 
"apellidos": "GUTI\u00c9RREZ RODR\u00cdGUEZ", 
"numeroCalle": null, 
"telefonoCasa": null
}
}, 
{
"pk": 2620, 
"model": "akademic.padre", 
"fields": {
"escaleraPisoPuerta": null, 
"estadoCivil": 1, 
"telefonoTrabajo": null, 
"codPostal": null, 
"domicilio": "", 
"provincia": null, 
"dni": "11112733", 
"profesion": null, 
"isla": null, 
"email": "", 
"difunto": false, 
"fax": null, 
"telefonoMovil": "686543898", 
"tipoVia": null, 
"sexo": false, 
"localidad": null, 
"nombre": "ELENA", 
"notificarSms": true, 
"notificarEmail": true, 
"nacimiento": null, 
"municipio": null, 
"verificado": "2008-10-22", 
"apellidos": "GUZMAN DIAZ", 
"numeroCalle": null, 
"telefonoCasa": null
}
}, 
{
"pk": 758, 
"model": "akademic.padre", 
"fields": {
"escaleraPisoPuerta": null, 
"estadoCivil": 3, 
"telefonoTrabajo": null, 
"codPostal": null, 
"domicilio": "", 
"provincia": null, 
"dni": "11113458", 
"profesion": null, 
"isla": null, 
"email": "", 
"difunto": false, 
"fax": null, 
"telefonoMovil": "665149042", 
"tipoVia": null, 
"sexo": true, 
"localidad": null, 
"nombre": "JORGE", 
"notificarSms": false, 
"notificarEmail": true, 
"nacimiento": null, 
"municipio": null, 
"verificado": null, 
"apellidos": "GUZMAN DIAZ", 
"numeroCalle": null, 
"telefonoCasa": null
}
}, 
{
"pk": 790, 
"model": "akademic.padre", 
"fields": {
"escaleraPisoPuerta": null, 
"estadoCivil": 3, 
"telefonoTrabajo": null, 
"codPostal": null, 
"domicilio": "", 
"provincia": null, 
"dni": "11113929", 
"profesion": null, 
"isla": null, 
"email": "", 
"difunto": false, 
"fax": null, 
"telefonoMovil": "600743652", 
"tipoVia": null, 
"sexo": true, 
"localidad": null, 
"nombre": "ENRIQUE", 
"notificarSms": false, 
"notificarEmail": true, 
"nacimiento": null, 
"municipio": null, 
"verificado": null, 
"apellidos": "HERNANDEZ ESCOBAR", 
"numeroCalle": null, 
"telefonoCasa": null
}
}, 
{
"pk": 2505, 
"model": "akademic.padre", 
"fields": {
"escaleraPisoPuerta": null, 
"estadoCivil": 3, 
"telefonoTrabajo": null, 
"codPostal": null, 
"domicilio": "", 
"provincia": null, 
"dni": "11113647", 
"profesion": null, 
"isla": null, 
"email": "", 
"difunto": false, 
"fax": null, 
"telefonoMovil": "636628740", 
"tipoVia": null, 
"sexo": false, 
"localidad": null, 
"nombre": "MARIELA", 
"notificarSms": true, 
"notificarEmail": true, 
"nacimiento": null, 
"municipio": null, 
"verificado": "2008-10-22", 
"apellidos": "HERNANDEZ GARCIA", 
"numeroCalle": null, 
"telefonoCasa": null
}
}, 
{
"pk": 490, 
"model": "akademic.padre", 
"fields": {
"escaleraPisoPuerta": null, 
"estadoCivil": 3, 
"telefonoTrabajo": null, 
"codPostal": null, 
"domicilio": "", 
"provincia": null, 
"dni": "11114688", 
"profesion": null, 
"isla": null, 
"email": "", 
"difunto": false, 
"fax": null, 
"telefonoMovil": "696576121", 
"tipoVia": null, 
"sexo": true, 
"localidad": null, 
"nombre": "DANIEL FELICIANO", 
"notificarSms": true, 
"notificarEmail": true, 
"nacimiento": null, 
"municipio": null, 
"verificado": "2008-10-21", 
"apellidos": "HERNANDEZ HERNANDEZ", 
"numeroCalle": null, 
"telefonoCasa": null
}
}, 
{
"pk": 122, 
"model": "akademic.padre", 
"fields": {
"escaleraPisoPuerta": null, 
"estadoCivil": 3, 
"telefonoTrabajo": null, 
"codPostal": null, 
"domicilio": "", 
"provincia": null, 
"dni": "11113312", 
"profesion": null, 
"isla": null, 
"email": "", 
"difunto": false, 
"fax": null, 
"telefonoMovil": "665954951", 
"tipoVia": null, 
"sexo": true, 
"localidad": null, 
"nombre": "FRANCISCO MANUEL", 
"notificarSms": true, 
"notificarEmail": true, 
"nacimiento": null, 
"municipio": null, 
"verificado": "2008-10-22", 
"apellidos": "HERNANDEZ LUIS", 
"numeroCalle": null, 
"telefonoCasa": null
}
}, 
{
"pk": 786, 
"model": "akademic.padre", 
"fields": {
"escaleraPisoPuerta": null, 
"estadoCivil": 4, 
"telefonoTrabajo": null, 
"codPostal": null, 
"domicilio": "", 
"provincia": null, 
"dni": "11114000", 
"profesion": null, 
"isla": null, 
"email": "", 
"difunto": false, 
"fax": null, 
"telefonoMovil": "615638149", 
"tipoVia": null, 
"sexo": true, 
"localidad": null, 
"nombre": "SERGIO", 
"notificarSms": true, 
"notificarEmail": true, 
"nacimiento": null, 
"municipio": null, 
"verificado": "2008-10-22", 
"apellidos": "HERNANDEZ LUIS", 
"numeroCalle": null, 
"telefonoCasa": null
}
}, 
{
"pk": 2619, 
"model": "akademic.padre", 
"fields": {
"escaleraPisoPuerta": null, 
"estadoCivil": 1, 
"telefonoTrabajo": null, 
"codPostal": null, 
"domicilio": "", 
"provincia": null, 
"dni": "11113053", 
"profesion": null, 
"isla": null, 
"email": "", 
"difunto": false, 
"fax": null, 
"telefonoMovil": "647773939", 
"tipoVia": null, 
"sexo": true, 
"localidad": null, 
"nombre": "PABLO", 
"notificarSms": false, 
"notificarEmail": true, 
"nacimiento": null, 
"municipio": null, 
"verificado": null, 
"apellidos": "HERN\u00c1NDEZ ABRANTE", 
"numeroCalle": null, 
"telefonoCasa": null
}
}, 
{
"pk": 1638, 
"model": "akademic.padre", 
"fields": {
"escaleraPisoPuerta": null, 
"estadoCivil": 3, 
"telefonoTrabajo": null, 
"codPostal": null, 
"domicilio": "", 
"provincia": null, 
"dni": "11113745", 
"profesion": null, 
"isla": null, 
"email": "", 
"difunto": false, 
"fax": null, 
"telefonoMovil": "626679424", 
"tipoVia": null, 
"sexo": false, 
"localidad": null, 
"nombre": "MARJOLEIN", 
"notificarSms": true, 
"notificarEmail": true, 
"nacimiento": null, 
"municipio": null, 
"verificado": "2008-10-22", 
"apellidos": "HERN\u00c1NDEZ CUBELO", 
"numeroCalle": null, 
"telefonoCasa": null
}
}, 
{
"pk": 2481, 
"model": "akademic.padre", 
"fields": {
"escaleraPisoPuerta": null, 
"estadoCivil": 3, 
"telefonoTrabajo": null, 
"codPostal": null, 
"domicilio": "", 
"provincia": null, 
"dni": "11113181", 
"profesion": null, 
"isla": null, 
"email": "", 
"difunto": false, 
"fax": null, 
"telefonoMovil": "656281060", 
"tipoVia": null, 
"sexo": true, 
"localidad": null, 
"nombre": "NIALL ANDRES", 
"notificarSms": false, 
"notificarEmail": true, 
"nacimiento": null, 
"municipio": null, 
"verificado": "2008-10-22", 
"apellidos": "HERN\u00c1NDEZ GARC\u00cdA", 
"numeroCalle": null, 
"telefonoCasa": null
}
}, 
{
"pk": 416, 
"model": "akademic.padre", 
"fields": {
"escaleraPisoPuerta": null, 
"estadoCivil": 3, 
"telefonoTrabajo": null, 
"codPostal": null, 
"domicilio": "", 
"provincia": null, 
"dni": "11112778", 
"profesion": null, 
"isla": null, 
"email": "", 
"difunto": false, 
"fax": null, 
"telefonoMovil": "626901881", 
"tipoVia": null, 
"sexo": false, 
"localidad": null, 
"nombre": "SILVIA JULIANA", 
"notificarSms": true, 
"notificarEmail": true, 
"nacimiento": null, 
"municipio": null, 
"verificado": "2008-10-22", 
"apellidos": "HERN\u00c1NDEZ GARC\u00cdA", 
"numeroCalle": null, 
"telefonoCasa": null
}
}, 
{
"pk": 2402, 
"model": "akademic.padre", 
"fields": {
"escaleraPisoPuerta": null, 
"estadoCivil": 3, 
"telefonoTrabajo": null, 
"codPostal": null, 
"domicilio": "", 
"provincia": null, 
"dni": "11113377", 
"profesion": null, 
"isla": null, 
"email": "", 
"difunto": false, 
"fax": null, 
"telefonoMovil": "686187431", 
"tipoVia": null, 
"sexo": true, 
"localidad": null, 
"nombre": "WISANU", 
"notificarSms": false, 
"notificarEmail": true, 
"nacimiento": null, 
"municipio": null, 
"verificado": "2008-10-22", 
"apellidos": "HERN\u00c1NDEZ MEDINA", 
"numeroCalle": null, 
"telefonoCasa": null
}
}, 
{
"pk": 1573, 
"model": "akademic.padre", 
"fields": {
"escaleraPisoPuerta": null, 
"estadoCivil": 3, 
"telefonoTrabajo": null, 
"codPostal": null, 
"domicilio": "", 
"provincia": null, 
"dni": "11115109", 
"profesion": null, 
"isla": null, 
"email": "", 
"difunto": false, 
"fax": null, 
"telefonoMovil": "630779938", 
"tipoVia": null, 
"sexo": false, 
"localidad": null, 
"nombre": "MARGARITA", 
"notificarSms": false, 
"notificarEmail": true, 
"nacimiento": null, 
"municipio": null, 
"verificado": null, 
"apellidos": "HERN\u00c1NDEZ P\u00c9REZ", 
"numeroCalle": null, 
"telefonoCasa": null
}
}, 
{
"pk": 79, 
"model": "akademic.padre", 
"fields": {
"escaleraPisoPuerta": null, 
"estadoCivil": 3, 
"telefonoTrabajo": null, 
"codPostal": null, 
"domicilio": "", 
"provincia": null, 
"dni": "11115112", 
"profesion": null, 
"isla": null, 
"email": "", 
"difunto": false, 
"fax": null, 
"telefonoMovil": "687694287", 
"tipoVia": null, 
"sexo": false, 
"localidad": null, 
"nombre": "MARTA", 
"notificarSms": false, 
"notificarEmail": true, 
"nacimiento": null, 
"municipio": null, 
"verificado": null, 
"apellidos": "HERN\u00c1NDEZ RODR\u00cdGUEZ", 
"numeroCalle": null, 
"telefonoCasa": null
}
}, 
{
"pk": 763, 
"model": "akademic.padre", 
"fields": {
"escaleraPisoPuerta": null, 
"estadoCivil": 3, 
"telefonoTrabajo": null, 
"codPostal": null, 
"domicilio": "", 
"provincia": null, 
"dni": "11115056", 
"profesion": null, 
"isla": null, 
"email": "", 
"difunto": false, 
"fax": null, 
"telefonoMovil": "665683802", 
"tipoVia": null, 
"sexo": false, 
"localidad": null, 
"nombre": "SHEYLA", 
"notificarSms": true, 
"notificarEmail": true, 
"nacimiento": null, 
"municipio": null, 
"verificado": "2008-10-22", 
"apellidos": "HERRERA SACRAMENTO", 
"numeroCalle": null, 
"telefonoCasa": null
}
}, 
{
"pk": 2618, 
"model": "akademic.padre", 
"fields": {
"escaleraPisoPuerta": null, 
"estadoCivil": 1, 
"telefonoTrabajo": null, 
"codPostal": null, 
"domicilio": "", 
"provincia": null, 
"dni": "11112670", 
"profesion": null, 
"isla": null, 
"email": "", 
"difunto": false, 
"fax": null, 
"telefonoMovil": "637171414", 
"tipoVia": null, 
"sexo": false, 
"localidad": null, 
"nombre": "CRISTINA", 
"notificarSms": false, 
"notificarEmail": true, 
"nacimiento": null, 
"municipio": null, 
"verificado": null, 
"apellidos": "HOLZENDORF DIONIS", 
"numeroCalle": null, 
"telefonoCasa": null
}
}, 
{
"pk": 791, 
"model": "akademic.padre", 
"fields": {
"escaleraPisoPuerta": null, 
"estadoCivil": 3, 
"telefonoTrabajo": null, 
"codPostal": null, 
"domicilio": "", 
"provincia": null, 
"dni": "11114898", 
"profesion": null, 
"isla": null, 
"email": "", 
"difunto": false, 
"fax": null, 
"telefonoMovil": "687008594", 
"tipoVia": null, 
"sexo": false, 
"localidad": null, 
"nombre": "AINHOA JIAN", 
"notificarSms": true, 
"notificarEmail": true, 
"nacimiento": null, 
"municipio": null, 
"verificado": "2008-10-22", 
"apellidos": "IG\u00c1\u00d1EZ GONZ\u00c1LEZ", 
"numeroCalle": null, 
"telefonoCasa": null
}
}, 
{
"pk": 2626, 
"model": "akademic.padre", 
"fields": {
"escaleraPisoPuerta": null, 
"estadoCivil": 1, 
"telefonoTrabajo": null, 
"codPostal": null, 
"domicilio": "", 
"provincia": null, 
"dni": "11113742", 
"profesion": null, 
"isla": null, 
"email": "", 
"difunto": false, 
"fax": null, 
"telefonoMovil": "661671465", 
"tipoVia": null, 
"sexo": true, 
"localidad": null, 
"nombre": "DIMAS", 
"notificarSms": false, 
"notificarEmail": true, 
"nacimiento": null, 
"municipio": null, 
"verificado": null, 
"apellidos": "JIM\u00c9NEZ C\u00d3LOGAN", 
"numeroCalle": null, 
"telefonoCasa": null
}
}, 
{
"pk": 489, 
"model": "akademic.padre", 
"fields": {
"escaleraPisoPuerta": null, 
"estadoCivil": 3, 
"telefonoTrabajo": null, 
"codPostal": null, 
"domicilio": "", 
"provincia": null, 
"dni": "11112785", 
"profesion": null, 
"isla": null, 
"email": "", 
"difunto": false, 
"fax": null, 
"telefonoMovil": "617454029", 
"tipoVia": null, 
"sexo": false, 
"localidad": null, 
"nombre": "EVA", 
"notificarSms": true, 
"notificarEmail": true, 
"nacimiento": null, 
"municipio": null, 
"verificado": "2008-10-22", 
"apellidos": "KORWAN GONZALEZ", 
"numeroCalle": null, 
"telefonoCasa": null
}
}, 
{
"pk": 440, 
"model": "akademic.padre", 
"fields": {
"escaleraPisoPuerta": null, 
"estadoCivil": 3, 
"telefonoTrabajo": null, 
"codPostal": null, 
"domicilio": "", 
"provincia": null, 
"dni": "11113662", 
"profesion": null, 
"isla": null, 
"email": "", 
"difunto": false, 
"fax": null, 
"telefonoMovil": "653961102", 
"tipoVia": null, 
"sexo": false, 
"localidad": null, 
"nombre": "MAR\u00cdA", 
"notificarSms": true, 
"notificarEmail": true, 
"nacimiento": null, 
"municipio": null, 
"verificado": "2008-10-22", 
"apellidos": "LABRADOR D\u00cdAZ", 
"numeroCalle": null, 
"telefonoCasa": null
}
}, 
{
"pk": 762, 
"model": "akademic.padre", 
"fields": {
"escaleraPisoPuerta": null, 
"estadoCivil": 3, 
"telefonoTrabajo": null, 
"codPostal": null, 
"domicilio": "", 
"provincia": null, 
"dni": "11114213", 
"profesion": null, 
"isla": null, 
"email": "", 
"difunto": false, 
"fax": null, 
"telefonoMovil": "665683805", 
"tipoVia": null, 
"sexo": false, 
"localidad": null, 
"nombre": "ROXANA", 
"notificarSms": true, 
"notificarEmail": true, 
"nacimiento": null, 
"municipio": null, 
"verificado": "2008-10-22", 
"apellidos": "LABRADOR GARC\u00cdA", 
"numeroCalle": null, 
"telefonoCasa": null
}
}, 
{
"pk": 1564, 
"model": "akademic.padre", 
"fields": {
"escaleraPisoPuerta": null, 
"estadoCivil": 3, 
"telefonoTrabajo": null, 
"codPostal": null, 
"domicilio": "", 
"provincia": null, 
"dni": "11114938", 
"profesion": null, 
"isla": null, 
"email": "", 
"difunto": false, 
"fax": null, 
"telefonoMovil": "652139524", 
"tipoVia": null, 
"sexo": true, 
"localidad": null, 
"nombre": "OSCAR", 
"notificarSms": true, 
"notificarEmail": true, 
"nacimiento": null, 
"municipio": null, 
"verificado": "2008-10-22", 
"apellidos": "LE\u00d3N CARRILLO", 
"numeroCalle": null, 
"telefonoCasa": null
}
}, 
{
"pk": 2624, 
"model": "akademic.padre", 
"fields": {
"escaleraPisoPuerta": null, 
"estadoCivil": 1, 
"telefonoTrabajo": null, 
"codPostal": null, 
"domicilio": "", 
"provincia": null, 
"dni": "11113806", 
"profesion": null, 
"isla": null, 
"email": "", 
"difunto": false, 
"fax": null, 
"telefonoMovil": "629454178", 
"tipoVia": null, 
"sexo": true, 
"localidad": null, 
"nombre": "CARLOS", 
"notificarSms": false, 
"notificarEmail": true, 
"nacimiento": null, 
"municipio": null, 
"verificado": null, 
"apellidos": "LE\u00d3N FREGEL HERN\u00c1NDEZ", 
"numeroCalle": null, 
"telefonoCasa": null
}
}, 
{
"pk": 2053, 
"model": "akademic.padre", 
"fields": {
"escaleraPisoPuerta": null, 
"estadoCivil": 3, 
"telefonoTrabajo": null, 
"codPostal": null, 
"domicilio": "", 
"provincia": null, 
"dni": "11115160", 
"profesion": null, 
"isla": null, 
"email": "", 
"difunto": false, 
"fax": null, 
"telefonoMovil": "669444800", 
"tipoVia": null, 
"sexo": true, 
"localidad": null, 
"nombre": "TOM\u00c1S AUGUSTO", 
"notificarSms": true, 
"notificarEmail": true, 
"nacimiento": null, 
"municipio": null, 
"verificado": "2008-10-22", 
"apellidos": "LE\u00d3N FUENTES", 
"numeroCalle": null, 
"telefonoCasa": null
}
}, 
{
"pk": 2503, 
"model": "akademic.padre", 
"fields": {
"escaleraPisoPuerta": null, 
"estadoCivil": 1, 
"telefonoTrabajo": null, 
"codPostal": null, 
"domicilio": "", 
"provincia": null, 
"dni": "11115163", 
"profesion": null, 
"isla": null, 
"email": "", 
"difunto": false, 
"fax": null, 
"telefonoMovil": "627397798", 
"tipoVia": null, 
"sexo": false, 
"localidad": null, 
"nombre": "PAULA", 
"notificarSms": true, 
"notificarEmail": true, 
"nacimiento": null, 
"municipio": null, 
"verificado": "2008-10-22", 
"apellidos": "LINARES PAV\u00c9S", 
"numeroCalle": null, 
"telefonoCasa": null
}
}, 
{
"pk": 760, 
"model": "akademic.padre", 
"fields": {
"escaleraPisoPuerta": null, 
"estadoCivil": 3, 
"telefonoTrabajo": null, 
"codPostal": null, 
"domicilio": "", 
"provincia": null, 
"dni": "11113970", 
"profesion": null, 
"isla": null, 
"email": "", 
"difunto": false, 
"fax": null, 
"telefonoMovil": "610582585", 
"tipoVia": null, 
"sexo": true, 
"localidad": null, 
"nombre": "ADRI\u00c1N", 
"notificarSms": true, 
"notificarEmail": true, 
"nacimiento": null, 
"municipio": null, 
"verificado": "2008-10-22", 
"apellidos": "LORENZO FLORES", 
"numeroCalle": null, 
"telefonoCasa": null
}
}, 
{
"pk": 1619, 
"model": "akademic.padre", 
"fields": {
"escaleraPisoPuerta": null, 
"estadoCivil": 3, 
"telefonoTrabajo": null, 
"codPostal": null, 
"domicilio": "", 
"provincia": null, 
"dni": "11113342", 
"profesion": null, 
"isla": null, 
"email": "", 
"difunto": false, 
"fax": null, 
"telefonoMovil": "677918642", 
"tipoVia": null, 
"sexo": true, 
"localidad": null, 
"nombre": "MAURO DANIEL", 
"notificarSms": true, 
"notificarEmail": true, 
"nacimiento": null, 
"municipio": null, 
"verificado": "2008-10-22", 
"apellidos": "LUIS MESA", 
"numeroCalle": null, 
"telefonoCasa": null
}
}, 
{
"pk": 2315, 
"model": "akademic.padre", 
"fields": {
"escaleraPisoPuerta": null, 
"estadoCivil": 3, 
"telefonoTrabajo": null, 
"codPostal": null, 
"domicilio": "", 
"provincia": null, 
"dni": "11114894", 
"profesion": null, 
"isla": null, 
"email": "", 
"difunto": false, 
"fax": null, 
"telefonoMovil": "619522398", 
"tipoVia": null, 
"sexo": false, 
"localidad": null, 
"nombre": "ERICA", 
"notificarSms": true, 
"notificarEmail": true, 
"nacimiento": null, 
"municipio": null, 
"verificado": "2008-10-21", 
"apellidos": "L\u00d3PEZ MART\u00cdN", 
"numeroCalle": null, 
"telefonoCasa": null
}
}, 
{
"pk": 842, 
"model": "akademic.padre", 
"fields": {
"escaleraPisoPuerta": null, 
"estadoCivil": 3, 
"telefonoTrabajo": null, 
"codPostal": null, 
"domicilio": "", 
"provincia": null, 
"dni": "11114742", 
"profesion": null, 
"isla": null, 
"email": "", 
"difunto": false, 
"fax": null, 
"telefonoMovil": "660282148", 
"tipoVia": null, 
"sexo": false, 
"localidad": null, 
"nombre": "ROSARIO", 
"notificarSms": true, 
"notificarEmail": true, 
"nacimiento": null, 
"municipio": null, 
"verificado": "2008-10-22", 
"apellidos": "L\u00d3PEZ REYES", 
"numeroCalle": null, 
"telefonoCasa": null
}
}, 
{
"pk": 1552, 
"model": "akademic.padre", 
"fields": {
"escaleraPisoPuerta": null, 
"estadoCivil": 3, 
"telefonoTrabajo": null, 
"codPostal": null, 
"domicilio": "", 
"provincia": null, 
"dni": "11112896", 
"profesion": null, 
"isla": null, 
"email": "", 
"difunto": true, 
"fax": null, 
"telefonoMovil": null, 
"tipoVia": null, 
"sexo": true, 
"localidad": null, 
"nombre": "GABRIEL", 
"notificarSms": false, 
"notificarEmail": true, 
"nacimiento": null, 
"municipio": null, 
"verificado": null, 
"apellidos": "MACHADO FERN\u00c1NDEZ", 
"numeroCalle": null, 
"telefonoCasa": null
}
}, 
{
"pk": 1316, 
"model": "akademic.padre", 
"fields": {
"escaleraPisoPuerta": null, 
"estadoCivil": 3, 
"telefonoTrabajo": null, 
"codPostal": null, 
"domicilio": "", 
"provincia": null, 
"dni": "11113961", 
"profesion": null, 
"isla": null, 
"email": "", 
"difunto": false, 
"fax": null, 
"telefonoMovil": "629820916", 
"tipoVia": null, 
"sexo": true, 
"localidad": null, 
"nombre": "JORGE", 
"notificarSms": false, 
"notificarEmail": true, 
"nacimiento": null, 
"municipio": null, 
"verificado": null, 
"apellidos": "MARCANO PEREZ", 
"numeroCalle": null, 
"telefonoCasa": null
}
}, 
{
"pk": 2406, 
"model": "akademic.padre", 
"fields": {
"escaleraPisoPuerta": null, 
"estadoCivil": 3, 
"telefonoTrabajo": null, 
"codPostal": null, 
"domicilio": "", 
"provincia": null, 
"dni": "11113529", 
"profesion": null, 
"isla": null, 
"email": "", 
"difunto": false, 
"fax": null, 
"telefonoMovil": "628020926", 
"tipoVia": null, 
"sexo": true, 
"localidad": null, 
"nombre": "GUILLERMO DE", 
"notificarSms": false, 
"notificarEmail": true, 
"nacimiento": null, 
"municipio": null, 
"verificado": "2008-10-22", 
"apellidos": "MARRERO CAPARROSO", 
"numeroCalle": null, 
"telefonoCasa": null
}
}, 
{
"pk": 317, 
"model": "akademic.padre", 
"fields": {
"escaleraPisoPuerta": null, 
"estadoCivil": 3, 
"telefonoTrabajo": null, 
"codPostal": null, 
"domicilio": "", 
"provincia": null, 
"dni": "11113924", 
"profesion": null, 
"isla": null, 
"email": "", 
"difunto": false, 
"fax": null, 
"telefonoMovil": "629071366", 
"tipoVia": null, 
"sexo": false, 
"localidad": null, 
"nombre": "ALEXANDRA KARIN", 
"notificarSms": true, 
"notificarEmail": true, 
"nacimiento": null, 
"municipio": null, 
"verificado": "2008-10-22", 
"apellidos": "MARRERO MART\u00cdN", 
"numeroCalle": null, 
"telefonoCasa": null
}
}, 
{
"pk": 1833, 
"model": "akademic.padre", 
"fields": {
"escaleraPisoPuerta": null, 
"estadoCivil": 3, 
"telefonoTrabajo": null, 
"codPostal": null, 
"domicilio": "", 
"provincia": null, 
"dni": "11113490", 
"profesion": null, 
"isla": null, 
"email": "", 
"difunto": false, 
"fax": null, 
"telefonoMovil": "629818613", 
"tipoVia": null, 
"sexo": true, 
"localidad": null, 
"nombre": "ADRI\u00c1N", 
"notificarSms": true, 
"notificarEmail": true, 
"nacimiento": null, 
"municipio": null, 
"verificado": "2008-10-22", 
"apellidos": "MART\u00cdN ALONSO", 
"numeroCalle": null, 
"telefonoCasa": null
}
}, 
{
"pk": 846, 
"model": "akademic.padre", 
"fields": {
"escaleraPisoPuerta": null, 
"estadoCivil": 3, 
"telefonoTrabajo": null, 
"codPostal": null, 
"domicilio": "", 
"provincia": null, 
"dni": "11114316", 
"profesion": null, 
"isla": null, 
"email": "", 
"difunto": false, 
"fax": null, 
"telefonoMovil": "617177317", 
"tipoVia": null, 
"sexo": false, 
"localidad": null, 
"nombre": "LUCIA", 
"notificarSms": true, 
"notificarEmail": true, 
"nacimiento": null, 
"municipio": null, 
"verificado": "2008-10-22", 
"apellidos": "MART\u00cdN FERN\u00c1NDEZ", 
"numeroCalle": null, 
"telefonoCasa": null
}
}, 
{
"pk": 764, 
"model": "akademic.padre", 
"fields": {
"escaleraPisoPuerta": null, 
"estadoCivil": 3, 
"telefonoTrabajo": null, 
"codPostal": null, 
"domicilio": "", 
"provincia": null, 
"dni": "11113087", 
"profesion": null, 
"isla": null, 
"email": "", 
"difunto": false, 
"fax": null, 
"telefonoMovil": "652331031", 
"tipoVia": null, 
"sexo": true, 
"localidad": null, 
"nombre": "EDGAR ANTONIO", 
"notificarSms": false, 
"notificarEmail": true, 
"nacimiento": null, 
"municipio": null, 
"verificado": null, 
"apellidos": "MART\u00cdN GARC\u00cdA", 
"numeroCalle": null, 
"telefonoCasa": null
}
}, 
{
"pk": 2531, 
"model": "akademic.padre", 
"fields": {
"escaleraPisoPuerta": null, 
"estadoCivil": 1, 
"telefonoTrabajo": null, 
"codPostal": null, 
"domicilio": "", 
"provincia": null, 
"dni": "11113302", 
"profesion": null, 
"isla": null, 
"email": "", 
"difunto": false, 
"fax": null, 
"telefonoMovil": "687841768", 
"tipoVia": null, 
"sexo": true, 
"localidad": null, 
"nombre": "JUAN ANTONIO", 
"notificarSms": false, 
"notificarEmail": true, 
"nacimiento": null, 
"municipio": null, 
"verificado": null, 
"apellidos": "MART\u00cdN GARC\u00cdA", 
"numeroCalle": null, 
"telefonoCasa": null
}
}, 
{
"pk": 811, 
"model": "akademic.padre", 
"fields": {
"escaleraPisoPuerta": null, 
"estadoCivil": 4, 
"telefonoTrabajo": null, 
"codPostal": null, 
"domicilio": "", 
"provincia": null, 
"dni": "11114375", 
"profesion": null, 
"isla": null, 
"email": "", 
"difunto": false, 
"fax": null, 
"telefonoMovil": "607765813", 
"tipoVia": null, 
"sexo": true, 
"localidad": null, 
"nombre": "GIOVANI", 
"notificarSms": true, 
"notificarEmail": true, 
"nacimiento": null, 
"municipio": null, 
"verificado": "2008-10-22", 
"apellidos": "MART\u00cdN GUTI\u00c9RREZ", 
"numeroCalle": null, 
"telefonoCasa": null
}
}, 
{
"pk": 1913, 
"model": "akademic.padre", 
"fields": {
"escaleraPisoPuerta": null, 
"estadoCivil": 3, 
"telefonoTrabajo": null, 
"codPostal": null, 
"domicilio": "", 
"provincia": null, 
"dni": "11113243", 
"profesion": null, 
"isla": null, 
"email": "", 
"difunto": false, 
"fax": null, 
"telefonoMovil": "687070186", 
"tipoVia": null, 
"sexo": false, 
"localidad": null, 
"nombre": "MARTA", 
"notificarSms": false, 
"notificarEmail": true, 
"nacimiento": null, 
"municipio": null, 
"verificado": null, 
"apellidos": "MART\u00cdN MART\u00cdN", 
"numeroCalle": null, 
"telefonoCasa": null
}
}, 
{
"pk": 773, 
"model": "akademic.padre", 
"fields": {
"escaleraPisoPuerta": null, 
"estadoCivil": 3, 
"telefonoTrabajo": null, 
"codPostal": null, 
"domicilio": "", 
"provincia": null, 
"dni": "11113495", 
"profesion": null, 
"isla": null, 
"email": "", 
"difunto": false, 
"fax": null, 
"telefonoMovil": "646581961", 
"tipoVia": null, 
"sexo": false, 
"localidad": null, 
"nombre": "CINTIA CANDELARIA", 
"notificarSms": true, 
"notificarEmail": true, 
"nacimiento": null, 
"municipio": null, 
"verificado": "2008-10-22", 
"apellidos": "MART\u00cdNEZ COSTA", 
"numeroCalle": null, 
"telefonoCasa": null
}
}, 
{
"pk": 2504, 
"model": "akademic.padre", 
"fields": {
"escaleraPisoPuerta": null, 
"estadoCivil": 3, 
"telefonoTrabajo": null, 
"codPostal": null, 
"domicilio": "", 
"provincia": null, 
"dni": "11112850", 
"profesion": null, 
"isla": null, 
"email": "", 
"difunto": false, 
"fax": null, 
"telefonoMovil": "609903826", 
"tipoVia": null, 
"sexo": true, 
"localidad": null, 
"nombre": "YACOMAR", 
"notificarSms": true, 
"notificarEmail": true, 
"nacimiento": null, 
"municipio": null, 
"verificado": "2008-10-22", 
"apellidos": "MELCHIORSEN \u00c1LVAREZ", 
"numeroCalle": null, 
"telefonoCasa": null
}
}, 
{
"pk": 1557, 
"model": "akademic.padre", 
"fields": {
"escaleraPisoPuerta": null, 
"estadoCivil": 3, 
"telefonoTrabajo": null, 
"codPostal": null, 
"domicilio": "", 
"provincia": null, 
"dni": "11113319", 
"profesion": null, 
"isla": null, 
"email": "", 
"difunto": false, 
"fax": null, 
"telefonoMovil": "669808344", 
"tipoVia": null, 
"sexo": false, 
"localidad": null, 
"nombre": "EVA", 
"notificarSms": true, 
"notificarEmail": true, 
"nacimiento": null, 
"municipio": null, 
"verificado": "2008-10-22", 
"apellidos": "MELI\u00c1N P\u00c9REZ", 
"numeroCalle": null, 
"telefonoCasa": null
}
}, 
{
"pk": 2627, 
"model": "akademic.padre", 
"fields": {
"escaleraPisoPuerta": null, 
"estadoCivil": 1, 
"telefonoTrabajo": null, 
"codPostal": null, 
"domicilio": "", 
"provincia": null, 
"dni": "11114615", 
"profesion": null, 
"isla": null, 
"email": "", 
"difunto": false, 
"fax": null, 
"telefonoMovil": "609988896", 
"tipoVia": null, 
"sexo": false, 
"localidad": null, 
"nombre": "LAURA", 
"notificarSms": false, 
"notificarEmail": true, 
"nacimiento": null, 
"municipio": null, 
"verificado": null, 
"apellidos": "MONTELONGO SARABIA", 
"numeroCalle": null, 
"telefonoCasa": null
}
}, 
{
"pk": 485, 
"model": "akademic.padre", 
"fields": {
"escaleraPisoPuerta": null, 
"estadoCivil": 3, 
"telefonoTrabajo": null, 
"codPostal": null, 
"domicilio": "", 
"provincia": null, 
"dni": "11112892", 
"profesion": null, 
"isla": null, 
"email": "", 
"difunto": false, 
"fax": null, 
"telefonoMovil": "686686097", 
"tipoVia": null, 
"sexo": false, 
"localidad": null, 
"nombre": "CLAUDIA", 
"notificarSms": true, 
"notificarEmail": true, 
"nacimiento": null, 
"municipio": null, 
"verificado": "2008-10-22", 
"apellidos": "MONTESINOS REYES", 
"numeroCalle": null, 
"telefonoCasa": null
}
}, 
{
"pk": 1558, 
"model": "akademic.padre", 
"fields": {
"escaleraPisoPuerta": null, 
"estadoCivil": 3, 
"telefonoTrabajo": null, 
"codPostal": null, 
"domicilio": "", 
"provincia": null, 
"dni": "11113768", 
"profesion": null, 
"isla": null, 
"email": "", 
"difunto": false, 
"fax": null, 
"telefonoMovil": "635035353", 
"tipoVia": null, 
"sexo": true, 
"localidad": null, 
"nombre": "RA\u00daL", 
"notificarSms": true, 
"notificarEmail": true, 
"nacimiento": null, 
"municipio": null, 
"verificado": "2008-10-22", 
"apellidos": "MORA HERN\u00c1NDEZ", 
"numeroCalle": null, 
"telefonoCasa": null
}
}, 
{
"pk": 2511, 
"model": "akademic.padre", 
"fields": {
"escaleraPisoPuerta": null, 
"estadoCivil": 3, 
"telefonoTrabajo": null, 
"codPostal": null, 
"domicilio": "", 
"provincia": null, 
"dni": "11115006", 
"profesion": null, 
"isla": null, 
"email": "", 
"difunto": false, 
"fax": null, 
"telefonoMovil": "699274613", 
"tipoVia": null, 
"sexo": true, 
"localidad": null, 
"nombre": "CRISTIAN", 
"notificarSms": false, 
"notificarEmail": true, 
"nacimiento": null, 
"municipio": null, 
"verificado": null, 
"apellidos": "M\u00c9NDEZ HERN\u00c1NDEZ", 
"numeroCalle": null, 
"telefonoCasa": null
}
}, 
{
"pk": 2082, 
"model": "akademic.padre", 
"fields": {
"escaleraPisoPuerta": null, 
"estadoCivil": 3, 
"telefonoTrabajo": null, 
"codPostal": null, 
"domicilio": "", 
"provincia": null, 
"dni": "11112658", 
"profesion": null, 
"isla": null, 
"email": "", 
"difunto": false, 
"fax": null, 
"telefonoMovil": "617483287", 
"tipoVia": null, 
"sexo": true, 
"localidad": null, 
"nombre": "MIGUEL", 
"notificarSms": false, 
"notificarEmail": true, 
"nacimiento": null, 
"municipio": null, 
"verificado": null, 
"apellidos": "M\u00c9NDEZ HERN\u00c1NDEZ", 
"numeroCalle": null, 
"telefonoCasa": null
}
}, 
{
"pk": 486, 
"model": "akademic.padre", 
"fields": {
"escaleraPisoPuerta": null, 
"estadoCivil": 3, 
"telefonoTrabajo": null, 
"codPostal": null, 
"domicilio": "", 
"provincia": null, 
"dni": "11114343", 
"profesion": null, 
"isla": null, 
"email": "", 
"difunto": false, 
"fax": null, 
"telefonoMovil": "629673937", 
"tipoVia": null, 
"sexo": true, 
"localidad": null, 
"nombre": "MANUEL", 
"notificarSms": true, 
"notificarEmail": true, 
"nacimiento": null, 
"municipio": null, 
"verificado": "2008-10-22", 
"apellidos": "ORT\u00cdZ RODR\u00cdGUEZ", 
"numeroCalle": null, 
"telefonoCasa": null
}
}, 
{
"pk": 1317, 
"model": "akademic.padre", 
"fields": {
"escaleraPisoPuerta": null, 
"estadoCivil": 3, 
"telefonoTrabajo": null, 
"codPostal": null, 
"domicilio": "", 
"provincia": null, 
"dni": "11112951", 
"profesion": null, 
"isla": null, 
"email": "", 
"difunto": false, 
"fax": null, 
"telefonoMovil": "606070761", 
"tipoVia": null, 
"sexo": false, 
"localidad": null, 
"nombre": "NATACHA VALENTINA", 
"notificarSms": true, 
"notificarEmail": true, 
"nacimiento": null, 
"municipio": null, 
"verificado": "2008-10-22", 
"apellidos": "PACHECO HERN\u00c1NDEZ", 
"numeroCalle": null, 
"telefonoCasa": null
}
}, 
{
"pk": 841, 
"model": "akademic.padre", 
"fields": {
"escaleraPisoPuerta": null, 
"estadoCivil": 3, 
"telefonoTrabajo": null, 
"codPostal": null, 
"domicilio": "", 
"provincia": null, 
"dni": "11115044", 
"profesion": null, 
"isla": null, 
"email": "", 
"difunto": false, 
"fax": null, 
"telefonoMovil": "606105858", 
"tipoVia": null, 
"sexo": true, 
"localidad": null, 
"nombre": "HECTOR-ANTONIO", 
"notificarSms": true, 
"notificarEmail": true, 
"nacimiento": null, 
"municipio": null, 
"verificado": "2008-10-22", 
"apellidos": "PACHECO PULIDO", 
"numeroCalle": null, 
"telefonoCasa": null
}
}, 
{
"pk": 787, 
"model": "akademic.padre", 
"fields": {
"escaleraPisoPuerta": null, 
"estadoCivil": 4, 
"telefonoTrabajo": null, 
"codPostal": null, 
"domicilio": "", 
"provincia": null, 
"dni": "11114049", 
"profesion": null, 
"isla": null, 
"email": "", 
"difunto": false, 
"fax": null, 
"telefonoMovil": "615638148", 
"tipoVia": null, 
"sexo": false, 
"localidad": null, 
"nombre": "IRIA", 
"notificarSms": true, 
"notificarEmail": true, 
"nacimiento": null, 
"municipio": null, 
"verificado": "2008-10-22", 
"apellidos": "PADR\u00d3N RODRIGUEZ", 
"numeroCalle": null, 
"telefonoCasa": null
}
}, 
{
"pk": 776, 
"model": "akademic.padre", 
"fields": {
"escaleraPisoPuerta": null, 
"estadoCivil": 3, 
"telefonoTrabajo": null, 
"codPostal": null, 
"domicilio": "", 
"provincia": null, 
"dni": "11114725", 
"profesion": null, 
"isla": null, 
"email": "", 
"difunto": false, 
"fax": null, 
"telefonoMovil": "605894809", 
"tipoVia": null, 
"sexo": false, 
"localidad": null, 
"nombre": "YRAYA", 
"notificarSms": false, 
"notificarEmail": true, 
"nacimiento": null, 
"municipio": null, 
"verificado": null, 
"apellidos": "PAEZ BARROSO", 
"numeroCalle": null, 
"telefonoCasa": null
}
}, 
{
"pk": 1280, 
"model": "akademic.padre", 
"fields": {
"escaleraPisoPuerta": null, 
"estadoCivil": 6, 
"telefonoTrabajo": null, 
"codPostal": null, 
"domicilio": "", 
"provincia": null, 
"dni": "11113273", 
"profesion": null, 
"isla": null, 
"email": "", 
"difunto": false, 
"fax": null, 
"telefonoMovil": "666504847", 
"tipoVia": null, 
"sexo": false, 
"localidad": null, 
"nombre": "ELENA", 
"notificarSms": true, 
"notificarEmail": true, 
"nacimiento": null, 
"municipio": null, 
"verificado": "2008-10-22", 
"apellidos": "PALENZUELA CURBELO", 
"numeroCalle": null, 
"telefonoCasa": null
}
}, 
{
"pk": 479, 
"model": "akademic.padre", 
"fields": {
"escaleraPisoPuerta": null, 
"estadoCivil": 3, 
"telefonoTrabajo": null, 
"codPostal": null, 
"domicilio": "", 
"provincia": null, 
"dni": "11112760", 
"profesion": null, 
"isla": null, 
"email": "", 
"difunto": false, 
"fax": null, 
"telefonoMovil": "646174083", 
"tipoVia": null, 
"sexo": false, 
"localidad": null, 
"nombre": "ANNA", 
"notificarSms": true, 
"notificarEmail": true, 
"nacimiento": null, 
"municipio": null, 
"verificado": "2008-10-21", 
"apellidos": "PERDIGON RIVERO", 
"numeroCalle": null, 
"telefonoCasa": null
}
}, 
{
"pk": 499, 
"model": "akademic.padre", 
"fields": {
"escaleraPisoPuerta": null, 
"estadoCivil": 3, 
"telefonoTrabajo": null, 
"codPostal": null, 
"domicilio": "", 
"provincia": null, 
"dni": "11113989", 
"profesion": null, 
"isla": null, 
"email": "", 
"difunto": false, 
"fax": null, 
"telefonoMovil": "609653337", 
"tipoVia": null, 
"sexo": true, 
"localidad": null, 
"nombre": "RUBEN", 
"notificarSms": false, 
"notificarEmail": true, 
"nacimiento": null, 
"municipio": null, 
"verificado": null, 
"apellidos": "PEREZ HERNANDEZ", 
"numeroCalle": null, 
"telefonoCasa": null
}
}, 
{
"pk": 439, 
"model": "akademic.padre", 
"fields": {
"escaleraPisoPuerta": null, 
"estadoCivil": 3, 
"telefonoTrabajo": null, 
"codPostal": null, 
"domicilio": "", 
"provincia": null, 
"dni": "11114696", 
"profesion": null, 
"isla": null, 
"email": "", 
"difunto": false, 
"fax": null, 
"telefonoMovil": "695632148", 
"tipoVia": null, 
"sexo": true, 
"localidad": null, 
"nombre": "GUILLERMO", 
"notificarSms": true, 
"notificarEmail": true, 
"nacimiento": null, 
"municipio": null, 
"verificado": "2008-10-22", 
"apellidos": "PORTOCARRERO SIVERIO", 
"numeroCalle": null, 
"telefonoCasa": null
}
}, 
{
"pk": 1554, 
"model": "akademic.padre", 
"fields": {
"escaleraPisoPuerta": null, 
"estadoCivil": 3, 
"telefonoTrabajo": null, 
"codPostal": null, 
"domicilio": "", 
"provincia": null, 
"dni": "11113135", 
"profesion": null, 
"isla": null, 
"email": "", 
"difunto": false, 
"fax": null, 
"telefonoMovil": "619716588", 
"tipoVia": null, 
"sexo": true, 
"localidad": null, 
"nombre": "ANGEL", 
"notificarSms": true, 
"notificarEmail": true, 
"nacimiento": null, 
"municipio": null, 
"verificado": "2008-10-22", 
"apellidos": "P\u00c1EZ CABRERA", 
"numeroCalle": null, 
"telefonoCasa": null
}
}, 
{
"pk": 473, 
"model": "akademic.padre", 
"fields": {
"escaleraPisoPuerta": null, 
"estadoCivil": 3, 
"telefonoTrabajo": null, 
"codPostal": null, 
"domicilio": "", 
"provincia": null, 
"dni": "11114184", 
"profesion": null, 
"isla": null, 
"email": "", 
"difunto": false, 
"fax": null, 
"telefonoMovil": "616020351", 
"tipoVia": null, 
"sexo": false, 
"localidad": null, 
"nombre": "CARMEN LIDIA", 
"notificarSms": true, 
"notificarEmail": true, 
"nacimiento": null, 
"municipio": null, 
"verificado": "2008-10-21", 
"apellidos": "P\u00c9REZ ESCOBAR", 
"numeroCalle": null, 
"telefonoCasa": null
}
}, 
{
"pk": 1944, 
"model": "akademic.padre", 
"fields": {
"escaleraPisoPuerta": null, 
"estadoCivil": 3, 
"telefonoTrabajo": null, 
"codPostal": null, 
"domicilio": "", 
"provincia": null, 
"dni": "11113412", 
"profesion": null, 
"isla": null, 
"email": "", 
"difunto": false, 
"fax": null, 
"telefonoMovil": "677755032", 
"tipoVia": null, 
"sexo": false, 
"localidad": null, 
"nombre": "CAROLINA", 
"notificarSms": true, 
"notificarEmail": true, 
"nacimiento": null, 
"municipio": null, 
"verificado": "2008-10-22", 
"apellidos": "P\u00c9REZ EST\u00c9VEZ", 
"numeroCalle": null, 
"telefonoCasa": null
}
}, 
{
"pk": 1620, 
"model": "akademic.padre", 
"fields": {
"escaleraPisoPuerta": null, 
"estadoCivil": 3, 
"telefonoTrabajo": null, 
"codPostal": null, 
"domicilio": "", 
"provincia": null, 
"dni": "11113507", 
"profesion": null, 
"isla": null, 
"email": "", 
"difunto": false, 
"fax": null, 
"telefonoMovil": "607536871", 
"tipoVia": null, 
"sexo": false, 
"localidad": null, 
"nombre": "ALBA", 
"notificarSms": true, 
"notificarEmail": true, 
"nacimiento": null, 
"municipio": null, 
"verificado": "2008-10-22", 
"apellidos": "P\u00c9REZ FARRA\u00cdS", 
"numeroCalle": null, 
"telefonoCasa": null
}
}, 
{
"pk": 447, 
"model": "akademic.padre", 
"fields": {
"escaleraPisoPuerta": null, 
"estadoCivil": 3, 
"telefonoTrabajo": null, 
"codPostal": null, 
"domicilio": "", 
"provincia": null, 
"dni": "11112977", 
"profesion": null, 
"isla": null, 
"email": "", 
"difunto": false, 
"fax": null, 
"telefonoMovil": "660091617", 
"tipoVia": null, 
"sexo": false, 
"localidad": null, 
"nombre": "ELENA", 
"notificarSms": false, 
"notificarEmail": true, 
"nacimiento": null, 
"municipio": null, 
"verificado": null, 
"apellidos": "P\u00c9REZ GARC\u00cdA", 
"numeroCalle": null, 
"telefonoCasa": null
}
}, 
{
"pk": 1565, 
"model": "akademic.padre", 
"fields": {
"escaleraPisoPuerta": null, 
"estadoCivil": 3, 
"telefonoTrabajo": null, 
"codPostal": null, 
"domicilio": "", 
"provincia": null, 
"dni": "11113471", 
"profesion": null, 
"isla": null, 
"email": "", 
"difunto": false, 
"fax": null, 
"telefonoMovil": "652139524", 
"tipoVia": null, 
"sexo": false, 
"localidad": null, 
"nombre": "AINHOA", 
"notificarSms": true, 
"notificarEmail": true, 
"nacimiento": null, 
"municipio": null, 
"verificado": "2008-10-22", 
"apellidos": "P\u00c9REZ HERN\u00c1NDEZ", 
"numeroCalle": null, 
"telefonoCasa": null
}
}, 
{
"pk": 792, 
"model": "akademic.padre", 
"fields": {
"escaleraPisoPuerta": null, 
"estadoCivil": 3, 
"telefonoTrabajo": null, 
"codPostal": null, 
"domicilio": "", 
"provincia": null, 
"dni": "11113908", 
"profesion": null, 
"isla": null, 
"email": "", 
"difunto": false, 
"fax": null, 
"telefonoMovil": "669874424", 
"tipoVia": null, 
"sexo": true, 
"localidad": null, 
"nombre": "DANIEL", 
"notificarSms": true, 
"notificarEmail": true, 
"nacimiento": null, 
"municipio": null, 
"verificado": "2008-10-22", 
"apellidos": "P\u00c9REZ MONTESDEOCA", 
"numeroCalle": null, 
"telefonoCasa": null
}
}, 
{
"pk": 2617, 
"model": "akademic.padre", 
"fields": {
"escaleraPisoPuerta": null, 
"estadoCivil": 1, 
"telefonoTrabajo": null, 
"codPostal": null, 
"domicilio": "", 
"provincia": null, 
"dni": "11114833", 
"profesion": null, 
"isla": null, 
"email": "", 
"difunto": false, 
"fax": null, 
"telefonoMovil": "637171414", 
"tipoVia": null, 
"sexo": true, 
"localidad": null, 
"nombre": "AQUILES", 
"notificarSms": false, 
"notificarEmail": true, 
"nacimiento": null, 
"municipio": null, 
"verificado": null, 
"apellidos": "P\u00c9REZ P\u00c9REZ", 
"numeroCalle": null, 
"telefonoCasa": null
}
}, 
{
"pk": 2488, 
"model": "akademic.padre", 
"fields": {
"escaleraPisoPuerta": null, 
"estadoCivil": 3, 
"telefonoTrabajo": null, 
"codPostal": null, 
"domicilio": "", 
"provincia": null, 
"dni": "11113072", 
"profesion": null, 
"isla": null, 
"email": "", 
"difunto": false, 
"fax": null, 
"telefonoMovil": "629581467", 
"tipoVia": null, 
"sexo": false, 
"localidad": null, 
"nombre": "IRINA", 
"notificarSms": false, 
"notificarEmail": true, 
"nacimiento": null, 
"municipio": null, 
"verificado": "2008-10-22", 
"apellidos": "P\u00c9REZ RAMALLO", 
"numeroCalle": null, 
"telefonoCasa": null
}
}, 
{
"pk": 774, 
"model": "akademic.padre", 
"fields": {
"escaleraPisoPuerta": null, 
"estadoCivil": 3, 
"telefonoTrabajo": null, 
"codPostal": null, 
"domicilio": "", 
"provincia": null, 
"dni": "11114304", 
"profesion": null, 
"isla": null, 
"email": "", 
"difunto": false, 
"fax": null, 
"telefonoMovil": "629626352", 
"tipoVia": null, 
"sexo": false, 
"localidad": null, 
"nombre": "KARMELE VICTORIA", 
"notificarSms": true, 
"notificarEmail": true, 
"nacimiento": null, 
"municipio": null, 
"verificado": "2008-10-22", 
"apellidos": "P\u00c9REZ RAMOS", 
"numeroCalle": null, 
"telefonoCasa": null
}
}, 
{
"pk": 488, 
"model": "akademic.padre", 
"fields": {
"escaleraPisoPuerta": null, 
"estadoCivil": 3, 
"telefonoTrabajo": null, 
"codPostal": null, 
"domicilio": "", 
"provincia": null, 
"dni": "11114395", 
"profesion": null, 
"isla": null, 
"email": "", 
"difunto": false, 
"fax": null, 
"telefonoMovil": "617454029", 
"tipoVia": null, 
"sexo": true, 
"localidad": null, 
"nombre": "ANDR\u00c9S", 
"notificarSms": false, 
"notificarEmail": true, 
"nacimiento": null, 
"municipio": null, 
"verificado": null, 
"apellidos": "P\u00c9REZ \u00c1LVAREZ", 
"numeroCalle": null, 
"telefonoCasa": null
}
}, 
{
"pk": 2502, 
"model": "akademic.padre", 
"fields": {
"escaleraPisoPuerta": null, 
"estadoCivil": 1, 
"telefonoTrabajo": null, 
"codPostal": null, 
"domicilio": "", 
"provincia": null, 
"dni": "11113154", 
"profesion": null, 
"isla": null, 
"email": "", 
"difunto": false, 
"fax": null, 
"telefonoMovil": "667215586", 
"tipoVia": null, 
"sexo": true, 
"localidad": null, 
"nombre": "DANIEL", 
"notificarSms": false, 
"notificarEmail": true, 
"nacimiento": null, 
"municipio": null, 
"verificado": null, 
"apellidos": "RAMOS GONZ\u00c1LEZ", 
"numeroCalle": null, 
"telefonoCasa": null
}
}, 
{
"pk": 472, 
"model": "akademic.padre", 
"fields": {
"escaleraPisoPuerta": null, 
"estadoCivil": 3, 
"telefonoTrabajo": null, 
"codPostal": null, 
"domicilio": "", 
"provincia": null, 
"dni": "11112945", 
"profesion": null, 
"isla": null, 
"email": "", 
"difunto": false, 
"fax": null, 
"telefonoMovil": "616020351", 
"tipoVia": null, 
"sexo": true, 
"localidad": null, 
"nombre": "CRISTIAN", 
"notificarSms": false, 
"notificarEmail": true, 
"nacimiento": null, 
"municipio": null, 
"verificado": null, 
"apellidos": "REGALADO PERAZA", 
"numeroCalle": null, 
"telefonoCasa": null
}
}, 
{
"pk": 2336, 
"model": "akademic.padre", 
"fields": {
"escaleraPisoPuerta": null, 
"estadoCivil": 3, 
"telefonoTrabajo": null, 
"codPostal": null, 
"domicilio": "", 
"provincia": null, 
"dni": "11115177", 
"profesion": null, 
"isla": null, 
"email": "", 
"difunto": false, 
"fax": null, 
"telefonoMovil": "626704646", 
"tipoVia": null, 
"sexo": false, 
"localidad": null, 
"nombre": "VICTORIA", 
"notificarSms": true, 
"notificarEmail": true, 
"nacimiento": null, 
"municipio": null, 
"verificado": "2008-10-22", 
"apellidos": "REGALADO PERAZA", 
"numeroCalle": null, 
"telefonoCasa": null
}
}, 
{
"pk": 1912, 
"model": "akademic.padre", 
"fields": {
"escaleraPisoPuerta": null, 
"estadoCivil": 3, 
"telefonoTrabajo": null, 
"codPostal": null, 
"domicilio": "", 
"provincia": null, 
"dni": "11114473", 
"profesion": null, 
"isla": null, 
"email": "", 
"difunto": false, 
"fax": null, 
"telefonoMovil": "605345599", 
"tipoVia": null, 
"sexo": true, 
"localidad": null, 
"nombre": "MARIO", 
"notificarSms": true, 
"notificarEmail": true, 
"nacimiento": null, 
"municipio": null, 
"verificado": "2008-10-22", 
"apellidos": "RIVERO CAMBELT", 
"numeroCalle": null, 
"telefonoCasa": null
}
}, 
{
"pk": 2083, 
"model": "akademic.padre", 
"fields": {
"escaleraPisoPuerta": null, 
"estadoCivil": 3, 
"telefonoTrabajo": null, 
"codPostal": null, 
"domicilio": "", 
"provincia": null, 
"dni": "11113201", 
"profesion": null, 
"isla": null, 
"email": "", 
"difunto": false, 
"fax": null, 
"telefonoMovil": "687395423", 
"tipoVia": null, 
"sexo": false, 
"localidad": null, 
"nombre": "CARLA MAR\u00cdA", 
"notificarSms": false, 
"notificarEmail": true, 
"nacimiento": null, 
"municipio": null, 
"verificado": null, 
"apellidos": "RODRIGUEZ GONZALEZ", 
"numeroCalle": null, 
"telefonoCasa": null
}
}, 
{
"pk": 1637, 
"model": "akademic.padre", 
"fields": {
"escaleraPisoPuerta": null, 
"estadoCivil": 3, 
"telefonoTrabajo": null, 
"codPostal": null, 
"domicilio": "", 
"provincia": null, 
"dni": "11113719", 
"profesion": null, 
"isla": null, 
"email": "", 
"difunto": false, 
"fax": null, 
"telefonoMovil": "659943816", 
"tipoVia": null, 
"sexo": true, 
"localidad": null, 
"nombre": "CIRO", 
"notificarSms": true, 
"notificarEmail": true, 
"nacimiento": null, 
"municipio": null, 
"verificado": "2008-10-22", 
"apellidos": "RODRIGUEZ PALENZUELA", 
"numeroCalle": null, 
"telefonoCasa": null
}
}, 
{
"pk": 1559, 
"model": "akademic.padre", 
"fields": {
"escaleraPisoPuerta": null, 
"estadoCivil": 3, 
"telefonoTrabajo": null, 
"codPostal": null, 
"domicilio": "", 
"provincia": null, 
"dni": "11114638", 
"profesion": null, 
"isla": null, 
"email": "", 
"difunto": false, 
"fax": null, 
"telefonoMovil": "635035536", 
"tipoVia": null, 
"sexo": false, 
"localidad": null, 
"nombre": "PAOLA CONCEPCI\u00d3N", 
"notificarSms": true, 
"notificarEmail": true, 
"nacimiento": null, 
"municipio": null, 
"verificado": "2008-10-22", 
"apellidos": "RODR\u00cdGUEZ GONZ\u00c1LEZ", 
"numeroCalle": null, 
"telefonoCasa": null
}
}, 
{
"pk": 765, 
"model": "akademic.padre", 
"fields": {
"escaleraPisoPuerta": null, 
"estadoCivil": 3, 
"telefonoTrabajo": null, 
"codPostal": null, 
"domicilio": "", 
"provincia": null, 
"dni": "11114701", 
"profesion": null, 
"isla": null, 
"email": "", 
"difunto": false, 
"fax": null, 
"telefonoMovil": "652331031", 
"tipoVia": null, 
"sexo": false, 
"localidad": null, 
"nombre": "LETICIA", 
"notificarSms": false, 
"notificarEmail": true, 
"nacimiento": null, 
"municipio": null, 
"verificado": null, 
"apellidos": "ROM\u00c1N GONZ\u00c1LEZ", 
"numeroCalle": null, 
"telefonoCasa": null
}
}, 
{
"pk": 20, 
"model": "akademic.padre", 
"fields": {
"escaleraPisoPuerta": null, 
"estadoCivil": 6, 
"telefonoTrabajo": null, 
"codPostal": null, 
"domicilio": "", 
"provincia": null, 
"dni": "11113872", 
"profesion": null, 
"isla": null, 
"email": "", 
"difunto": false, 
"fax": null, 
"telefonoMovil": "609520707", 
"tipoVia": null, 
"sexo": false, 
"localidad": null, 
"nombre": "JENNIFER", 
"notificarSms": true, 
"notificarEmail": true, 
"nacimiento": null, 
"municipio": null, 
"verificado": "2008-10-22", 
"apellidos": "RUIZ ARTEAGA GONZ\u00c1LEZ", 
"numeroCalle": null, 
"telefonoCasa": null
}
}, 
{
"pk": 2482, 
"model": "akademic.padre", 
"fields": {
"escaleraPisoPuerta": null, 
"estadoCivil": 3, 
"telefonoTrabajo": null, 
"codPostal": null, 
"domicilio": "", 
"provincia": null, 
"dni": "11114735", 
"profesion": null, 
"isla": null, 
"email": "", 
"difunto": false, 
"fax": null, 
"telefonoMovil": "656281059", 
"tipoVia": null, 
"sexo": false, 
"localidad": null, 
"nombre": "MAR\u00cdA VICTORIA", 
"notificarSms": false, 
"notificarEmail": true, 
"nacimiento": null, 
"municipio": null, 
"verificado": "2008-10-22", 
"apellidos": "SANABRIA APONTE", 
"numeroCalle": null, 
"telefonoCasa": null
}
}, 
{
"pk": 775, 
"model": "akademic.padre", 
"fields": {
"escaleraPisoPuerta": null, 
"estadoCivil": 3, 
"telefonoTrabajo": null, 
"codPostal": null, 
"domicilio": "", 
"provincia": null, 
"dni": "11113433", 
"profesion": null, 
"isla": null, 
"email": "", 
"difunto": false, 
"fax": null, 
"telefonoMovil": "605894809", 
"tipoVia": null, 
"sexo": true, 
"localidad": null, 
"nombre": "ALBERTO", 
"notificarSms": true, 
"notificarEmail": true, 
"nacimiento": null, 
"municipio": null, 
"verificado": "2008-10-22", 
"apellidos": "SCHMIDTAL DREWS", 
"numeroCalle": null, 
"telefonoCasa": null
}
}, 
{
"pk": 845, 
"model": "akademic.padre", 
"fields": {
"escaleraPisoPuerta": null, 
"estadoCivil": 3, 
"telefonoTrabajo": null, 
"codPostal": null, 
"domicilio": "", 
"provincia": null, 
"dni": "11115133", 
"profesion": null, 
"isla": null, 
"email": "", 
"difunto": false, 
"fax": null, 
"telefonoMovil": "659318435", 
"tipoVia": null, 
"sexo": true, 
"localidad": null, 
"nombre": "MARIO", 
"notificarSms": true, 
"notificarEmail": true, 
"nacimiento": null, 
"municipio": null, 
"verificado": "2008-10-22", 
"apellidos": "SU\u00c1REZ AGUDO", 
"numeroCalle": null, 
"telefonoCasa": null
}
}, 
{
"pk": 2409, 
"model": "akademic.padre", 
"fields": {
"escaleraPisoPuerta": null, 
"estadoCivil": 3, 
"telefonoTrabajo": null, 
"codPostal": null, 
"domicilio": "", 
"provincia": null, 
"dni": "11115170", 
"profesion": null, 
"isla": null, 
"email": "", 
"difunto": false, 
"fax": null, 
"telefonoMovil": "639694133", 
"tipoVia": null, 
"sexo": false, 
"localidad": null, 
"nombre": "ISHITA TINA", 
"notificarSms": false, 
"notificarEmail": true, 
"nacimiento": null, 
"municipio": null, 
"verificado": null, 
"apellidos": "TABANELLI", 
"numeroCalle": null, 
"telefonoCasa": null
}
}, 
{
"pk": 2405, 
"model": "akademic.padre", 
"fields": {
"escaleraPisoPuerta": null, 
"estadoCivil": 3, 
"telefonoTrabajo": null, 
"codPostal": null, 
"domicilio": "", 
"provincia": null, 
"dni": "11113075", 
"profesion": null, 
"isla": null, 
"email": "", 
"difunto": false, 
"fax": null, 
"telefonoMovil": "630088112", 
"tipoVia": null, 
"sexo": false, 
"localidad": null, 
"nombre": "ANA", 
"notificarSms": false, 
"notificarEmail": true, 
"nacimiento": null, 
"municipio": null, 
"verificado": null, 
"apellidos": "TELA DE ARA", 
"numeroCalle": null, 
"telefonoCasa": null
}
}, 
{
"pk": 2408, 
"model": "akademic.padre", 
"fields": {
"escaleraPisoPuerta": null, 
"estadoCivil": 3, 
"telefonoTrabajo": null, 
"codPostal": null, 
"domicilio": "", 
"provincia": null, 
"dni": "11113519", 
"profesion": null, 
"isla": null, 
"email": "", 
"difunto": false, 
"fax": null, 
"telefonoMovil": "696220087", 
"tipoVia": null, 
"sexo": true, 
"localidad": null, 
"nombre": "DIEGO", 
"notificarSms": false, 
"notificarEmail": true, 
"nacimiento": null, 
"municipio": null, 
"verificado": "2008-10-22", 
"apellidos": "TORRES MART\u00cdN", 
"numeroCalle": null, 
"telefonoCasa": null
}
}, 
{
"pk": 1735, 
"model": "akademic.padre", 
"fields": {
"escaleraPisoPuerta": null, 
"estadoCivil": 3, 
"telefonoTrabajo": null, 
"codPostal": null, 
"domicilio": "", 
"provincia": null, 
"dni": "11113600", 
"profesion": null, 
"isla": null, 
"email": "", 
"difunto": false, 
"fax": null, 
"telefonoMovil": "677763454", 
"tipoVia": null, 
"sexo": true, 
"localidad": null, 
"nombre": "GUILLERMO", 
"notificarSms": true, 
"notificarEmail": true, 
"nacimiento": null, 
"municipio": null, 
"verificado": "2008-10-22", 
"apellidos": "TRUJILLO G\u00d3MEZ", 
"numeroCalle": null, 
"telefonoCasa": null
}
}, 
{
"pk": 18, 
"model": "akademic.padre", 
"fields": {
"escaleraPisoPuerta": null, 
"estadoCivil": 3, 
"telefonoTrabajo": null, 
"codPostal": null, 
"domicilio": "", 
"provincia": null, 
"dni": "11112786", 
"profesion": null, 
"isla": null, 
"email": "", 
"difunto": false, 
"fax": null, 
"telefonoMovil": "629071482", 
"tipoVia": null, 
"sexo": false, 
"localidad": null, 
"nombre": "ALEJANDRA", 
"notificarSms": false, 
"notificarEmail": true, 
"nacimiento": null, 
"municipio": null, 
"verificado": null, 
"apellidos": "TRUJILLO REYES", 
"numeroCalle": null, 
"telefonoCasa": null
}
}, 
{
"pk": 2233, 
"model": "akademic.padre", 
"fields": {
"escaleraPisoPuerta": null, 
"estadoCivil": 3, 
"telefonoTrabajo": null, 
"codPostal": null, 
"domicilio": "", 
"provincia": null, 
"dni": "11113665", 
"profesion": null, 
"isla": null, 
"email": "", 
"difunto": false, 
"fax": null, 
"telefonoMovil": "680993944", 
"tipoVia": null, 
"sexo": true, 
"localidad": null, 
"nombre": "JONATAN JES\u00daS", 
"notificarSms": false, 
"notificarEmail": true, 
"nacimiento": null, 
"municipio": null, 
"verificado": "2008-10-22", 
"apellidos": "VELASCO BORGES", 
"numeroCalle": null, 
"telefonoCasa": null
}
}, 
{
"pk": 759, 
"model": "akademic.padre", 
"fields": {
"escaleraPisoPuerta": null, 
"estadoCivil": 3, 
"telefonoTrabajo": null, 
"codPostal": null, 
"domicilio": "", 
"provincia": null, 
"dni": "11113092", 
"profesion": null, 
"isla": null, 
"email": "", 
"difunto": false, 
"fax": null, 
"telefonoMovil": "665149042", 
"tipoVia": null, 
"sexo": false, 
"localidad": null, 
"nombre": "VALENTINA", 
"notificarSms": false, 
"notificarEmail": true, 
"nacimiento": null, 
"municipio": null, 
"verificado": null, 
"apellidos": "VELASCO BORGES", 
"numeroCalle": null, 
"telefonoCasa": null
}
}, 
{
"pk": 2089, 
"model": "akademic.padre", 
"fields": {
"escaleraPisoPuerta": null, 
"estadoCivil": 3, 
"telefonoTrabajo": null, 
"codPostal": null, 
"domicilio": "", 
"provincia": null, 
"dni": "11112919", 
"profesion": null, 
"isla": null, 
"email": "", 
"difunto": true, 
"fax": null, 
"telefonoMovil": "675064643", 
"tipoVia": null, 
"sexo": false, 
"localidad": null, 
"nombre": "CRISTINA", 
"notificarSms": false, 
"notificarEmail": true, 
"nacimiento": null, 
"municipio": null, 
"verificado": null, 
"apellidos": "VEL\u00c1ZQUEZ L\u00d3PEZ", 
"numeroCalle": null, 
"telefonoCasa": null
}
}, 
{
"pk": 478, 
"model": "akademic.padre", 
"fields": {
"escaleraPisoPuerta": null, 
"estadoCivil": 3, 
"telefonoTrabajo": null, 
"codPostal": null, 
"domicilio": "", 
"provincia": null, 
"dni": "11113675", 
"profesion": null, 
"isla": null, 
"email": "", 
"difunto": false, 
"fax": null, 
"telefonoMovil": "609009266", 
"tipoVia": null, 
"sexo": true, 
"localidad": null, 
"nombre": "JOS\u00c9 ENRIQUE", 
"notificarSms": true, 
"notificarEmail": true, 
"nacimiento": null, 
"municipio": null, 
"verificado": "2008-10-21", 
"apellidos": "VILLAREJO MOLINA", 
"numeroCalle": null, 
"telefonoCasa": null
}
}, 
{
"pk": 477, 
"model": "akademic.padre", 
"fields": {
"escaleraPisoPuerta": null, 
"estadoCivil": 3, 
"telefonoTrabajo": null, 
"codPostal": null, 
"domicilio": "", 
"provincia": null, 
"dni": "11113621", 
"profesion": null, 
"isla": null, 
"email": "", 
"difunto": false, 
"fax": null, 
"telefonoMovil": "649416193", 
"tipoVia": null, 
"sexo": false, 
"localidad": null, 
"nombre": "ALBA", 
"notificarSms": true, 
"notificarEmail": true, 
"nacimiento": null, 
"municipio": null, 
"verificado": "2008-10-21", 
"apellidos": "VI\u00d1OLY SU\u00c1REZ", 
"numeroCalle": null, 
"telefonoCasa": null
}
}, 
{
"pk": 1556, 
"model": "akademic.padre", 
"fields": {
"escaleraPisoPuerta": null, 
"estadoCivil": 3, 
"telefonoTrabajo": null, 
"codPostal": null, 
"domicilio": "", 
"provincia": null, 
"dni": "11114150", 
"profesion": null, 
"isla": null, 
"email": "", 
"difunto": false, 
"fax": null, 
"telefonoMovil": "639402243", 
"tipoVia": null, 
"sexo": true, 
"localidad": null, 
"nombre": "GUILLERMO DE", 
"notificarSms": true, 
"notificarEmail": true, 
"nacimiento": null, 
"municipio": null, 
"verificado": "2008-10-22", 
"apellidos": "YANES DE LE\u00d3N", 
"numeroCalle": null, 
"telefonoCasa": null
}
}, 
{
"pk": 2349, 
"model": "akademic.padre", 
"fields": {
"escaleraPisoPuerta": null, 
"estadoCivil": 3, 
"telefonoTrabajo": null, 
"codPostal": null, 
"domicilio": "", 
"provincia": null, 
"dni": "11115280", 
"profesion": null, 
"isla": null, 
"email": "", 
"difunto": false, 
"fax": null, 
"telefonoMovil": "609292546", 
"tipoVia": null, 
"sexo": true, 
"localidad": null, 
"nombre": "MIGUEL ANGEL", 
"notificarSms": true, 
"notificarEmail": true, 
"nacimiento": null, 
"municipio": null, 
"verificado": "2008-10-22", 
"apellidos": "Z\u00c1RATE Y GONZ\u00c1LEZ DE ECHAVARRI", 
"numeroCalle": null, 
"telefonoCasa": null
}
}, 
{
"pk": 2410, 
"model": "akademic.padre", 
"fields": {
"escaleraPisoPuerta": null, 
"estadoCivil": 3, 
"telefonoTrabajo": null, 
"codPostal": null, 
"domicilio": "", 
"provincia": null, 
"dni": "11113726", 
"profesion": null, 
"isla": null, 
"email": "", 
"difunto": false, 
"fax": null, 
"telefonoMovil": "658801876", 
"tipoVia": null, 
"sexo": true, 
"localidad": null, 
"nombre": "ALESSANDRO", 
"notificarSms": false, 
"notificarEmail": true, 
"nacimiento": null, 
"municipio": null, 
"verificado": null, 
"apellidos": "\u00c1LAMO HERN\u00c1NDEZ", 
"numeroCalle": null, 
"telefonoCasa": null
}
}, 
{
"pk": 491, 
"model": "akademic.padre", 
"fields": {
"escaleraPisoPuerta": null, 
"estadoCivil": 3, 
"telefonoTrabajo": null, 
"codPostal": null, 
"domicilio": "", 
"provincia": null, 
"dni": "11114708", 
"profesion": null, 
"isla": null, 
"email": "", 
"difunto": false, 
"fax": null, 
"telefonoMovil": "626732953", 
"tipoVia": null, 
"sexo": false, 
"localidad": null, 
"nombre": "MARTA", 
"notificarSms": true, 
"notificarEmail": true, 
"nacimiento": null, 
"municipio": null, 
"verificado": "2008-10-21", 
"apellidos": "\u00c1LAMO HERN\u00c1NDEZ", 
"numeroCalle": null, 
"telefonoCasa": null
}
}, 
{
"pk": 316, 
"model": "akademic.padre", 
"fields": {
"escaleraPisoPuerta": null, 
"estadoCivil": 3, 
"telefonoTrabajo": null, 
"codPostal": null, 
"domicilio": "", 
"provincia": null, 
"dni": "11113581", 
"profesion": null, 
"isla": null, 
"email": "", 
"difunto": false, 
"fax": null, 
"telefonoMovil": "696400773", 
"tipoVia": null, 
"sexo": true, 
"localidad": null, 
"nombre": "OSCAR", 
"notificarSms": true, 
"notificarEmail": true, 
"nacimiento": null, 
"municipio": null, 
"verificado": "2008-10-22", 
"apellidos": "\u00c1LVAREZ GARC\u00cdA", 
"numeroCalle": null, 
"telefonoCasa": null
}
}, 
{
"pk": 831, 
"model": "akademic.alumno", 
"fields": {
"escaleraPisoPuerta": "  -", 
"cial": "A95B28007S", 
"apellidos": "AFONSO ABREU", 
"minusvalia": null, 
"porcentajeMinusvalia": 0, 
"paisNacimiento": 1, 
"lugarNacimientoExtranjero": "", 
"codPostal": "38000", 
"domicilio": "", 
"provincia": 38, 
"matriculado": true, 
"municipioNacimiento": 59, 
"dni": "11111527", 
"potestadPadre": true, 
"madre": 759, 
"islaNacimiento": 7, 
"isla": 7, 
"nacionalidad": 1, 
"primerCurso": "2002-01-01", 
"email": "", 
"fax": null, 
"registro": 859, 
"telefonoMovil": null, 
"tipoVia": null, 
"sexo": true, 
"potestadMadre": true, 
"provinciaNacimiento": 38, 
"nombre": "\u00c1NGEL", 
"ultimoCurso": "2008-01-01", 
"nacimiento": "1995-01-28", 
"municipio": null, 
"padre": 758, 
"numeroCalle": "6", 
"cip": "", 
"localidad": "LOCALIDAD DE RESIDENCIA"
}
}, 
{
"pk": 1813, 
"model": "akademic.alumno", 
"fields": {
"escaleraPisoPuerta": "7", 
"cial": "", 
"apellidos": "ALONSO DE TAORO", 
"minusvalia": null, 
"porcentajeMinusvalia": 0, 
"paisNacimiento": 1, 
"lugarNacimientoExtranjero": "", 
"codPostal": "38000", 
"domicilio": "", 
"provincia": 38, 
"matriculado": true, 
"municipioNacimiento": 59, 
"dni": "11115583", 
"potestadPadre": true, 
"madre": 2618, 
"islaNacimiento": 7, 
"isla": 7, 
"nacionalidad": 1, 
"primerCurso": "2008-01-01", 
"email": "", 
"fax": null, 
"registro": 1852, 
"telefonoMovil": null, 
"tipoVia": null, 
"sexo": false, 
"potestadMadre": true, 
"provinciaNacimiento": 38, 
"nombre": "MIRIAM", 
"ultimoCurso": "2008-01-01", 
"nacimiento": "1995-03-27", 
"municipio": null, 
"padre": 2617, 
"numeroCalle": "46", 
"cip": "", 
"localidad": "LOCALIDAD DE RESIDENCIA"
}
}, 
{
"pk": 683, 
"model": "akademic.alumno", 
"fields": {
"escaleraPisoPuerta": " -", 
"cial": "A96M09012E", 
"apellidos": "AMADOR DE ARA", 
"minusvalia": null, 
"porcentajeMinusvalia": 0, 
"paisNacimiento": 1, 
"lugarNacimientoExtranjero": "", 
"codPostal": "38000", 
"domicilio": "", 
"provincia": 38, 
"matriculado": true, 
"municipioNacimiento": 59, 
"dni": "11111275", 
"potestadPadre": true, 
"madre": 473, 
"islaNacimiento": 7, 
"isla": 7, 
"nacionalidad": 1, 
"primerCurso": "2002-01-01", 
"email": "", 
"fax": null, 
"registro": 703, 
"telefonoMovil": null, 
"tipoVia": null, 
"sexo": true, 
"potestadMadre": true, 
"provinciaNacimiento": 38, 
"nombre": "DANIEL", 
"ultimoCurso": "2008-01-01", 
"nacimiento": "1996-04-09", 
"municipio": null, 
"padre": 472, 
"numeroCalle": "20", 
"cip": "", 
"localidad": "LOCALIDAD DE RESIDENCIA"
}
}, 
{
"pk": 833, 
"model": "akademic.alumno", 
"fields": {
"escaleraPisoPuerta": "3\u00baC", 
"cial": "A95T51013A", 
"apellidos": "AROCHA HERN\u00c1NDEZ", 
"minusvalia": null, 
"porcentajeMinusvalia": 0, 
"paisNacimiento": 1, 
"lugarNacimientoExtranjero": "", 
"codPostal": "38000", 
"domicilio": "", 
"provincia": 38, 
"matriculado": true, 
"municipioNacimiento": 59, 
"dni": "11115453", 
"potestadPadre": true, 
"madre": 761, 
"islaNacimiento": 7, 
"isla": 7, 
"nacionalidad": 1, 
"primerCurso": "2002-01-01", 
"email": "", 
"fax": null, 
"registro": 861, 
"telefonoMovil": null, 
"tipoVia": null, 
"sexo": false, 
"potestadMadre": true, 
"provinciaNacimiento": 38, 
"nombre": "SABINA", 
"ultimoCurso": "2008-01-01", 
"nacimiento": "1995-07-11", 
"municipio": null, 
"padre": 760, 
"numeroCalle": "8", 
"cip": "", 
"localidad": "LOCALIDAD DE RESIDENCIA"
}
}, 
{
"pk": 1818, 
"model": "akademic.alumno", 
"fields": {
"escaleraPisoPuerta": "1 A", 
"cial": "A96C23010Y", 
"apellidos": "ASCANIO FERNANDEZ", 
"minusvalia": null, 
"porcentajeMinusvalia": 0, 
"paisNacimiento": 1, 
"lugarNacimientoExtranjero": "", 
"codPostal": "38000", 
"domicilio": "", 
"provincia": 53, 
"matriculado": true, 
"municipioNacimiento": 88, 
"dni": "11111719", 
"potestadPadre": true, 
"madre": 2627, 
"islaNacimiento": 7, 
"isla": null, 
"nacionalidad": 1, 
"primerCurso": "2008-01-01", 
"email": "", 
"fax": null, 
"registro": 1857, 
"telefonoMovil": null, 
"tipoVia": null, 
"sexo": true, 
"potestadMadre": true, 
"provinciaNacimiento": 38, 
"nombre": "ALBERTO", 
"ultimoCurso": "2008-01-01", 
"nacimiento": "1996-11-23", 
"municipio": null, 
"padre": 2626, 
"numeroCalle": "7", 
"cip": "", 
"localidad": "PUERTO DE LA CRUZ"
}
}, 
{
"pk": 1448, 
"model": "akademic.alumno", 
"fields": {
"escaleraPisoPuerta": "-", 
"cial": "A93P27019Y", 
"apellidos": "AVERO HERN\u00c1NDEZ", 
"minusvalia": null, 
"porcentajeMinusvalia": 0, 
"paisNacimiento": 1, 
"lugarNacimientoExtranjero": "", 
"codPostal": "38000", 
"domicilio": "", 
"provincia": 38, 
"matriculado": true, 
"municipioNacimiento": 59, 
"dni": "11111880", 
"potestadPadre": true, 
"madre": 2093, 
"islaNacimiento": 7, 
"isla": 7, 
"nacionalidad": 1, 
"primerCurso": "2005-01-01", 
"email": "", 
"fax": null, 
"registro": 1484, 
"telefonoMovil": null, 
"tipoVia": null, 
"sexo": true, 
"potestadMadre": true, 
"provinciaNacimiento": 38, 
"nombre": "PEDRO MIGUEL", 
"ultimoCurso": "2008-01-01", 
"nacimiento": "1993-05-27", 
"municipio": null, 
"padre": 2092, 
"numeroCalle": "26", 
"cip": "", 
"localidad": "LOCALIDAD DE RESIDENCIA"
}
}, 
{
"pk": 1446, 
"model": "akademic.alumno", 
"fields": {
"escaleraPisoPuerta": " P-1V11", 
"cial": "A93F04016B", 
"apellidos": "BARCO JIM\u00c9NEZ", 
"minusvalia": null, 
"porcentajeMinusvalia": 0, 
"paisNacimiento": 1, 
"lugarNacimientoExtranjero": "", 
"codPostal": "38000", 
"domicilio": "", 
"provincia": 38, 
"matriculado": true, 
"municipioNacimiento": 63, 
"dni": "11111523", 
"potestadPadre": true, 
"madre": 2089, 
"islaNacimiento": 7, 
"isla": 7, 
"nacionalidad": 1, 
"primerCurso": "2005-01-01", 
"email": "", 
"fax": null, 
"registro": 1481, 
"telefonoMovil": null, 
"tipoVia": null, 
"sexo": true, 
"potestadMadre": true, 
"provinciaNacimiento": 38, 
"nombre": "ADRI\u00c1N", 
"ultimoCurso": "2008-01-01", 
"nacimiento": "1993-12-04", 
"municipio": null, 
"padre": 2088, 
"numeroCalle": "11", 
"cip": "", 
"localidad": "LOS REALEJOS"
}
}, 
{
"pk": 1733, 
"model": "akademic.alumno", 
"fields": {
"escaleraPisoPuerta": "6", 
"cial": "A96R30015R", 
"apellidos": "BARRETO BORGES", 
"minusvalia": null, 
"porcentajeMinusvalia": 0, 
"paisNacimiento": 97, 
"lugarNacimientoExtranjero": "", 
"codPostal": "38000", 
"domicilio": "", 
"provincia": 38, 
"matriculado": true, 
"municipioNacimiento": 1, 
"dni": "11111981", 
"potestadPadre": true, 
"madre": null, 
"islaNacimiento": null, 
"isla": 7, 
"nacionalidad": 1, 
"primerCurso": "2008-01-01", 
"email": "", 
"fax": null, 
"registro": 1772, 
"telefonoMovil": null, 
"tipoVia": null, 
"sexo": true, 
"potestadMadre": false, 
"provinciaNacimiento": 53, 
"nombre": "TANAUSU", 
"ultimoCurso": "2008-01-01", 
"nacimiento": "1996-09-30", 
"municipio": null, 
"padre": 2527, 
"numeroCalle": "2", 
"cip": "", 
"localidad": "LOS REALEJOS"
}
}, 
{
"pk": 852, 
"model": "akademic.alumno", 
"fields": {
"escaleraPisoPuerta": " -", 
"cial": "A95R09016F", 
"apellidos": "BORGES GONZ\u00c1LEZ", 
"minusvalia": null, 
"porcentajeMinusvalia": 0, 
"paisNacimiento": 1, 
"lugarNacimientoExtranjero": "", 
"codPostal": "38000", 
"domicilio": "", 
"provincia": 38, 
"matriculado": true, 
"municipioNacimiento": 59, 
"dni": "11111819", 
"potestadPadre": true, 
"madre": 787, 
"islaNacimiento": 7, 
"isla": 7, 
"nacionalidad": 1, 
"primerCurso": "2002-01-01", 
"email": "", 
"fax": null, 
"registro": 880, 
"telefonoMovil": null, 
"tipoVia": null, 
"sexo": true, 
"potestadMadre": true, 
"provinciaNacimiento": 38, 
"nombre": "EDUARDO", 
"ultimoCurso": "2008-01-01", 
"nacimiento": "1995-09-09", 
"municipio": null, 
"padre": 786, 
"numeroCalle": "7", 
"cip": "", 
"localidad": "LOCALIDAD DE RESIDENCIA"
}
}, 
{
"pk": 854, 
"model": "akademic.alumno", 
"fields": {
"escaleraPisoPuerta": "P-6", 
"cial": "A95C22012Y", 
"apellidos": "CAMPOS TRONCHONI", 
"minusvalia": null, 
"porcentajeMinusvalia": 0, 
"paisNacimiento": 1, 
"lugarNacimientoExtranjero": "", 
"codPostal": "38000", 
"domicilio": "", 
"provincia": 38, 
"matriculado": true, 
"municipioNacimiento": 59, 
"dni": "11111841", 
"potestadPadre": true, 
"madre": 791, 
"islaNacimiento": 7, 
"isla": 7, 
"nacionalidad": 1, 
"primerCurso": "2002-01-01", 
"email": "", 
"fax": null, 
"registro": 882, 
"telefonoMovil": null, 
"tipoVia": null, 
"sexo": true, 
"potestadMadre": true, 
"provinciaNacimiento": 38, 
"nombre": "CARLOS ANTONIO", 
"ultimoCurso": "2008-01-01", 
"nacimiento": "1995-11-22", 
"municipio": null, 
"padre": 790, 
"numeroCalle": "47", 
"cip": "", 
"localidad": "LOCALIDAD DE RESIDENCIA"
}
}, 
{
"pk": 1515, 
"model": "akademic.alumno", 
"fields": {
"escaleraPisoPuerta": "39 -1\u00ba", 
"cial": "A95P24007W", 
"apellidos": "CAPINETI ALEM\u00c1N", 
"minusvalia": null, 
"porcentajeMinusvalia": 0, 
"paisNacimiento": 1, 
"lugarNacimientoExtranjero": "", 
"codPostal": "38000", 
"domicilio": "", 
"provincia": 38, 
"matriculado": true, 
"municipioNacimiento": 59, 
"dni": "11111157", 
"potestadPadre": true, 
"madre": 2081, 
"islaNacimiento": 7, 
"isla": 7, 
"nacionalidad": 1, 
"primerCurso": "2005-01-01", 
"email": "", 
"fax": null, 
"registro": 1552, 
"telefonoMovil": null, 
"tipoVia": null, 
"sexo": true, 
"potestadMadre": true, 
"provinciaNacimiento": 38, 
"nombre": "JAVIER", 
"ultimoCurso": "2008-01-01", 
"nacimiento": "1995-05-24", 
"municipio": null, 
"padre": 2080, 
"numeroCalle": "18", 
"cip": "", 
"localidad": "LOCALIDAD DE RESIDENCIA"
}
}, 
{
"pk": 322, 
"model": "akademic.alumno", 
"fields": {
"escaleraPisoPuerta": "P-C-6C", 
"cial": "A92T55012A", 
"apellidos": "CONCEPCI\u00d3N ACOSTA", 
"minusvalia": null, 
"porcentajeMinusvalia": 0, 
"paisNacimiento": 1, 
"lugarNacimientoExtranjero": "", 
"codPostal": "38000", 
"domicilio": "", 
"provincia": 38, 
"matriculado": true, 
"municipioNacimiento": 55, 
"dni": "11112154", 
"potestadPadre": true, 
"madre": 79, 
"islaNacimiento": 7, 
"isla": 7, 
"nacionalidad": 1, 
"primerCurso": "2000-01-01", 
"email": "", 
"fax": null, 
"registro": 331, 
"telefonoMovil": null, 
"tipoVia": null, 
"sexo": true, 
"potestadMadre": true, 
"provinciaNacimiento": 38, 
"nombre": "BORJA", 
"ultimoCurso": "2008-01-01", 
"nacimiento": "1992-07-15", 
"municipio": null, 
"padre": 740, 
"numeroCalle": "1", 
"cip": "", 
"localidad": "LOCALIDAD DE RESIDENCIA"
}
}, 
{
"pk": 1650, 
"model": "akademic.alumno", 
"fields": {
"escaleraPisoPuerta": "-", 
"cial": "", 
"apellidos": "DIAZ FORTES", 
"minusvalia": null, 
"porcentajeMinusvalia": 0, 
"paisNacimiento": 1, 
"lugarNacimientoExtranjero": "", 
"codPostal": "38000", 
"domicilio": "", 
"provincia": 38, 
"matriculado": true, 
"municipioNacimiento": 59, 
"dni": "11111606", 
"potestadPadre": true, 
"madre": 2409, 
"islaNacimiento": 7, 
"isla": 7, 
"nacionalidad": 1, 
"primerCurso": "2007-01-01", 
"email": "", 
"fax": null, 
"registro": 1689, 
"telefonoMovil": null, 
"tipoVia": null, 
"sexo": true, 
"potestadMadre": true, 
"provinciaNacimiento": 38, 
"nombre": "EDUARDO", 
"ultimoCurso": "2007-01-01", 
"nacimiento": "2004-10-15", 
"municipio": null, 
"padre": 2408, 
"numeroCalle": "8", 
"cip": "", 
"localidad": "LOCALIDAD DE RESIDENCIA"
}
}, 
{
"pk": 689, 
"model": "akademic.alumno", 
"fields": {
"escaleraPisoPuerta": "-", 
"cial": "A96M22012V", 
"apellidos": "DOM\u00cdNGUEZ ESCOBAR", 
"minusvalia": null, 
"porcentajeMinusvalia": 0, 
"paisNacimiento": 1, 
"lugarNacimientoExtranjero": "", 
"codPostal": "38000", 
"domicilio": "", 
"provincia": 38, 
"matriculado": true, 
"municipioNacimiento": 59, 
"dni": "11111611", 
"potestadPadre": true, 
"madre": 479, 
"islaNacimiento": 7, 
"isla": 7, 
"nacionalidad": 1, 
"primerCurso": "2002-01-01", 
"email": "", 
"fax": null, 
"registro": 711, 
"telefonoMovil": null, 
"tipoVia": null, 
"sexo": true, 
"potestadMadre": true, 
"provinciaNacimiento": 38, 
"nombre": "LUCAS", 
"ultimoCurso": "2008-01-01", 
"nacimiento": "1996-04-22", 
"municipio": null, 
"padre": 478, 
"numeroCalle": "26", 
"cip": "", 
"localidad": "LOCALIDAD DE RESIDENCIA"
}
}, 
{
"pk": 828, 
"model": "akademic.alumno", 
"fields": {
"escaleraPisoPuerta": "  -", 
"cial": "A95C50013P", 
"apellidos": "DORTA GALLARDO", 
"minusvalia": null, 
"porcentajeMinusvalia": 0, 
"paisNacimiento": 1, 
"lugarNacimientoExtranjero": "", 
"codPostal": "38000", 
"domicilio": "", 
"provincia": 38, 
"matriculado": true, 
"municipioNacimiento": 1, 
"dni": "11115372", 
"potestadPadre": true, 
"madre": 754, 
"islaNacimiento": null, 
"isla": 7, 
"nacionalidad": 1, 
"primerCurso": "2002-01-01", 
"email": "", 
"fax": null, 
"registro": 856, 
"telefonoMovil": null, 
"tipoVia": null, 
"sexo": false, 
"potestadMadre": true, 
"provinciaNacimiento": 8, 
"nombre": "MARTA", 
"ultimoCurso": "2008-01-01", 
"nacimiento": "1995-11-10", 
"municipio": null, 
"padre": 753, 
"numeroCalle": "7", 
"cip": "", 
"localidad": "LOCALIDAD DE RESIDENCIA"
}
}, 
{
"pk": 1651, 
"model": "akademic.alumno", 
"fields": {
"escaleraPisoPuerta": "9", 
"cial": "", 
"apellidos": "ESCOBAR L\u00d3PEZ", 
"minusvalia": null, 
"porcentajeMinusvalia": 0, 
"paisNacimiento": 1, 
"lugarNacimientoExtranjero": "", 
"codPostal": "38000", 
"domicilio": "", 
"provincia": 38, 
"matriculado": true, 
"municipioNacimiento": 88, 
"dni": "11115430", 
"potestadPadre": true, 
"madre": 1638, 
"islaNacimiento": 7, 
"isla": 7, 
"nacionalidad": 1, 
"primerCurso": "2007-01-01", 
"email": "", 
"fax": null, 
"registro": 1690, 
"telefonoMovil": null, 
"tipoVia": null, 
"sexo": false, 
"potestadMadre": true, 
"provinciaNacimiento": 38, 
"nombre": "JACQUELINE", 
"ultimoCurso": "2007-01-01", 
"nacimiento": "2004-05-15", 
"municipio": null, 
"padre": 1637, 
"numeroCalle": "9", 
"cip": "", 
"localidad": "LA OROTAV A"
}
}, 
{
"pk": 684, 
"model": "akademic.alumno", 
"fields": {
"escaleraPisoPuerta": "-", 
"cial": "A96M62009G", 
"apellidos": "FERNANDEZ LUIS", 
"minusvalia": null, 
"porcentajeMinusvalia": 0, 
"paisNacimiento": 1, 
"lugarNacimientoExtranjero": "", 
"codPostal": "38000", 
"domicilio": "", 
"provincia": 38, 
"matriculado": true, 
"municipioNacimiento": 59, 
"dni": "11115336", 
"potestadPadre": true, 
"madre": 18, 
"islaNacimiento": 7, 
"isla": 7, 
"nacionalidad": 1, 
"primerCurso": "2002-01-01", 
"email": "", 
"fax": null, 
"registro": 704, 
"telefonoMovil": null, 
"tipoVia": null, 
"sexo": false, 
"potestadMadre": true, 
"provinciaNacimiento": 38, 
"nombre": "LAURA", 
"ultimoCurso": "2008-01-01", 
"nacimiento": "1996-04-22", 
"municipio": null, 
"padre": 17, 
"numeroCalle": " 43", 
"cip": "", 
"localidad": "LOCALIDAD DE RESIDENCIA"
}
}, 
{
"pk": 1817, 
"model": "akademic.alumno", 
"fields": {
"escaleraPisoPuerta": "2", 
"cial": "", 
"apellidos": "GARC\u00c9S YUMAR", 
"minusvalia": null, 
"porcentajeMinusvalia": 0, 
"paisNacimiento": 1, 
"lugarNacimientoExtranjero": "", 
"codPostal": "38000", 
"domicilio": "", 
"provincia": 38, 
"matriculado": true, 
"municipioNacimiento": 83, 
"dni": "11111737", 
"potestadPadre": true, 
"madre": 2625, 
"islaNacimiento": 7, 
"isla": 7, 
"nacionalidad": 1, 
"primerCurso": "2008-01-01", 
"email": "", 
"fax": null, 
"registro": 1856, 
"telefonoMovil": null, 
"tipoVia": null, 
"sexo": true, 
"potestadMadre": true, 
"provinciaNacimiento": 38, 
"nombre": "ANDR\u00c9S", 
"ultimoCurso": "2008-01-01", 
"nacimiento": "1996-08-26", 
"municipio": null, 
"padre": 2624, 
"numeroCalle": "1", 
"cip": "", 
"localidad": "PUERTO DE LA CRUZ"
}
}, 
{
"pk": 1643, 
"model": "akademic.alumno", 
"fields": {
"escaleraPisoPuerta": "-", 
"cial": "", 
"apellidos": "GARC\u00cdA GONZ\u00c1LEZ", 
"minusvalia": null, 
"porcentajeMinusvalia": 0, 
"paisNacimiento": 1, 
"lugarNacimientoExtranjero": "", 
"codPostal": "38000", 
"domicilio": "", 
"provincia": 38, 
"matriculado": true, 
"municipioNacimiento": 59, 
"dni": "11111490", 
"potestadPadre": true, 
"madre": 1620, 
"islaNacimiento": 7, 
"isla": 7, 
"nacionalidad": 1, 
"primerCurso": "2007-01-01", 
"email": "", 
"fax": null, 
"registro": 1682, 
"telefonoMovil": null, 
"tipoVia": null, 
"sexo": true, 
"potestadMadre": true, 
"provinciaNacimiento": 38, 
"nombre": "IGNACIO", 
"ultimoCurso": "2007-01-01", 
"nacimiento": "2004-06-18", 
"municipio": null, 
"padre": 1619, 
"numeroCalle": "7", 
"cip": "", 
"localidad": "LOCALIDAD DE RESIDENCIA"
}
}, 
{
"pk": 1324, 
"model": "akademic.alumno", 
"fields": {
"escaleraPisoPuerta": "-", 
"cial": "A91G22020M", 
"apellidos": "GARC\u00cdA GONZ\u00c1LEZ", 
"minusvalia": null, 
"porcentajeMinusvalia": 0, 
"paisNacimiento": 1, 
"lugarNacimientoExtranjero": "", 
"codPostal": "38000", 
"domicilio": "", 
"provincia": 38, 
"matriculado": true, 
"municipioNacimiento": 83, 
"dni": "11112109", 
"potestadPadre": true, 
"madre": 1913, 
"islaNacimiento": 7, 
"isla": 7, 
"nacionalidad": 1, 
"primerCurso": "2004-01-01", 
"email": "", 
"fax": null, 
"registro": 1357, 
"telefonoMovil": null, 
"tipoVia": null, 
"sexo": true, 
"potestadMadre": true, 
"provinciaNacimiento": 38, 
"nombre": "VICTOR", 
"ultimoCurso": "2008-01-01", 
"nacimiento": "1991-03-22", 
"municipio": null, 
"padre": 1912, 
"numeroCalle": "3", 
"cip": "", 
"localidad": "SANTA URSULA"
}
}, 
{
"pk": 1653, 
"model": "akademic.alumno", 
"fields": {
"escaleraPisoPuerta": "3", 
"cial": "", 
"apellidos": "GARC\u00cdA MORALES", 
"minusvalia": null, 
"porcentajeMinusvalia": 0, 
"paisNacimiento": 1, 
"lugarNacimientoExtranjero": "", 
"codPostal": "38000", 
"domicilio": "", 
"provincia": 38, 
"matriculado": true, 
"municipioNacimiento": 59, 
"dni": "11111701", 
"potestadPadre": true, 
"madre": 2336, 
"islaNacimiento": 7, 
"isla": 7, 
"nacionalidad": 1, 
"primerCurso": "2007-01-01", 
"email": "", 
"fax": null, 
"registro": 1692, 
"telefonoMovil": null, 
"tipoVia": null, 
"sexo": true, 
"potestadMadre": true, 
"provinciaNacimiento": 38, 
"nombre": "JONATHAN ALEXIS", 
"ultimoCurso": "2007-01-01", 
"nacimiento": "2004-01-09", 
"municipio": null, 
"padre": 2410, 
"numeroCalle": "57", 
"cip": "", 
"localidad": "LOCALIDAD DE RESIDENCIA"
}
}, 
{
"pk": 1471, 
"model": "akademic.alumno", 
"fields": {
"escaleraPisoPuerta": "P-3", 
"cial": "A96L25100N", 
"apellidos": "GONZALEZ TAMAJON", 
"minusvalia": null, 
"porcentajeMinusvalia": 0, 
"paisNacimiento": 97, 
"lugarNacimientoExtranjero": "", 
"codPostal": "38000", 
"domicilio": "", 
"provincia": 38, 
"matriculado": true, 
"municipioNacimiento": 1, 
"dni": "11111412", 
"potestadPadre": true, 
"madre": 2315, 
"islaNacimiento": null, 
"isla": 7, 
"nacionalidad": 97, 
"primerCurso": "2005-01-01", 
"email": "", 
"fax": null, 
"registro": 1508, 
"telefonoMovil": null, 
"tipoVia": null, 
"sexo": true, 
"potestadMadre": true, 
"provinciaNacimiento": 53, 
"nombre": "JORGE", 
"ultimoCurso": "2008-01-01", 
"nacimiento": "1996-08-25", 
"municipio": null, 
"padre": 2123, 
"numeroCalle": "44", 
"cip": "", 
"localidad": "LOCALIDAD DE RESIDENCIA"
}
}, 
{
"pk": 1713, 
"model": "akademic.alumno", 
"fields": {
"escaleraPisoPuerta": "B -50", 
"cial": "A95T47018J", 
"apellidos": "GONZ\u00c1LEZ DE CH\u00c1VEZ HERN\u00c1NDEZ", 
"minusvalia": null, 
"porcentajeMinusvalia": 0, 
"paisNacimiento": 30, 
"lugarNacimientoExtranjero": "", 
"codPostal": "38000", 
"domicilio": "", 
"provincia": 38, 
"matriculado": true, 
"municipioNacimiento": 1, 
"dni": "11115484", 
"potestadPadre": false, 
"madre": 2491, 
"islaNacimiento": null, 
"isla": 7, 
"nacionalidad": 1, 
"primerCurso": "2007-01-01", 
"email": "", 
"fax": null, 
"registro": 1752, 
"telefonoMovil": null, 
"tipoVia": null, 
"sexo": false, 
"potestadMadre": true, 
"provinciaNacimiento": 53, 
"nombre": "PATRICIA", 
"ultimoCurso": "2008-01-01", 
"nacimiento": "1995-07-07", 
"municipio": null, 
"padre": null, 
"numeroCalle": "50", 
"cip": "", 
"localidad": "PUERTO DE LA CRUZ"
}
}, 
{
"pk": 1443, 
"model": "akademic.alumno", 
"fields": {
"escaleraPisoPuerta": "1\u00ba", 
"cial": "A93G26017V", 
"apellidos": "GONZ\u00c1LEZ GONZ\u00c1LEZ", 
"minusvalia": null, 
"porcentajeMinusvalia": 0, 
"paisNacimiento": 1, 
"lugarNacimientoExtranjero": "", 
"codPostal": "38000", 
"domicilio": "", 
"provincia": 38, 
"matriculado": true, 
"municipioNacimiento": 88, 
"dni": "11111165", 
"potestadPadre": true, 
"madre": 2083, 
"islaNacimiento": 7, 
"isla": 7, 
"nacionalidad": 1, 
"primerCurso": "2005-01-01", 
"email": "", 
"fax": null, 
"registro": 1478, 
"telefonoMovil": null, 
"tipoVia": null, 
"sexo": true, 
"potestadMadre": true, 
"provinciaNacimiento": 38, 
"nombre": "DANIEL", 
"ultimoCurso": "2008-01-01", 
"nacimiento": "1993-03-26", 
"municipio": null, 
"padre": 2082, 
"numeroCalle": "14", 
"cip": "", 
"localidad": "LOCALIDAD DE RESIDENCIA"
}
}, 
{
"pk": 694, 
"model": "akademic.alumno", 
"fields": {
"escaleraPisoPuerta": "10A", 
"cial": "A96A01010T", 
"apellidos": "GONZ\u00c1LEZ G\u00d3MEZ", 
"minusvalia": null, 
"porcentajeMinusvalia": 0, 
"paisNacimiento": 1, 
"lugarNacimientoExtranjero": "", 
"codPostal": "38000", 
"domicilio": "", 
"provincia": 38, 
"matriculado": true, 
"municipioNacimiento": 59, 
"dni": "11111910", 
"potestadPadre": true, 
"madre": 485, 
"islaNacimiento": 7, 
"isla": 7, 
"nacionalidad": 1, 
"primerCurso": "2002-01-01", 
"email": "", 
"fax": null, 
"registro": 716, 
"telefonoMovil": null, 
"tipoVia": null, 
"sexo": true, 
"potestadMadre": true, 
"provinciaNacimiento": 38, 
"nombre": "DYLAN ANTONIO", 
"ultimoCurso": "2008-01-01", 
"nacimiento": "1996-10-01", 
"municipio": null, 
"padre": 484, 
"numeroCalle": "101", 
"cip": "", 
"localidad": "PUERTO DE LA CRUZ"
}
}, 
{
"pk": 1709, 
"model": "akademic.alumno", 
"fields": {
"escaleraPisoPuerta": "E", 
"cial": "A95L44020H", 
"apellidos": "GONZ\u00c1LEZ MART\u00cdN", 
"minusvalia": null, 
"porcentajeMinusvalia": 0, 
"paisNacimiento": 1, 
"lugarNacimientoExtranjero": "", 
"codPostal": "38000", 
"domicilio": "", 
"provincia": 38, 
"matriculado": true, 
"municipioNacimiento": 59, 
"dni": "11115487", 
"potestadPadre": true, 
"madre": 2620, 
"islaNacimiento": 7, 
"isla": 7, 
"nacionalidad": 1, 
"primerCurso": "2007-01-01", 
"email": "", 
"fax": null, 
"registro": 1748, 
"telefonoMovil": null, 
"tipoVia": null, 
"sexo": false, 
"potestadMadre": true, 
"provinciaNacimiento": 38, 
"nombre": "NICOLE", 
"ultimoCurso": "2008-01-01", 
"nacimiento": "1995-08-04", 
"municipio": null, 
"padre": 2621, 
"numeroCalle": "184", 
"cip": "", 
"localidad": "SANTA URSULA"
}
}, 
{
"pk": 835, 
"model": "akademic.alumno", 
"fields": {
"escaleraPisoPuerta": "   -", 
"cial": "A95A65011X", 
"apellidos": "GONZ\u00c1LEZ \u00c1LVAREZ", 
"minusvalia": null, 
"porcentajeMinusvalia": 0, 
"paisNacimiento": 1, 
"lugarNacimientoExtranjero": "", 
"codPostal": "38000", 
"domicilio": "", 
"provincia": 38, 
"matriculado": true, 
"municipioNacimiento": 88, 
"dni": "11115502", 
"potestadPadre": true, 
"madre": 763, 
"islaNacimiento": 7, 
"isla": 7, 
"nacionalidad": 1, 
"primerCurso": "2002-01-01", 
"email": "", 
"fax": null, 
"registro": 863, 
"telefonoMovil": null, 
"tipoVia": null, 
"sexo": false, 
"potestadMadre": true, 
"provinciaNacimiento": 38, 
"nombre": "ANGELA", 
"ultimoCurso": "2008-01-01", 
"nacimiento": "1995-10-25", 
"municipio": null, 
"padre": 762, 
"numeroCalle": "8", 
"cip": "", 
"localidad": "PUERTO DE LA CRUZ"
}
}, 
{
"pk": 1734, 
"model": "akademic.alumno", 
"fields": {
"escaleraPisoPuerta": "", 
"cial": "A95R62100J", 
"apellidos": "GORRIN GUTIERREZ", 
"minusvalia": null, 
"porcentajeMinusvalia": 0, 
"paisNacimiento": 13, 
"lugarNacimientoExtranjero": "", 
"codPostal": "38000", 
"domicilio": "", 
"provincia": 38, 
"matriculado": true, 
"municipioNacimiento": 1, 
"dni": "11112514", 
"potestadPadre": true, 
"madre": null, 
"islaNacimiento": null, 
"isla": 7, 
"nacionalidad": 1, 
"primerCurso": "2008-01-01", 
"email": "", 
"fax": null, 
"registro": 1773, 
"telefonoMovil": null, 
"tipoVia": null, 
"sexo": true, 
"potestadMadre": false, 
"provinciaNacimiento": 53, 
"nombre": "JAVIER ALBERTO", 
"ultimoCurso": "2008-01-01", 
"nacimiento": "1995-09-22", 
"municipio": null, 
"padre": 2528, 
"numeroCalle": "6", 
"cip": "", 
"localidad": "LA FLORIDA"
}
}, 
{
"pk": 884, 
"model": "akademic.alumno", 
"fields": {
"escaleraPisoPuerta": "-", 
"cial": "A95T03014R", 
"apellidos": "GUANCHE VALENCIA", 
"minusvalia": null, 
"porcentajeMinusvalia": 0, 
"paisNacimiento": 1, 
"lugarNacimientoExtranjero": "", 
"codPostal": "38000", 
"domicilio": "", 
"provincia": 38, 
"matriculado": true, 
"municipioNacimiento": 59, 
"dni": "11112434", 
"potestadPadre": true, 
"madre": 842, 
"islaNacimiento": 7, 
"isla": 7, 
"nacionalidad": 1, 
"primerCurso": "2002-01-01", 
"email": "", 
"fax": null, 
"registro": 912, 
"telefonoMovil": null, 
"tipoVia": null, 
"sexo": true, 
"potestadMadre": true, 
"provinciaNacimiento": 38, 
"nombre": "GONZALO", 
"ultimoCurso": "2008-01-01", 
"nacimiento": "1995-07-03", 
"municipio": null, 
"padre": 841, 
"numeroCalle": "14", 
"cip": "", 
"localidad": "LOCALIDAD DE RESIDENCIA"
}
}, 
{
"pk": 1723, 
"model": "akademic.alumno", 
"fields": {
"escaleraPisoPuerta": "-", 
"cial": "A94B11016Y", 
"apellidos": "GUERRA P\u00c9REZ", 
"minusvalia": null, 
"porcentajeMinusvalia": 0, 
"paisNacimiento": 1, 
"lugarNacimientoExtranjero": "", 
"codPostal": "38000", 
"domicilio": "", 
"provincia": 38, 
"matriculado": true, 
"municipioNacimiento": 59, 
"dni": "11111227", 
"potestadPadre": true, 
"madre": 2505, 
"islaNacimiento": 7, 
"isla": 7, 
"nacionalidad": 1, 
"primerCurso": "2007-01-01", 
"email": "", 
"fax": null, 
"registro": 1762, 
"telefonoMovil": null, 
"tipoVia": null, 
"sexo": true, 
"potestadMadre": true, 
"provinciaNacimiento": 38, 
"nombre": "ENRIQUE", 
"ultimoCurso": "2008-01-01", 
"nacimiento": "1994-01-11", 
"municipio": null, 
"padre": 2504, 
"numeroCalle": "16", 
"cip": "", 
"localidad": "LOCALIDAD DE RESIDENCIA"
}
}, 
{
"pk": 1814, 
"model": "akademic.alumno", 
"fields": {
"escaleraPisoPuerta": "42", 
"cial": "A96M19011E", 
"apellidos": "GUIJARRO SALAZAR", 
"minusvalia": null, 
"porcentajeMinusvalia": 0, 
"paisNacimiento": 9, 
"lugarNacimientoExtranjero": "", 
"codPostal": "38000", 
"domicilio": "", 
"provincia": 38, 
"matriculado": true, 
"municipioNacimiento": 1, 
"dni": "11111328", 
"potestadPadre": true, 
"madre": null, 
"islaNacimiento": null, 
"isla": 7, 
"nacionalidad": 61, 
"primerCurso": "2008-01-01", 
"email": "", 
"fax": null, 
"registro": 1853, 
"telefonoMovil": null, 
"tipoVia": null, 
"sexo": true, 
"potestadMadre": false, 
"provinciaNacimiento": 53, 
"nombre": "YERAY", 
"ultimoCurso": "2008-01-01", 
"nacimiento": "1996-04-19", 
"municipio": null, 
"padre": 2619, 
"numeroCalle": "20", 
"cip": "", 
"localidad": "SANTA URSULA"
}
}, 
{
"pk": 1642, 
"model": "akademic.alumno", 
"fields": {
"escaleraPisoPuerta": "-", 
"cial": "", 
"apellidos": "HERNANDEZ DOMINGUEZ", 
"minusvalia": null, 
"porcentajeMinusvalia": 0, 
"paisNacimiento": 1, 
"lugarNacimientoExtranjero": "", 
"codPostal": "38000", 
"domicilio": "", 
"provincia": 38, 
"matriculado": true, 
"municipioNacimiento": 57, 
"dni": "11115382", 
"potestadPadre": true, 
"madre": 755, 
"islaNacimiento": 7, 
"isla": 7, 
"nacionalidad": 1, 
"primerCurso": "2007-01-01", 
"email": "", 
"fax": null, 
"registro": 1681, 
"telefonoMovil": null, 
"tipoVia": null, 
"sexo": false, 
"potestadMadre": true, 
"provinciaNacimiento": 38, 
"nombre": "NATALIA", 
"ultimoCurso": "2007-01-01", 
"nacimiento": "2004-09-20", 
"municipio": null, 
"padre": 122, 
"numeroCalle": "54", 
"cip": "", 
"localidad": "LA MATANZA"
}
}, 
{
"pk": 1057, 
"model": "akademic.alumno", 
"fields": {
"escaleraPisoPuerta": "  -", 
"cial": "A95M17020L", 
"apellidos": "HERNANDEZ LOPEZ", 
"minusvalia": null, 
"porcentajeMinusvalia": 0, 
"paisNacimiento": 1, 
"lugarNacimientoExtranjero": "", 
"codPostal": "38000", 
"domicilio": "", 
"provincia": 38, 
"matriculado": true, 
"municipioNacimiento": 51, 
"dni": "11111928", 
"potestadPadre": true, 
"madre": 1557, 
"islaNacimiento": 7, 
"isla": 7, 
"nacionalidad": 1, 
"primerCurso": "2003-01-01", 
"email": "", 
"fax": null, 
"registro": 1090, 
"telefonoMovil": null, 
"tipoVia": null, 
"sexo": true, 
"potestadMadre": true, 
"provinciaNacimiento": 38, 
"nombre": "ROGER ELOY", 
"ultimoCurso": "2008-01-01", 
"nacimiento": "1995-04-17", 
"municipio": null, 
"padre": 1556, 
"numeroCalle": "13", 
"cip": "", 
"localidad": "LOCALIDAD DE RESIDENCIA"
}
}, 
{
"pk": 702, 
"model": "akademic.alumno", 
"fields": {
"escaleraPisoPuerta": "-", 
"cial": "A96T70009X", 
"apellidos": "HERNANDEZ SIVERIO SOCAS", 
"minusvalia": null, 
"porcentajeMinusvalia": 0, 
"paisNacimiento": 1, 
"lugarNacimientoExtranjero": "", 
"codPostal": "38000", 
"domicilio": "", 
"provincia": 38, 
"matriculado": true, 
"municipioNacimiento": 59, 
"dni": "11115429", 
"potestadPadre": true, 
"madre": 429, 
"islaNacimiento": 7, 
"isla": 7, 
"nacionalidad": 1, 
"primerCurso": "2002-01-01", 
"email": "", 
"fax": null, 
"registro": 724, 
"telefonoMovil": null, 
"tipoVia": null, 
"sexo": false, 
"potestadMadre": true, 
"provinciaNacimiento": 38, 
"nombre": "ALEXANDRA", 
"ultimoCurso": "2008-01-01", 
"nacimiento": "1996-07-30", 
"municipio": null, 
"padre": 428, 
"numeroCalle": "S/N", 
"cip": "", 
"localidad": "LOS REALEJOS"
}
}, 
{
"pk": 1649, 
"model": "akademic.alumno", 
"fields": {
"escaleraPisoPuerta": "-", 
"cial": "", 
"apellidos": "HERN\u00c1NDEZ ARDILA", 
"minusvalia": null, 
"porcentajeMinusvalia": 0, 
"paisNacimiento": 1, 
"lugarNacimientoExtranjero": "", 
"codPostal": "38000", 
"domicilio": "", 
"provincia": 38, 
"matriculado": true, 
"municipioNacimiento": 59, 
"dni": "11115425", 
"potestadPadre": true, 
"madre": 2407, 
"islaNacimiento": 7, 
"isla": 7, 
"nacionalidad": 1, 
"primerCurso": "2007-01-01", 
"email": "", 
"fax": null, 
"registro": 1688, 
"telefonoMovil": null, 
"tipoVia": null, 
"sexo": false, 
"potestadMadre": true, 
"provinciaNacimiento": 38, 
"nombre": "AINHOA", 
"ultimoCurso": "2007-01-01", 
"nacimiento": "2004-02-24", 
"municipio": null, 
"padre": 2406, 
"numeroCalle": "5", 
"cip": "", 
"localidad": "LOCALIDAD DE RESIDENCIA"
}
}, 
{
"pk": 829, 
"model": "akademic.alumno", 
"fields": {
"escaleraPisoPuerta": "-", 
"cial": "A95T29020Y", 
"apellidos": "HERN\u00c1NDEZ CABRERA", 
"minusvalia": null, 
"porcentajeMinusvalia": 0, 
"paisNacimiento": 1, 
"lugarNacimientoExtranjero": "", 
"codPostal": "38000", 
"domicilio": "", 
"provincia": 38, 
"matriculado": true, 
"municipioNacimiento": 57, 
"dni": "11111478", 
"potestadPadre": true, 
"madre": 755, 
"islaNacimiento": 7, 
"isla": 7, 
"nacionalidad": 1, 
"primerCurso": "2002-01-01", 
"email": "", 
"fax": null, 
"registro": 857, 
"telefonoMovil": null, 
"tipoVia": null, 
"sexo": true, 
"potestadMadre": true, 
"provinciaNacimiento": 38, 
"nombre": "SAMUEL JOS\u00c9", 
"ultimoCurso": "2008-01-01", 
"nacimiento": "1995-07-29", 
"municipio": null, 
"padre": 122, 
"numeroCalle": "54", 
"cip": "", 
"localidad": "LA MATANZA"
}
}, 
{
"pk": 836, 
"model": "akademic.alumno", 
"fields": {
"escaleraPisoPuerta": "1\u00ba", 
"cial": "A95R20014K", 
"apellidos": "HERN\u00c1NDEZ GONZ\u00c1LEZ", 
"minusvalia": null, 
"porcentajeMinusvalia": 0, 
"paisNacimiento": 1, 
"lugarNacimientoExtranjero": "", 
"codPostal": "38000", 
"domicilio": "", 
"provincia": 38, 
"matriculado": true, 
"municipioNacimiento": 59, 
"dni": "11111344", 
"potestadPadre": true, 
"madre": 765, 
"islaNacimiento": 7, 
"isla": 7, 
"nacionalidad": 1, 
"primerCurso": "2002-01-01", 
"email": "", 
"fax": null, 
"registro": 864, 
"telefonoMovil": null, 
"tipoVia": null, 
"sexo": true, 
"potestadMadre": true, 
"provinciaNacimiento": 38, 
"nombre": "DIEGO", 
"ultimoCurso": "2008-01-01", 
"nacimiento": "1995-09-20", 
"municipio": null, 
"padre": 764, 
"numeroCalle": "29", 
"cip": "", 
"localidad": "LOS REALEJOS"
}
}, 
{
"pk": 886, 
"model": "akademic.alumno", 
"fields": {
"escaleraPisoPuerta": "", 
"cial": "A95F20014D", 
"apellidos": "HERN\u00c1NDEZ SIVERIO SOCAS", 
"minusvalia": null, 
"porcentajeMinusvalia": 0, 
"paisNacimiento": 1, 
"lugarNacimientoExtranjero": "", 
"codPostal": "38000", 
"domicilio": "", 
"provincia": 38, 
"matriculado": true, 
"municipioNacimiento": 88, 
"dni": "11112471", 
"potestadPadre": true, 
"madre": 846, 
"islaNacimiento": 7, 
"isla": 7, 
"nacionalidad": 1, 
"primerCurso": "2002-01-01", 
"email": "", 
"fax": null, 
"registro": 914, 
"telefonoMovil": null, 
"tipoVia": null, 
"sexo": true, 
"potestadMadre": true, 
"provinciaNacimiento": 38, 
"nombre": "GONZALO", 
"ultimoCurso": "2008-01-01", 
"nacimiento": "1995-12-20", 
"municipio": null, 
"padre": 845, 
"numeroCalle": "3", 
"cip": "", 
"localidad": "PUERTO DE LA CRUZ"
}
}, 
{
"pk": 704, 
"model": "akademic.alumno", 
"fields": {
"escaleraPisoPuerta": "-", 
"cial": "A96B06005X", 
"apellidos": "HERN\u00c1NDEZ TOSTE", 
"minusvalia": null, 
"porcentajeMinusvalia": 0, 
"paisNacimiento": 1, 
"lugarNacimientoExtranjero": "", 
"codPostal": "38000", 
"domicilio": "", 
"provincia": 38, 
"matriculado": true, 
"municipioNacimiento": 59, 
"dni": "11111815", 
"potestadPadre": true, 
"madre": 500, 
"islaNacimiento": 7, 
"isla": 7, 
"nacionalidad": 1, 
"primerCurso": "2002-01-01", 
"email": "", 
"fax": null, 
"registro": 726, 
"telefonoMovil": null, 
"tipoVia": null, 
"sexo": true, 
"potestadMadre": true, 
"provinciaNacimiento": 38, 
"nombre": "NAUZET", 
"ultimoCurso": "2008-01-01", 
"nacimiento": "1996-01-06", 
"municipio": null, 
"padre": 499, 
"numeroCalle": "4", 
"cip": "", 
"localidad": "LOS REALEJOS"
}
}, 
{
"pk": 1056, 
"model": "akademic.alumno", 
"fields": {
"escaleraPisoPuerta": "", 
"cial": "A95X22015F", 
"apellidos": "JIM\u00c9NEZ ARAQUE", 
"minusvalia": null, 
"porcentajeMinusvalia": 0, 
"paisNacimiento": 1, 
"lugarNacimientoExtranjero": "", 
"codPostal": "38000", 
"domicilio": "", 
"provincia": 38, 
"matriculado": true, 
"municipioNacimiento": 59, 
"dni": "11111371", 
"potestadPadre": true, 
"madre": 1555, 
"islaNacimiento": 7, 
"isla": 7, 
"nacionalidad": 1, 
"primerCurso": "2003-01-01", 
"email": "", 
"fax": null, 
"registro": 1089, 
"telefonoMovil": null, 
"tipoVia": null, 
"sexo": true, 
"potestadMadre": true, 
"provinciaNacimiento": 38, 
"nombre": "\u00c1LVARO", 
"ultimoCurso": "2008-01-01", 
"nacimiento": "1995-02-22", 
"municipio": null, 
"padre": 1554, 
"numeroCalle": "12", 
"cip": "", 
"localidad": "LOCALIDAD DE RESIDENCIA"
}
}, 
{
"pk": 1059, 
"model": "akademic.alumno", 
"fields": {
"escaleraPisoPuerta": "2\u00baE", 
"cial": "A93X58023J", 
"apellidos": "LABRADOR PADILLA", 
"minusvalia": null, 
"porcentajeMinusvalia": 0, 
"paisNacimiento": 1, 
"lugarNacimientoExtranjero": "", 
"codPostal": "38000", 
"domicilio": "", 
"provincia": 38, 
"matriculado": true, 
"municipioNacimiento": 59, 
"dni": "11115436", 
"potestadPadre": true, 
"madre": 1559, 
"islaNacimiento": 7, 
"isla": 7, 
"nacionalidad": 1, 
"primerCurso": "2003-01-01", 
"email": "", 
"fax": null, 
"registro": 1092, 
"telefonoMovil": null, 
"tipoVia": null, 
"sexo": false, 
"potestadMadre": true, 
"provinciaNacimiento": 38, 
"nombre": "BESAY", 
"ultimoCurso": "2008-01-01", 
"nacimiento": "1993-02-18", 
"municipio": null, 
"padre": 1558, 
"numeroCalle": "2", 
"cip": "", 
"localidad": "LOCALIDAD DE RESIDENCIA"
}
}, 
{
"pk": 697, 
"model": "akademic.alumno", 
"fields": {
"escaleraPisoPuerta": "-", 
"cial": "A96X25011F", 
"apellidos": "LUIS LIMA", 
"minusvalia": null, 
"porcentajeMinusvalia": 0, 
"paisNacimiento": 1, 
"lugarNacimientoExtranjero": "", 
"codPostal": "38000", 
"domicilio": "", 
"provincia": 38, 
"matriculado": true, 
"municipioNacimiento": 59, 
"dni": "11112243", 
"potestadPadre": true, 
"madre": 491, 
"islaNacimiento": 7, 
"isla": 7, 
"nacionalidad": 1, 
"primerCurso": "2002-01-01", 
"email": "", 
"fax": null, 
"registro": 719, 
"telefonoMovil": null, 
"tipoVia": null, 
"sexo": true, 
"potestadMadre": true, 
"provinciaNacimiento": 38, 
"nombre": "DANIEL", 
"ultimoCurso": "2008-01-01", 
"nacimiento": "1996-02-25", 
"municipio": null, 
"padre": 490, 
"numeroCalle": "10", 
"cip": "", 
"localidad": "LOCALIDAD DE RESIDENCIA"
}
}, 
{
"pk": 695, 
"model": "akademic.alumno", 
"fields": {
"escaleraPisoPuerta": "-", 
"cial": "A96L46013T", 
"apellidos": "LUIS REAL", 
"minusvalia": null, 
"porcentajeMinusvalia": 0, 
"paisNacimiento": 1, 
"lugarNacimientoExtranjero": "", 
"codPostal": "38000", 
"domicilio": "", 
"provincia": 38, 
"matriculado": true, 
"municipioNacimiento": 59, 
"dni": "11115511", 
"potestadPadre": true, 
"madre": 1103, 
"islaNacimiento": 7, 
"isla": 7, 
"nacionalidad": 64, 
"primerCurso": "2002-01-01", 
"email": "", 
"fax": null, 
"registro": 717, 
"telefonoMovil": null, 
"tipoVia": null, 
"sexo": false, 
"potestadMadre": true, 
"provinciaNacimiento": 38, 
"nombre": "EVA", 
"ultimoCurso": "2008-01-01", 
"nacimiento": "1996-08-06", 
"municipio": null, 
"padre": 486, 
"numeroCalle": "14", 
"cip": "", 
"localidad": "PALO BLANCO"
}
}, 
{
"pk": 1711, 
"model": "akademic.alumno", 
"fields": {
"escaleraPisoPuerta": "-", 
"cial": "", 
"apellidos": "LUIS RODR\u00cdGUEZ", 
"minusvalia": null, 
"porcentajeMinusvalia": 0, 
"paisNacimiento": 1, 
"lugarNacimientoExtranjero": "", 
"codPostal": "38000", 
"domicilio": "", 
"provincia": 38, 
"matriculado": true, 
"municipioNacimiento": 88, 
"dni": "11111200", 
"potestadPadre": true, 
"madre": 2488, 
"islaNacimiento": 7, 
"isla": 7, 
"nacionalidad": 1, 
"primerCurso": "2007-01-01", 
"email": "", 
"fax": null, 
"registro": 1750, 
"telefonoMovil": null, 
"tipoVia": null, 
"sexo": true, 
"potestadMadre": true, 
"provinciaNacimiento": 38, 
"nombre": "SERGIO", 
"ultimoCurso": "2007-01-01", 
"nacimiento": "2004-02-11", 
"municipio": null, 
"padre": 2487, 
"numeroCalle": "9", 
"cip": "", 
"localidad": "LOCALIDAD DE RESIDENCIA"
}
}, 
{
"pk": 1067, 
"model": "akademic.alumno", 
"fields": {
"escaleraPisoPuerta": "1\u00ba", 
"cial": "A91H41009Z", 
"apellidos": "L\u00d3PEZ SANZ", 
"minusvalia": null, 
"porcentajeMinusvalia": 0, 
"paisNacimiento": 1, 
"lugarNacimientoExtranjero": "", 
"codPostal": "38000", 
"domicilio": "", 
"provincia": 38, 
"matriculado": true, 
"municipioNacimiento": 88, 
"dni": "11115378", 
"potestadPadre": true, 
"madre": 1573, 
"islaNacimiento": 7, 
"isla": 7, 
"nacionalidad": 1, 
"primerCurso": "2003-01-01", 
"email": "", 
"fax": null, 
"registro": 1100, 
"telefonoMovil": null, 
"tipoVia": null, 
"sexo": false, 
"potestadMadre": true, 
"provinciaNacimiento": 38, 
"nombre": "EVA", 
"ultimoCurso": "2008-01-01", 
"nacimiento": "1991-06-01", 
"municipio": null, 
"padre": 1572, 
"numeroCalle": "12", 
"cip": "", 
"localidad": "SANTA URSULA"
}
}, 
{
"pk": 1722, 
"model": "akademic.alumno", 
"fields": {
"escaleraPisoPuerta": "-", 
"cial": "A95G60019L", 
"apellidos": "MANSITO RODR\u00cdGUEZ", 
"minusvalia": null, 
"porcentajeMinusvalia": 0, 
"paisNacimiento": 1, 
"lugarNacimientoExtranjero": "", 
"codPostal": "38000", 
"domicilio": "", 
"provincia": 38, 
"matriculado": true, 
"municipioNacimiento": 59, 
"dni": "11115325", 
"potestadPadre": true, 
"madre": 2505, 
"islaNacimiento": 7, 
"isla": 7, 
"nacionalidad": 1, 
"primerCurso": "2007-01-01", 
"email": "", 
"fax": null, 
"registro": 1761, 
"telefonoMovil": null, 
"tipoVia": null, 
"sexo": false, 
"potestadMadre": true, 
"provinciaNacimiento": 38, 
"nombre": "MARGARITA", 
"ultimoCurso": "2008-01-01", 
"nacimiento": "1995-03-20", 
"municipio": null, 
"padre": 2504, 
"numeroCalle": "16", 
"cip": "", 
"localidad": "LOCALIDAD DE RESIDENCIA    383100"
}
}, 
{
"pk": 1646, 
"model": "akademic.alumno", 
"fields": {
"escaleraPisoPuerta": "P-B-7", 
"cial": "", 
"apellidos": "MARICHAL HERNANDEZ", 
"minusvalia": null, 
"porcentajeMinusvalia": 0, 
"paisNacimiento": 1, 
"lugarNacimientoExtranjero": "", 
"codPostal": "38000", 
"domicilio": "", 
"provincia": 38, 
"matriculado": true, 
"municipioNacimiento": 59, 
"dni": "11115408", 
"potestadPadre": true, 
"madre": 1736, 
"islaNacimiento": 7, 
"isla": 7, 
"nacionalidad": 1, 
"primerCurso": "2007-01-01", 
"email": "", 
"fax": null, 
"registro": 1685, 
"telefonoMovil": null, 
"tipoVia": null, 
"sexo": false, 
"potestadMadre": true, 
"provinciaNacimiento": 38, 
"nombre": "ALEXANDRA DE LA", 
"ultimoCurso": "2007-01-01", 
"nacimiento": "2004-05-08", 
"municipio": null, 
"padre": 1735, 
"numeroCalle": "2", 
"cip": "", 
"localidad": "LOCALIDAD DE RESIDENCIA"
}
}, 
{
"pk": 317, 
"model": "akademic.alumno", 
"fields": {
"escaleraPisoPuerta": "", 
"cial": "A92C21014G", 
"apellidos": "MARRERO MART\u00cdN", 
"minusvalia": null, 
"porcentajeMinusvalia": 0, 
"paisNacimiento": 1, 
"lugarNacimientoExtranjero": "", 
"codPostal": "38000", 
"domicilio": "", 
"provincia": 38, 
"matriculado": true, 
"municipioNacimiento": 88, 
"dni": "11112223", 
"potestadPadre": true, 
"madre": 1280, 
"islaNacimiento": 7, 
"isla": 7, 
"nacionalidad": 1, 
"primerCurso": "2000-01-01", 
"email": "", 
"fax": null, 
"registro": 326, 
"telefonoMovil": null, 
"tipoVia": null, 
"sexo": true, 
"potestadMadre": true, 
"provinciaNacimiento": 38, 
"nombre": "ALEJANDRO", 
"ultimoCurso": "2008-01-01", 
"nacimiento": "1992-11-21", 
"municipio": null, 
"padre": 2520, 
"numeroCalle": "23", 
"cip": "", 
"localidad": "PUERTO DE LA CRUZ"
}
}, 
{
"pk": 649, 
"model": "akademic.alumno", 
"fields": {
"escaleraPisoPuerta": "6-6-", 
"cial": "A93A27009J", 
"apellidos": "MARRERO MART\u00cdN", 
"minusvalia": null, 
"porcentajeMinusvalia": 0, 
"paisNacimiento": 1, 
"lugarNacimientoExtranjero": "", 
"codPostal": "38000", 
"domicilio": "", 
"provincia": 38, 
"matriculado": true, 
"municipioNacimiento": 59, 
"dni": "11112579", 
"potestadPadre": true, 
"madre": 421, 
"islaNacimiento": 7, 
"isla": 7, 
"nacionalidad": 1, 
"primerCurso": "2002-01-01", 
"email": "", 
"fax": null, 
"registro": 665, 
"telefonoMovil": null, 
"tipoVia": null, 
"sexo": true, 
"potestadMadre": true, 
"provinciaNacimiento": 38, 
"nombre": "MIGUEL", 
"ultimoCurso": "2008-01-01", 
"nacimiento": "1993-10-27", 
"municipio": null, 
"padre": 2349, 
"numeroCalle": "1", 
"cip": "", 
"localidad": "LOCALIDAD DE RESIDENCIA"
}
}, 
{
"pk": 1648, 
"model": "akademic.alumno", 
"fields": {
"escaleraPisoPuerta": "2 IZQ", 
"cial": "", 
"apellidos": "MARTEL FLORES", 
"minusvalia": null, 
"porcentajeMinusvalia": 0, 
"paisNacimiento": 1, 
"lugarNacimientoExtranjero": "", 
"codPostal": "38000", 
"domicilio": "", 
"provincia": 38, 
"matriculado": true, 
"municipioNacimiento": 69, 
"dni": "11115405", 
"potestadPadre": true, 
"madre": 2405, 
"islaNacimiento": 7, 
"isla": 7, 
"nacionalidad": 1, 
"primerCurso": "2007-01-01", 
"email": "", 
"fax": null, 
"registro": 1687, 
"telefonoMovil": null, 
"tipoVia": null, 
"sexo": false, 
"potestadMadre": true, 
"provinciaNacimiento": 38, 
"nombre": "JACQUELINE", 
"ultimoCurso": "2007-01-01", 
"nacimiento": "2004-05-08", 
"municipio": null, 
"padre": 2404, 
"numeroCalle": "6", 
"cip": "", 
"localidad": "LOCALIDAD DE RESIDENCIA"
}
}, 
{
"pk": 832, 
"model": "akademic.alumno", 
"fields": {
"escaleraPisoPuerta": "2\u00ba", 
"cial": "A95F41009Q", 
"apellidos": "MARTEL FLORES", 
"minusvalia": null, 
"porcentajeMinusvalia": 0, 
"paisNacimiento": 1, 
"lugarNacimientoExtranjero": "", 
"codPostal": "38000", 
"domicilio": "", 
"provincia": 38, 
"matriculado": true, 
"municipioNacimiento": 81, 
"dni": "11115417", 
"potestadPadre": true, 
"madre": 317, 
"islaNacimiento": 7, 
"isla": 7, 
"nacionalidad": 1, 
"primerCurso": "2002-01-01", 
"email": "", 
"fax": null, 
"registro": 860, 
"telefonoMovil": null, 
"tipoVia": null, 
"sexo": false, 
"potestadMadre": true, 
"provinciaNacimiento": 38, 
"nombre": "VICTORIA", 
"ultimoCurso": "2008-01-01", 
"nacimiento": "1995-12-01", 
"municipio": null, 
"padre": 316, 
"numeroCalle": "36", 
"cip": "", 
"localidad": "LA VICTORIA"
}
}, 
{
"pk": 1063, 
"model": "akademic.alumno", 
"fields": {
"escaleraPisoPuerta": "", 
"cial": "A95M07013C", 
"apellidos": "MARTIN RAMON", 
"minusvalia": null, 
"porcentajeMinusvalia": 0, 
"paisNacimiento": 1, 
"lugarNacimientoExtranjero": "", 
"codPostal": "38000", 
"domicilio": "", 
"provincia": 38, 
"matriculado": true, 
"municipioNacimiento": 88, 
"dni": "11112345", 
"potestadPadre": true, 
"madre": 1565, 
"islaNacimiento": 7, 
"isla": 7, 
"nacionalidad": 1, 
"primerCurso": "2003-01-01", 
"email": "", 
"fax": null, 
"registro": 1096, 
"telefonoMovil": null, 
"tipoVia": null, 
"sexo": true, 
"potestadMadre": true, 
"provinciaNacimiento": 38, 
"nombre": "ADASAT", 
"ultimoCurso": "2008-01-01", 
"nacimiento": "1995-04-07", 
"municipio": null, 
"padre": 1564, 
"numeroCalle": "29", 
"cip": "", 
"localidad": "LOCALIDAD DE RESIDENCIA"
}
}, 
{
"pk": 1736, 
"model": "akademic.alumno", 
"fields": {
"escaleraPisoPuerta": "B", 
"cial": "A96X02029B", 
"apellidos": "MART\u00cdN PACHECO", 
"minusvalia": null, 
"porcentajeMinusvalia": 0, 
"paisNacimiento": 1, 
"lugarNacimientoExtranjero": "", 
"codPostal": "38000", 
"domicilio": "", 
"provincia": 38, 
"matriculado": true, 
"municipioNacimiento": 55, 
"dni": "11111471", 
"potestadPadre": true, 
"madre": 2532, 
"islaNacimiento": 7, 
"isla": 7, 
"nacionalidad": 1, 
"primerCurso": "2008-01-01", 
"email": "", 
"fax": null, 
"registro": 1775, 
"telefonoMovil": null, 
"tipoVia": null, 
"sexo": true, 
"potestadMadre": true, 
"provinciaNacimiento": 38, 
"nombre": "ANTONIO", 
"ultimoCurso": "2008-01-01", 
"nacimiento": "1996-02-02", 
"municipio": null, 
"padre": 2531, 
"numeroCalle": "1", 
"cip": "", 
"localidad": "SAN CRISTOBAL DE LA LAGUNA"
}
}, 
{
"pk": 865, 
"model": "akademic.alumno", 
"fields": {
"escaleraPisoPuerta": "4\u00baB", 
"cial": "A95C30012M", 
"apellidos": "MART\u00cdN PACHECO", 
"minusvalia": null, 
"porcentajeMinusvalia": 0, 
"paisNacimiento": 1, 
"lugarNacimientoExtranjero": "", 
"codPostal": "38000", 
"domicilio": "", 
"provincia": 38, 
"matriculado": true, 
"municipioNacimiento": 59, 
"dni": "11112056", 
"potestadPadre": true, 
"madre": 812, 
"islaNacimiento": 7, 
"isla": 7, 
"nacionalidad": 1, 
"primerCurso": "2002-01-01", 
"email": "", 
"fax": null, 
"registro": 893, 
"telefonoMovil": null, 
"tipoVia": null, 
"sexo": true, 
"potestadMadre": true, 
"provinciaNacimiento": 38, 
"nombre": "MARCELO", 
"ultimoCurso": "2008-01-01", 
"nacimiento": "1995-11-30", 
"municipio": null, 
"padre": 811, 
"numeroCalle": "44", 
"cip": "", 
"localidad": "LOCALIDAD DE RESIDENCIA"
}
}, 
{
"pk": 822, 
"model": "akademic.alumno", 
"fields": {
"escaleraPisoPuerta": "2\u00ba-", 
"cial": "A96A30008D", 
"apellidos": "MESA HERNANDEZ", 
"minusvalia": null, 
"porcentajeMinusvalia": 0, 
"paisNacimiento": 1, 
"lugarNacimientoExtranjero": "", 
"codPostal": "38000", 
"domicilio": "", 
"provincia": 38, 
"matriculado": true, 
"municipioNacimiento": 59, 
"dni": "11111791", 
"potestadPadre": true, 
"madre": 1317, 
"islaNacimiento": 7, 
"isla": 7, 
"nacionalidad": 1, 
"primerCurso": "2002-01-01", 
"email": "", 
"fax": null, 
"registro": 849, 
"telefonoMovil": null, 
"tipoVia": null, 
"sexo": true, 
"potestadMadre": true, 
"provinciaNacimiento": 38, 
"nombre": "SERGIO", 
"ultimoCurso": "2008-01-01", 
"nacimiento": "1996-01-18", 
"municipio": null, 
"padre": 1316, 
"numeroCalle": "-426", 
"cip": "", 
"localidad": "LOCALIDAD DE RESIDENCIA"
}
}, 
{
"pk": 685, 
"model": "akademic.alumno", 
"fields": {
"escaleraPisoPuerta": "-", 
"cial": "A96X13011G", 
"apellidos": "MILLA GONZALEZ", 
"minusvalia": null, 
"porcentajeMinusvalia": 0, 
"paisNacimiento": 1, 
"lugarNacimientoExtranjero": "", 
"codPostal": "38000", 
"domicilio": "", 
"provincia": 38, 
"matriculado": true, 
"municipioNacimiento": 59, 
"dni": "11111310", 
"potestadPadre": true, 
"madre": 20, 
"islaNacimiento": 7, 
"isla": 7, 
"nacionalidad": 1, 
"primerCurso": "2002-01-01", 
"email": "", 
"fax": null, 
"registro": 706, 
"telefonoMovil": null, 
"tipoVia": null, 
"sexo": true, 
"potestadMadre": true, 
"provinciaNacimiento": 38, 
"nombre": "JORGE", 
"ultimoCurso": "2008-01-01", 
"nacimiento": "1996-02-13", 
"municipio": null, 
"padre": 19, 
"numeroCalle": "9", 
"cip": "", 
"localidad": "PUERTO DE LA CRUZ"
}
}, 
{
"pk": 1735, 
"model": "akademic.alumno", 
"fields": {
"escaleraPisoPuerta": "", 
"cial": "A96H24022S", 
"apellidos": "PACHECO HERN\u00c1NDEZ", 
"minusvalia": null, 
"porcentajeMinusvalia": 0, 
"paisNacimiento": 1, 
"lugarNacimientoExtranjero": "", 
"codPostal": "38000", 
"domicilio": "", 
"provincia": 38, 
"matriculado": true, 
"municipioNacimiento": 59, 
"dni": "11111151", 
"potestadPadre": true, 
"madre": 2530, 
"islaNacimiento": 7, 
"isla": 7, 
"nacionalidad": 1, 
"primerCurso": "2008-01-01", 
"email": "", 
"fax": null, 
"registro": 1774, 
"telefonoMovil": null, 
"tipoVia": null, 
"sexo": true, 
"potestadMadre": true, 
"provinciaNacimiento": 38, 
"nombre": "SERGIO", 
"ultimoCurso": "2008-01-01", 
"nacimiento": "1996-06-24", 
"municipio": null, 
"padre": 2529, 
"numeroCalle": "16", 
"cip": "", 
"localidad": "AGUAMANSA"
}
}, 
{
"pk": 692, 
"model": "akademic.alumno", 
"fields": {
"escaleraPisoPuerta": " -", 
"cial": "A96T19014D", 
"apellidos": "PAEZ BARROSO", 
"minusvalia": null, 
"porcentajeMinusvalia": 0, 
"paisNacimiento": 1, 
"lugarNacimientoExtranjero": "", 
"codPostal": "38000", 
"domicilio": "", 
"provincia": 38, 
"matriculado": true, 
"municipioNacimiento": 59, 
"dni": "11111660", 
"potestadPadre": true, 
"madre": 41, 
"islaNacimiento": 7, 
"isla": 7, 
"nacionalidad": 1, 
"primerCurso": "2002-01-01", 
"email": "", 
"fax": null, 
"registro": 714, 
"telefonoMovil": null, 
"tipoVia": null, 
"sexo": true, 
"potestadMadre": true, 
"provinciaNacimiento": 38, 
"nombre": "IVAN", 
"ultimoCurso": "2008-01-01", 
"nacimiento": "1996-07-19", 
"municipio": null, 
"padre": 40, 
"numeroCalle": "46", 
"cip": "", 
"localidad": "LOCALIDAD DE RESIDENCIA"
}
}, 
{
"pk": 143, 
"model": "akademic.alumno", 
"fields": {
"escaleraPisoPuerta": "D-3", 
"cial": "A94F24012X", 
"apellidos": "POVEDANO FLORENT\u00cdN", 
"minusvalia": null, 
"porcentajeMinusvalia": 0, 
"paisNacimiento": 1, 
"lugarNacimientoExtranjero": "", 
"codPostal": "38000", 
"domicilio": "", 
"provincia": 38, 
"matriculado": true, 
"municipioNacimiento": 1, 
"dni": "11112212", 
"potestadPadre": true, 
"madre": 2322, 
"islaNacimiento": null, 
"isla": 7, 
"nacionalidad": 1, 
"primerCurso": "2000-01-01", 
"email": "", 
"fax": null, 
"registro": 152, 
"telefonoMovil": null, 
"tipoVia": null, 
"sexo": true, 
"potestadMadre": true, 
"provinciaNacimiento": 39, 
"nombre": "JORGE", 
"ultimoCurso": "2008-01-01", 
"nacimiento": "1994-12-24", 
"municipio": null, 
"padre": 289, 
"numeroCalle": "16", 
"cip": "", 
"localidad": "LOCALIDAD DE RESIDENCIA"
}
}, 
{
"pk": 1644, 
"model": "akademic.alumno", 
"fields": {
"escaleraPisoPuerta": "5\u00baD-P-1", 
"cial": "", 
"apellidos": "P\u00c1EZ HERN\u00c1NDEZ", 
"minusvalia": null, 
"porcentajeMinusvalia": 0, 
"paisNacimiento": 1, 
"lugarNacimientoExtranjero": "", 
"codPostal": "38000", 
"domicilio": "", 
"provincia": 53, 
"matriculado": true, 
"municipioNacimiento": 59, 
"dni": "11111528", 
"potestadPadre": true, 
"madre": 2403, 
"islaNacimiento": 7, 
"isla": null, 
"nacionalidad": 1, 
"primerCurso": "2007-01-01", 
"email": "", 
"fax": null, 
"registro": 1683, 
"telefonoMovil": null, 
"tipoVia": null, 
"sexo": true, 
"potestadMadre": true, 
"provinciaNacimiento": 38, 
"nombre": "MIGUEL ANGEL", 
"ultimoCurso": "2007-01-01", 
"nacimiento": "2004-04-14", 
"municipio": null, 
"padre": 2402, 
"numeroCalle": "5", 
"cip": "", 
"localidad": "LOCALIDAD DE RESIDENCIA"
}
}, 
{
"pk": 1645, 
"model": "akademic.alumno", 
"fields": {
"escaleraPisoPuerta": "-", 
"cial": "", 
"apellidos": "P\u00c9REZ BRAVO", 
"minusvalia": null, 
"porcentajeMinusvalia": 0, 
"paisNacimiento": 1, 
"lugarNacimientoExtranjero": "", 
"codPostal": "38000", 
"domicilio": "", 
"provincia": 38, 
"matriculado": true, 
"municipioNacimiento": 59, 
"dni": "11115394", 
"potestadPadre": true, 
"madre": 1834, 
"islaNacimiento": 7, 
"isla": 7, 
"nacionalidad": 1, 
"primerCurso": "2007-01-01", 
"email": "", 
"fax": null, 
"registro": 1684, 
"telefonoMovil": null, 
"tipoVia": null, 
"sexo": false, 
"potestadMadre": true, 
"provinciaNacimiento": 38, 
"nombre": "CLAUDIA", 
"ultimoCurso": "2007-01-01", 
"nacimiento": "2004-10-31", 
"municipio": null, 
"padre": 1833, 
"numeroCalle": "4", 
"cip": "", 
"localidad": "LOS REALEJOS"
}
}, 
{
"pk": 696, 
"model": "akademic.alumno", 
"fields": {
"escaleraPisoPuerta": "B", 
"cial": "A96B70013X", 
"apellidos": "P\u00c9REZ GUTI\u00c9RREZ", 
"minusvalia": null, 
"porcentajeMinusvalia": 0, 
"paisNacimiento": 1, 
"lugarNacimientoExtranjero": "", 
"codPostal": "38000", 
"domicilio": "", 
"provincia": 38, 
"matriculado": true, 
"municipioNacimiento": 57, 
"dni": "11115517", 
"potestadPadre": true, 
"madre": 489, 
"islaNacimiento": 7, 
"isla": 7, 
"nacionalidad": 1, 
"primerCurso": "2002-01-01", 
"email": "", 
"fax": null, 
"registro": 718, 
"telefonoMovil": null, 
"tipoVia": null, 
"sexo": false, 
"potestadMadre": true, 
"provinciaNacimiento": 38, 
"nombre": "MIRIAM", 
"ultimoCurso": "2008-01-01", 
"nacimiento": "1996-01-30", 
"municipio": null, 
"padre": 488, 
"numeroCalle": "54", 
"cip": "", 
"localidad": "LA MATANZA"
}
}, 
{
"pk": 688, 
"model": "akademic.alumno", 
"fields": {
"escaleraPisoPuerta": "-", 
"cial": "A96P28009D", 
"apellidos": "P\u00c9REZ P\u00c9REZ", 
"minusvalia": null, 
"porcentajeMinusvalia": 0, 
"paisNacimiento": 1, 
"lugarNacimientoExtranjero": "", 
"codPostal": "38000", 
"domicilio": "", 
"provincia": 38, 
"matriculado": true, 
"municipioNacimiento": 59, 
"dni": "11111537", 
"potestadPadre": true, 
"madre": 477, 
"islaNacimiento": 7, 
"isla": 7, 
"nacionalidad": 1, 
"primerCurso": "2002-01-01", 
"email": "", 
"fax": null, 
"registro": 710, 
"telefonoMovil": null, 
"tipoVia": null, 
"sexo": true, 
"potestadMadre": true, 
"provinciaNacimiento": 38, 
"nombre": "CHRISTIAN", 
"ultimoCurso": "2008-01-01", 
"nacimiento": "1996-05-28", 
"municipio": null, 
"padre": 476, 
"numeroCalle": " 27", 
"cip": "", 
"localidad": "LOS REALEJOS"
}
}, 
{
"pk": 664, 
"model": "akademic.alumno", 
"fields": {
"escaleraPisoPuerta": "-", 
"cial": "A93L28013C", 
"apellidos": "RAMOS GARC\u00cdA", 
"minusvalia": null, 
"porcentajeMinusvalia": 0, 
"paisNacimiento": 1, 
"lugarNacimientoExtranjero": "", 
"codPostal": "38000", 
"domicilio": "", 
"provincia": 38, 
"matriculado": true, 
"municipioNacimiento": 88, 
"dni": "11112534", 
"potestadPadre": true, 
"madre": 447, 
"islaNacimiento": 7, 
"isla": 7, 
"nacionalidad": 1, 
"primerCurso": "2002-01-01", 
"email": "", 
"fax": null, 
"registro": 680, 
"telefonoMovil": null, 
"tipoVia": null, 
"sexo": true, 
"potestadMadre": true, 
"provinciaNacimiento": 38, 
"nombre": "MOIS\u00c9S", 
"ultimoCurso": "2008-01-01", 
"nacimiento": "1993-08-28", 
"municipio": null, 
"padre": 446, 
"numeroCalle": "55", 
"cip": "", 
"localidad": "PUERTO DE LA CRUZ"
}
}, 
{
"pk": 1421, 
"model": "akademic.alumno", 
"fields": {
"escaleraPisoPuerta": "", 
"cial": "A96L41023L", 
"apellidos": "RAMOS GONZ\u00c1LEZ", 
"minusvalia": null, 
"porcentajeMinusvalia": 0, 
"paisNacimiento": 1, 
"lugarNacimientoExtranjero": "", 
"codPostal": "38000", 
"domicilio": "", 
"provincia": 38, 
"matriculado": true, 
"municipioNacimiento": 69, 
"dni": "11115622", 
"potestadPadre": true, 
"madre": 2054, 
"islaNacimiento": 7, 
"isla": 7, 
"nacionalidad": 1, 
"primerCurso": "2005-01-01", 
"email": "", 
"fax": null, 
"registro": 1456, 
"telefonoMovil": null, 
"tipoVia": null, 
"sexo": false, 
"potestadMadre": true, 
"provinciaNacimiento": 38, 
"nombre": "SOF\u00cdA", 
"ultimoCurso": "2008-01-01", 
"nacimiento": "1996-01-08", 
"municipio": null, 
"padre": 2053, 
"numeroCalle": "12", 
"cip": "", 
"localidad": "LOCALIDAD DE RESIDENCIA"
}
}, 
{
"pk": 842, 
"model": "akademic.alumno", 
"fields": {
"escaleraPisoPuerta": "1P-PE4", 
"cial": "A95F67008T", 
"apellidos": "ROBLES ABREU", 
"minusvalia": null, 
"porcentajeMinusvalia": 0, 
"paisNacimiento": 1, 
"lugarNacimientoExtranjero": "", 
"codPostal": "38000", 
"domicilio": "", 
"provincia": 38, 
"matriculado": true, 
"municipioNacimiento": 81, 
"dni": "11111554", 
"potestadPadre": true, 
"madre": 774, 
"islaNacimiento": 7, 
"isla": 7, 
"nacionalidad": 1, 
"primerCurso": "2002-01-01", 
"email": "", 
"fax": null, 
"registro": 870, 
"telefonoMovil": null, 
"tipoVia": null, 
"sexo": true, 
"potestadMadre": true, 
"provinciaNacimiento": 38, 
"nombre": "NAUZET", 
"ultimoCurso": "2008-01-01", 
"nacimiento": "1995-12-27", 
"municipio": null, 
"padre": 773, 
"numeroCalle": "b-b", 
"cip": "", 
"localidad": "LA VICTORIA"
}
}, 
{
"pk": 855, 
"model": "akademic.alumno", 
"fields": {
"escaleraPisoPuerta": "-", 
"cial": "A95X19007Z", 
"apellidos": "RODRIGUEZ FLORES", 
"minusvalia": null, 
"porcentajeMinusvalia": 0, 
"paisNacimiento": 1, 
"lugarNacimientoExtranjero": "", 
"codPostal": "38000", 
"domicilio": "", 
"provincia": 38, 
"matriculado": true, 
"municipioNacimiento": 59, 
"dni": "11111847", 
"potestadPadre": true, 
"madre": 793, 
"islaNacimiento": 7, 
"isla": 7, 
"nacionalidad": 1, 
"primerCurso": "2002-01-01", 
"email": "", 
"fax": null, 
"registro": 883, 
"telefonoMovil": null, 
"tipoVia": null, 
"sexo": true, 
"potestadMadre": true, 
"provinciaNacimiento": 38, 
"nombre": "MIGUEL ANGEL", 
"ultimoCurso": "2008-01-01", 
"nacimiento": "1995-02-19", 
"municipio": null, 
"padre": 792, 
"numeroCalle": "4", 
"cip": "", 
"localidad": "LOCALIDAD DE RESIDENCIA"
}
}, 
{
"pk": 1647, 
"model": "akademic.alumno", 
"fields": {
"escaleraPisoPuerta": "29", 
"cial": "", 
"apellidos": "RODRIGUEZ GARCIA", 
"minusvalia": null, 
"porcentajeMinusvalia": 0, 
"paisNacimiento": 1, 
"lugarNacimientoExtranjero": "", 
"codPostal": "38000", 
"domicilio": "", 
"provincia": 38, 
"matriculado": true, 
"municipioNacimiento": 57, 
"dni": "11111646", 
"potestadPadre": true, 
"madre": 2234, 
"islaNacimiento": 7, 
"isla": 7, 
"nacionalidad": 1, 
"primerCurso": "2007-01-01", 
"email": "", 
"fax": null, 
"registro": 1686, 
"telefonoMovil": null, 
"tipoVia": null, 
"sexo": true, 
"potestadMadre": true, 
"provinciaNacimiento": 38, 
"nombre": "JAVIER", 
"ultimoCurso": "2007-01-01", 
"nacimiento": "2004-12-14", 
"municipio": null, 
"padre": 2233, 
"numeroCalle": "40", 
"cip": "", 
"localidad": "LA MATANZA"
}
}, 
{
"pk": 1652, 
"model": "akademic.alumno", 
"fields": {
"escaleraPisoPuerta": "3\u00ba", 
"cial": "", 
"apellidos": "RODRIGUEZ MCCULLOUGH", 
"minusvalia": null, 
"porcentajeMinusvalia": 0, 
"paisNacimiento": 1, 
"lugarNacimientoExtranjero": "", 
"codPostal": "38000", 
"domicilio": "", 
"provincia": 38, 
"matriculado": true, 
"municipioNacimiento": 59, 
"dni": "11111700", 
"potestadPadre": true, 
"madre": 2336, 
"islaNacimiento": 7, 
"isla": 7, 
"nacionalidad": 1, 
"primerCurso": "2007-01-01", 
"email": "", 
"fax": null, 
"registro": 1691, 
"telefonoMovil": null, 
"tipoVia": null, 
"sexo": true, 
"potestadMadre": true, 
"provinciaNacimiento": 38, 
"nombre": "OMAR", 
"ultimoCurso": "2007-01-01", 
"nacimiento": "2004-01-09", 
"municipio": null, 
"padre": 2410, 
"numeroCalle": "57", 
"cip": "", 
"localidad": "LOCALIDAD DE RESIDENCIA"
}
}, 
{
"pk": 1819, 
"model": "akademic.alumno", 
"fields": {
"escaleraPisoPuerta": "C4", 
"cial": "", 
"apellidos": "RODR\u00cdGUEZ GONZ\u00c1LEZ", 
"minusvalia": null, 
"porcentajeMinusvalia": 0, 
"paisNacimiento": 61, 
"lugarNacimientoExtranjero": "", 
"codPostal": "38000", 
"domicilio": "", 
"provincia": 38, 
"matriculado": true, 
"municipioNacimiento": 1, 
"dni": "11115375", 
"potestadPadre": true, 
"madre": null, 
"islaNacimiento": null, 
"isla": 7, 
"nacionalidad": 61, 
"primerCurso": "2008-01-01", 
"email": "", 
"fax": null, 
"registro": 1858, 
"telefonoMovil": null, 
"tipoVia": null, 
"sexo": false, 
"potestadMadre": false, 
"provinciaNacimiento": 53, 
"nombre": "ELENA", 
"ultimoCurso": "2008-01-01", 
"nacimiento": "1996-08-01", 
"municipio": null, 
"padre": 2628, 
"numeroCalle": "2", 
"cip": "", 
"localidad": "PUERTO DE LA CRUZ"
}
}, 
{
"pk": 647, 
"model": "akademic.alumno", 
"fields": {
"escaleraPisoPuerta": "-", 
"cial": "A92L05015Q", 
"apellidos": "ROMERO GONZ\u00c1LEZ", 
"minusvalia": null, 
"porcentajeMinusvalia": 0, 
"paisNacimiento": 1, 
"lugarNacimientoExtranjero": "", 
"codPostal": "38000", 
"domicilio": "", 
"provincia": 38, 
"matriculado": true, 
"municipioNacimiento": 81, 
"dni": "11111612", 
"potestadPadre": false, 
"madre": 416, 
"islaNacimiento": 7, 
"isla": 7, 
"nacionalidad": 1, 
"primerCurso": "2002-01-01", 
"email": "", 
"fax": null, 
"registro": 662, 
"telefonoMovil": null, 
"tipoVia": null, 
"sexo": true, 
"potestadMadre": true, 
"provinciaNacimiento": 38, 
"nombre": "FABI\u00c1N", 
"ultimoCurso": "2008-01-01", 
"nacimiento": "1992-08-05", 
"municipio": null, 
"padre": 415, 
"numeroCalle": "59", 
"cip": "", 
"localidad": "LA VI CTORIA"
}
}, 
{
"pk": 1055, 
"model": "akademic.alumno", 
"fields": {
"escaleraPisoPuerta": "", 
"cial": "A96A24008N", 
"apellidos": "RONZONI SICILIA", 
"minusvalia": null, 
"porcentajeMinusvalia": 0, 
"paisNacimiento": 1, 
"lugarNacimientoExtranjero": "", 
"codPostal": "38000", 
"domicilio": "", 
"provincia": 38, 
"matriculado": true, 
"municipioNacimiento": 88, 
"dni": "11111249", 
"potestadPadre": false, 
"madre": 1553, 
"islaNacimiento": 7, 
"isla": 7, 
"nacionalidad": 1, 
"primerCurso": "2003-01-01", 
"email": "", 
"fax": null, 
"registro": 1088, 
"telefonoMovil": null, 
"tipoVia": null, 
"sexo": true, 
"potestadMadre": true, 
"provinciaNacimiento": 38, 
"nombre": "JAVIER", 
"ultimoCurso": "2008-01-01", 
"nacimiento": "1996-10-24", 
"municipio": null, 
"padre": 1552, 
"numeroCalle": "  42", 
"cip": "", 
"localidad": "LOCALIDAD DE RESIDENCIA   669769485"
}
}, 
{
"pk": 1608, 
"model": "akademic.alumno", 
"fields": {
"escaleraPisoPuerta": "-", 
"cial": "A93T09010R", 
"apellidos": "SANDOVAL GUTI\u00c9RREZ", 
"minusvalia": null, 
"porcentajeMinusvalia": 0, 
"paisNacimiento": 1, 
"lugarNacimientoExtranjero": "", 
"codPostal": "38000", 
"domicilio": "", 
"provincia": 38, 
"matriculado": true, 
"municipioNacimiento": 83, 
"dni": "11111543", 
"potestadPadre": true, 
"madre": null, 
"islaNacimiento": 7, 
"isla": 7, 
"nacionalidad": 1, 
"primerCurso": "2006-01-01", 
"email": "", 
"fax": null, 
"registro": 1646, 
"telefonoMovil": null, 
"tipoVia": null, 
"sexo": true, 
"potestadMadre": false, 
"provinciaNacimiento": 38, 
"nombre": "ROM\u00c1N", 
"ultimoCurso": "2008-01-01", 
"nacimiento": "1993-07-09", 
"municipio": null, 
"padre": null, 
"numeroCalle": "1", 
"cip": "", 
"localidad": "LOCALIDAD DE RESIDENCIA"
}
}, 
{
"pk": 1350, 
"model": "akademic.alumno", 
"fields": {
"escaleraPisoPuerta": "P-2P-30", 
"cial": "A91L26022Q", 
"apellidos": "SOSA QUINTERO", 
"minusvalia": null, 
"porcentajeMinusvalia": 0, 
"paisNacimiento": 1, 
"lugarNacimientoExtranjero": "", 
"codPostal": "38000", 
"domicilio": "", 
"provincia": 38, 
"matriculado": true, 
"municipioNacimiento": 88, 
"dni": "11112476", 
"potestadPadre": true, 
"madre": 1944, 
"islaNacimiento": 7, 
"isla": 7, 
"nacionalidad": 1, 
"primerCurso": "2004-01-01", 
"email": "", 
"fax": null, 
"registro": 1383, 
"telefonoMovil": null, 
"tipoVia": null, 
"sexo": true, 
"potestadMadre": true, 
"provinciaNacimiento": 38, 
"nombre": "ESTEBAN", 
"ultimoCurso": "2008-01-01", 
"nacimiento": "1991-08-26", 
"municipio": null, 
"padre": 1943, 
"numeroCalle": "8", 
"cip": "", 
"localidad": "LOCALIDAD DE RESIDENCIA"
}
}, 
{
"pk": 1725, 
"model": "akademic.alumno", 
"fields": {
"escaleraPisoPuerta": "-", 
"cial": "", 
"apellidos": "SU\u00c1REZ ACOSTA", 
"minusvalia": null, 
"porcentajeMinusvalia": 0, 
"paisNacimiento": 1, 
"lugarNacimientoExtranjero": "", 
"codPostal": "38000", 
"domicilio": "", 
"provincia": 38, 
"matriculado": true, 
"municipioNacimiento": 86, 
"dni": "11112408", 
"potestadPadre": true, 
"madre": 2506, 
"islaNacimiento": 7, 
"isla": 7, 
"nacionalidad": 1, 
"primerCurso": "2007-01-01", 
"email": "", 
"fax": null, 
"registro": 1764, 
"telefonoMovil": null, 
"tipoVia": null, 
"sexo": true, 
"potestadMadre": true, 
"provinciaNacimiento": 38, 
"nombre": "ALEJANDRO", 
"ultimoCurso": "2008-01-01", 
"nacimiento": "1995-06-26", 
"municipio": null, 
"padre": 2511, 
"numeroCalle": "5", 
"cip": "", 
"localidad": "PUERTO DE LA CRUZ"
}
}, 
{
"pk": 843, 
"model": "akademic.alumno", 
"fields": {
"escaleraPisoPuerta": "4", 
"cial": "A95R18013G", 
"apellidos": "TRUJILLO G\u00d3MEZ", 
"minusvalia": null, 
"porcentajeMinusvalia": 0, 
"paisNacimiento": 1, 
"lugarNacimientoExtranjero": "", 
"codPostal": "38000", 
"domicilio": "", 
"provincia": 38, 
"matriculado": true, 
"municipioNacimiento": 59, 
"dni": "11111562", 
"potestadPadre": true, 
"madre": 776, 
"islaNacimiento": 7, 
"isla": 7, 
"nacionalidad": 1, 
"primerCurso": "2002-01-01", 
"email": "", 
"fax": null, 
"registro": 871, 
"telefonoMovil": null, 
"tipoVia": null, 
"sexo": true, 
"potestadMadre": true, 
"provinciaNacimiento": 38, 
"nombre": "RUB\u00c9N SANTIAGO", 
"ultimoCurso": "2008-01-01", 
"nacimiento": "1995-09-18", 
"municipio": null, 
"padre": 775, 
"numeroCalle": "12", 
"cip": "", 
"localidad": "LOCALIDAD DE RESIDENCIA"
}
}, 
{
"pk": 660, 
"model": "akademic.alumno", 
"fields": {
"escaleraPisoPuerta": "-", 
"cial": "A92L22016Q", 
"apellidos": "Z\u00c1RATE TRUJILLO", 
"minusvalia": null, 
"porcentajeMinusvalia": 0, 
"paisNacimiento": 1, 
"lugarNacimientoExtranjero": "", 
"codPostal": "38000", 
"domicilio": "", 
"provincia": 38, 
"matriculado": true, 
"municipioNacimiento": 59, 
"dni": "11112227", 
"potestadPadre": true, 
"madre": 440, 
"islaNacimiento": 7, 
"isla": 7, 
"nacionalidad": 1, 
"primerCurso": "2002-01-01", 
"email": "", 
"fax": null, 
"registro": 676, 
"telefonoMovil": null, 
"tipoVia": null, 
"sexo": true, 
"potestadMadre": true, 
"provinciaNacimiento": 38, 
"nombre": "JAVIER", 
"ultimoCurso": "2008-01-01", 
"nacimiento": "1992-08-22", 
"municipio": null, 
"padre": 439, 
"numeroCalle": "18", 
"cip": "", 
"localidad": "LOCALIDAD DE RESIDENCIA"
}
}, 
{
"pk": 1720, 
"model": "akademic.alumno", 
"fields": {
"escaleraPisoPuerta": "-", 
"cial": "A95M28016A", 
"apellidos": "\u00c1LVAREZ GALLARDO", 
"minusvalia": null, 
"porcentajeMinusvalia": 0, 
"paisNacimiento": 1, 
"lugarNacimientoExtranjero": "", 
"codPostal": "38000", 
"domicilio": "", 
"provincia": 38, 
"matriculado": true, 
"municipioNacimiento": 59, 
"dni": "11111384", 
"potestadPadre": true, 
"madre": 2503, 
"islaNacimiento": 7, 
"isla": 7, 
"nacionalidad": 1, 
"primerCurso": "2007-01-01", 
"email": "", 
"fax": null, 
"registro": 1759, 
"telefonoMovil": null, 
"tipoVia": null, 
"sexo": true, 
"potestadMadre": true, 
"provinciaNacimiento": 38, 
"nombre": "DANIEL EUGENIO", 
"ultimoCurso": "2008-01-01", 
"nacimiento": "1995-04-28", 
"municipio": null, 
"padre": 2502, 
"numeroCalle": "4", 
"cip": "", 
"localidad": "LOCALIDAD DE RESIDENCIA"
}
}, 
{
"pk": 1704, 
"model": "akademic.alumno", 
"fields": {
"escaleraPisoPuerta": "-", 
"cial": "", 
"apellidos": "\u00c1LVAREZ VERGARA", 
"minusvalia": null, 
"porcentajeMinusvalia": 0, 
"paisNacimiento": 1, 
"lugarNacimientoExtranjero": "", 
"codPostal": "38000", 
"domicilio": "", 
"provincia": 38, 
"matriculado": true, 
"municipioNacimiento": 59, 
"dni": "11111408", 
"potestadPadre": true, 
"madre": 2482, 
"islaNacimiento": 7, 
"isla": 7, 
"nacionalidad": 1, 
"primerCurso": "2007-01-01", 
"email": "", 
"fax": null, 
"registro": 1743, 
"telefonoMovil": null, 
"tipoVia": null, 
"sexo": true, 
"potestadMadre": true, 
"provinciaNacimiento": 38, 
"nombre": "AIR\u00c1M", 
"ultimoCurso": "2007-01-01", 
"nacimiento": "2004-06-03", 
"municipio": null, 
"padre": 2481, 
"numeroCalle": "9", 
"cip": "", 
"localidad": "LOCALIDAD DE RESIDENCIA"
}
}, 
{
"pk": 183, 
"model": "akademic.falta", 
"fields": {
"hora": 11, 
"alumno": 688, 
"asignatura": 827, 
"fecha": "2008-09-23", 
"notificadoSMS": false
}
}, 
{
"pk": 184, 
"model": "akademic.falta", 
"fields": {
"hora": 10, 
"alumno": 1734, 
"asignatura": 827, 
"fecha": "2008-09-25", 
"notificadoSMS": false
}
}, 
{
"pk": 188, 
"model": "akademic.falta", 
"fields": {
"hora": 10, 
"alumno": 1055, 
"asignatura": 827, 
"fecha": "2008-10-02", 
"notificadoSMS": false
}
}, 
{
"pk": 197, 
"model": "akademic.falta", 
"fields": {
"hora": 6, 
"alumno": 697, 
"asignatura": 827, 
"fecha": "2008-10-17", 
"notificadoSMS": false
}
}, 
{
"pk": 222, 
"model": "akademic.falta", 
"fields": {
"hora": 10, 
"alumno": 1725, 
"asignatura": 827, 
"fecha": "2008-10-09", 
"notificadoSMS": false
}
}, 
{
"pk": 260, 
"model": "akademic.falta", 
"fields": {
"hora": 7, 
"alumno": 1733, 
"asignatura": 827, 
"fecha": "2008-09-26", 
"notificadoSMS": false
}
}, 
{
"pk": 264, 
"model": "akademic.falta", 
"fields": {
"hora": 7, 
"alumno": 649, 
"asignatura": 249, 
"fecha": "2008-10-10", 
"notificadoSMS": false
}
}, 
{
"pk": 265, 
"model": "akademic.falta", 
"fields": {
"hora": 7, 
"alumno": 843, 
"asignatura": 827, 
"fecha": "2008-10-06", 
"notificadoSMS": false
}
}, 
{
"pk": 267, 
"model": "akademic.falta", 
"fields": {
"hora": 7, 
"alumno": 695, 
"asignatura": 827, 
"fecha": "2008-10-06", 
"notificadoSMS": false
}
}, 
{
"pk": 271, 
"model": "akademic.falta", 
"fields": {
"hora": 7, 
"alumno": 695, 
"asignatura": 827, 
"fecha": "2008-10-10", 
"notificadoSMS": false
}
}, 
{
"pk": 274, 
"model": "akademic.falta", 
"fields": {
"hora": 11, 
"alumno": 1736, 
"asignatura": 827, 
"fecha": "2008-10-15", 
"notificadoSMS": false
}
}, 
{
"pk": 276, 
"model": "akademic.falta", 
"fields": {
"hora": 9, 
"alumno": 843, 
"asignatura": 827, 
"fecha": "2008-10-16", 
"notificadoSMS": false
}
}, 
{
"pk": 281, 
"model": "akademic.falta", 
"fields": {
"hora": 7, 
"alumno": 317, 
"asignatura": 249, 
"fecha": "2008-10-17", 
"notificadoSMS": false
}
}, 
{
"pk": 282, 
"model": "akademic.falta", 
"fields": {
"hora": 7, 
"alumno": 1350, 
"asignatura": 249, 
"fecha": "2008-10-17", 
"notificadoSMS": false
}
}, 
{
"pk": 298, 
"model": "akademic.falta", 
"fields": {
"hora": 11, 
"alumno": 1471, 
"asignatura": 827, 
"fecha": "2008-10-07", 
"notificadoSMS": false
}
}, 
{
"pk": 343, 
"model": "akademic.falta", 
"fields": {
"hora": 11, 
"alumno": 1709, 
"asignatura": 827, 
"fecha": "2008-09-22", 
"notificadoSMS": false
}
}, 
{
"pk": 346, 
"model": "akademic.falta", 
"fields": {
"hora": 11, 
"alumno": 835, 
"asignatura": 2685, 
"fecha": "2008-09-26", 
"notificadoSMS": false
}
}, 
{
"pk": 359, 
"model": "akademic.falta", 
"fields": {
"hora": 11, 
"alumno": 831, 
"asignatura": 827, 
"fecha": "2008-10-06", 
"notificadoSMS": false
}
}, 
{
"pk": 360, 
"model": "akademic.falta", 
"fields": {
"hora": 11, 
"alumno": 1063, 
"asignatura": 827, 
"fecha": "2008-10-06", 
"notificadoSMS": false
}
}, 
{
"pk": 363, 
"model": "akademic.falta", 
"fields": {
"hora": 11, 
"alumno": 649, 
"asignatura": 827, 
"fecha": "2008-09-24", 
"notificadoSMS": false
}
}, 
{
"pk": 369, 
"model": "akademic.falta", 
"fields": {
"hora": 9, 
"alumno": 649, 
"asignatura": 827, 
"fecha": "2008-10-09", 
"notificadoSMS": false
}
}, 
{
"pk": 372, 
"model": "akademic.falta", 
"fields": {
"hora": 11, 
"alumno": 835, 
"asignatura": 827, 
"fecha": "2008-09-29", 
"notificadoSMS": false
}
}, 
{
"pk": 574, 
"model": "akademic.falta", 
"fields": {
"hora": 7, 
"alumno": 854, 
"asignatura": 827, 
"fecha": "2008-10-27", 
"notificadoSMS": false
}
}, 
{
"pk": 724, 
"model": "akademic.falta", 
"fields": {
"hora": 6, 
"alumno": 649, 
"asignatura": 827, 
"fecha": "2008-10-21", 
"notificadoSMS": false
}
}, 
{
"pk": 777, 
"model": "akademic.falta", 
"fields": {
"hora": 6, 
"alumno": 1813, 
"asignatura": 827, 
"fecha": "2008-10-27", 
"notificadoSMS": false
}
}, 
{
"pk": 879, 
"model": "akademic.falta", 
"fields": {
"hora": 11, 
"alumno": 688, 
"asignatura": 827, 
"fecha": "2008-10-21", 
"notificadoSMS": false
}
}, 
{
"pk": 881, 
"model": "akademic.falta", 
"fields": {
"hora": 7, 
"alumno": 1814, 
"asignatura": 827, 
"fecha": "2008-10-20", 
"notificadoSMS": false
}
}, 
{
"pk": 885, 
"model": "akademic.falta", 
"fields": {
"hora": 11, 
"alumno": 1814, 
"asignatura": 827, 
"fecha": "2008-10-22", 
"notificadoSMS": false
}
}, 
{
"pk": 1040, 
"model": "akademic.falta", 
"fields": {
"hora": 10, 
"alumno": 1608, 
"asignatura": 827, 
"fecha": "2008-10-28", 
"notificadoSMS": false
}
}, 
{
"pk": 1127, 
"model": "akademic.falta", 
"fields": {
"hora": 6, 
"alumno": 1725, 
"asignatura": 249, 
"fecha": "2008-10-10", 
"notificadoSMS": false
}
}, 
{
"pk": 1548, 
"model": "akademic.falta", 
"fields": {
"hora": 8, 
"alumno": 649, 
"asignatura": 998, 
"fecha": "2008-10-27", 
"notificadoSMS": false
}
}, 
{
"pk": 1560, 
"model": "akademic.falta", 
"fields": {
"hora": 8, 
"alumno": 649, 
"asignatura": 998, 
"fecha": "2008-10-30", 
"notificadoSMS": false
}
}, 
{
"pk": 1562, 
"model": "akademic.falta", 
"fields": {
"hora": 8, 
"alumno": 1067, 
"asignatura": 998, 
"fecha": "2008-10-30", 
"notificadoSMS": false
}
}, 
{
"pk": 1687, 
"model": "akademic.falta", 
"fields": {
"hora": 6, 
"alumno": 649, 
"asignatura": 998, 
"fecha": "2008-10-31", 
"notificadoSMS": false
}
}, 
{
"pk": 1697, 
"model": "akademic.falta", 
"fields": {
"hora": 7, 
"alumno": 649, 
"asignatura": 249, 
"fecha": "2008-10-31", 
"notificadoSMS": false
}
}, 
{
"pk": 1709, 
"model": "akademic.falta", 
"fields": {
"hora": 11, 
"alumno": 649, 
"asignatura": 249, 
"fecha": "2008-10-30", 
"notificadoSMS": false
}
}, 
{
"pk": 1711, 
"model": "akademic.falta", 
"fields": {
"hora": 11, 
"alumno": 1067, 
"asignatura": 249, 
"fecha": "2008-10-30", 
"notificadoSMS": false
}
}, 
{
"pk": 1721, 
"model": "akademic.falta", 
"fields": {
"hora": 8, 
"alumno": 1056, 
"asignatura": 998, 
"fecha": "2008-10-31", 
"notificadoSMS": false
}
}, 
{
"pk": 1726, 
"model": "akademic.falta", 
"fields": {
"hora": 8, 
"alumno": 1608, 
"asignatura": 998, 
"fecha": "2008-09-23", 
"notificadoSMS": false
}
}, 
{
"pk": 1727, 
"model": "akademic.falta", 
"fields": {
"hora": 8, 
"alumno": 1725, 
"asignatura": 998, 
"fecha": "2008-09-23", 
"notificadoSMS": false
}
}, 
{
"pk": 1746, 
"model": "akademic.falta", 
"fields": {
"hora": 6, 
"alumno": 1725, 
"asignatura": 998, 
"fecha": "2008-10-09", 
"notificadoSMS": false
}
}, 
{
"pk": 1748, 
"model": "akademic.falta", 
"fields": {
"hora": 8, 
"alumno": 1059, 
"asignatura": 998, 
"fecha": "2008-10-21", 
"notificadoSMS": false
}
}, 
{
"pk": 1793, 
"model": "akademic.falta", 
"fields": {
"hora": 11, 
"alumno": 1056, 
"asignatura": 2685, 
"fecha": "2008-10-31", 
"notificadoSMS": false
}
}, 
{
"pk": 1835, 
"model": "akademic.falta", 
"fields": {
"hora": 8, 
"alumno": 1350, 
"asignatura": 998, 
"fecha": "2008-11-03", 
"notificadoSMS": false
}
}, 
{
"pk": 1872, 
"model": "akademic.falta", 
"fields": {
"hora": 7, 
"alumno": 831, 
"asignatura": 827, 
"fecha": "2008-11-03", 
"notificadoSMS": false
}
}, 
{
"pk": 1873, 
"model": "akademic.falta", 
"fields": {
"hora": 7, 
"alumno": 1709, 
"asignatura": 827, 
"fecha": "2008-11-03", 
"notificadoSMS": false
}
}, 
{
"pk": 1878, 
"model": "akademic.falta", 
"fields": {
"hora": 10, 
"alumno": 1056, 
"asignatura": 827, 
"fecha": "2008-10-31", 
"notificadoSMS": false
}
}, 
{
"pk": 1882, 
"model": "akademic.falta", 
"fields": {
"hora": 7, 
"alumno": 1709, 
"asignatura": 827, 
"fecha": "2008-09-22", 
"notificadoSMS": false
}
}, 
{
"pk": 1885, 
"model": "akademic.falta", 
"fields": {
"hora": 10, 
"alumno": 835, 
"asignatura": 827, 
"fecha": "2008-09-26", 
"notificadoSMS": false
}
}, 
{
"pk": 1888, 
"model": "akademic.falta", 
"fields": {
"hora": 7, 
"alumno": 835, 
"asignatura": 827, 
"fecha": "2008-09-29", 
"notificadoSMS": false
}
}, 
{
"pk": 1998, 
"model": "akademic.falta", 
"fields": {
"hora": 11, 
"alumno": 831, 
"asignatura": 249, 
"fecha": "2008-11-03", 
"notificadoSMS": false
}
}, 
{
"pk": 1999, 
"model": "akademic.falta", 
"fields": {
"hora": 11, 
"alumno": 1709, 
"asignatura": 249, 
"fecha": "2008-11-03", 
"notificadoSMS": false
}
}, 
{
"pk": 2071, 
"model": "akademic.falta", 
"fields": {
"hora": 7, 
"alumno": 852, 
"asignatura": 998, 
"fecha": "2008-11-04", 
"notificadoSMS": false
}
}, 
{
"pk": 2184, 
"model": "akademic.falta", 
"fields": {
"hora": 9, 
"alumno": 688, 
"asignatura": 249, 
"fecha": "2008-09-23", 
"notificadoSMS": false
}
}, 
{
"pk": 2189, 
"model": "akademic.falta", 
"fields": {
"hora": 11, 
"alumno": 697, 
"asignatura": 249, 
"fecha": "2008-10-17", 
"notificadoSMS": false
}
}, 
{
"pk": 2192, 
"model": "akademic.falta", 
"fields": {
"hora": 9, 
"alumno": 688, 
"asignatura": 249, 
"fecha": "2008-10-21", 
"notificadoSMS": false
}
}, 
{
"pk": 2194, 
"model": "akademic.falta", 
"fields": {
"hora": 10, 
"alumno": 685, 
"asignatura": 249, 
"fecha": "2008-09-29", 
"notificadoSMS": false
}
}, 
{
"pk": 2201, 
"model": "akademic.falta", 
"fields": {
"hora": 9, 
"alumno": 843, 
"asignatura": 249, 
"fecha": "2008-09-22", 
"notificadoSMS": false
}
}, 
{
"pk": 2202, 
"model": "akademic.falta", 
"fields": {
"hora": 9, 
"alumno": 692, 
"asignatura": 249, 
"fecha": "2008-09-22", 
"notificadoSMS": false
}
}, 
{
"pk": 2203, 
"model": "akademic.falta", 
"fields": {
"hora": 8, 
"alumno": 692, 
"asignatura": 249, 
"fecha": "2008-09-25", 
"notificadoSMS": false
}
}, 
{
"pk": 2206, 
"model": "akademic.falta", 
"fields": {
"hora": 7, 
"alumno": 695, 
"asignatura": 249, 
"fecha": "2008-10-07", 
"notificadoSMS": false
}
}, 
{
"pk": 2207, 
"model": "akademic.falta", 
"fields": {
"hora": 8, 
"alumno": 695, 
"asignatura": 249, 
"fecha": "2008-10-09", 
"notificadoSMS": false
}
}, 
{
"pk": 2208, 
"model": "akademic.falta", 
"fields": {
"hora": 7, 
"alumno": 695, 
"asignatura": 249, 
"fecha": "2008-10-14", 
"notificadoSMS": false
}
}, 
{
"pk": 2211, 
"model": "akademic.falta", 
"fields": {
"hora": 7, 
"alumno": 1723, 
"asignatura": 998, 
"fecha": "2008-11-05", 
"notificadoSMS": false
}
}, 
{
"pk": 2215, 
"model": "akademic.falta", 
"fields": {
"hora": 9, 
"alumno": 1814, 
"asignatura": 249, 
"fecha": "2008-10-20", 
"notificadoSMS": false
}
}, 
{
"pk": 2216, 
"model": "akademic.falta", 
"fields": {
"hora": 9, 
"alumno": 843, 
"asignatura": 249, 
"fecha": "2008-10-20", 
"notificadoSMS": false
}
}, 
{
"pk": 2219, 
"model": "akademic.falta", 
"fields": {
"hora": 7, 
"alumno": 1814, 
"asignatura": 249, 
"fecha": "2008-10-21", 
"notificadoSMS": false
}
}, 
{
"pk": 2220, 
"model": "akademic.falta", 
"fields": {
"hora": 7, 
"alumno": 695, 
"asignatura": 249, 
"fecha": "2008-10-21", 
"notificadoSMS": false
}
}, 
{
"pk": 2222, 
"model": "akademic.falta", 
"fields": {
"hora": 9, 
"alumno": 854, 
"asignatura": 249, 
"fecha": "2008-10-27", 
"notificadoSMS": false
}
}, 
{
"pk": 2246, 
"model": "akademic.falta", 
"fields": {
"hora": 8, 
"alumno": 1723, 
"asignatura": 249, 
"fecha": "2008-11-05", 
"notificadoSMS": false
}
}, 
{
"pk": 2369, 
"model": "akademic.falta", 
"fields": {
"hora": 6, 
"alumno": 1608, 
"asignatura": 998, 
"fecha": "2008-11-06", 
"notificadoSMS": false
}
}, 
{
"pk": 2370, 
"model": "akademic.falta", 
"fields": {
"hora": 6, 
"alumno": 1725, 
"asignatura": 998, 
"fecha": "2008-11-06", 
"notificadoSMS": false
}
}, 
{
"pk": 2380, 
"model": "akademic.falta", 
"fields": {
"hora": 10, 
"alumno": 1723, 
"asignatura": 827, 
"fecha": "2008-11-05", 
"notificadoSMS": false
}
}, 
{
"pk": 2443, 
"model": "akademic.falta", 
"fields": {
"hora": 10, 
"alumno": 1725, 
"asignatura": 827, 
"fecha": "2008-11-06", 
"notificadoSMS": false
}
}, 
{
"pk": 2491, 
"model": "akademic.falta", 
"fields": {
"hora": 6, 
"alumno": 1720, 
"asignatura": 249, 
"fecha": "2008-11-07", 
"notificadoSMS": false
}
}, 
{
"pk": 2523, 
"model": "akademic.falta", 
"fields": {
"hora": 8, 
"alumno": 832, 
"asignatura": 998, 
"fecha": "2008-11-07", 
"notificadoSMS": false
}
}, 
{
"pk": 2526, 
"model": "akademic.falta", 
"fields": {
"hora": 6, 
"alumno": 1819, 
"asignatura": 827, 
"fecha": "2008-11-07", 
"notificadoSMS": false
}
}, 
{
"pk": 2532, 
"model": "akademic.falta", 
"fields": {
"hora": 8, 
"alumno": 1443, 
"asignatura": 998, 
"fecha": "2008-09-22", 
"notificadoSMS": false
}
}, 
{
"pk": 2534, 
"model": "akademic.falta", 
"fields": {
"hora": 8, 
"alumno": 649, 
"asignatura": 998, 
"fecha": "2008-10-09", 
"notificadoSMS": false
}
}, 
{
"pk": 2535, 
"model": "akademic.falta", 
"fields": {
"hora": 6, 
"alumno": 649, 
"asignatura": 998, 
"fecha": "2008-10-10", 
"notificadoSMS": false
}
}, 
{
"pk": 2536, 
"model": "akademic.falta", 
"fields": {
"hora": 8, 
"alumno": 1067, 
"asignatura": 998, 
"fecha": "2008-10-16", 
"notificadoSMS": false
}
}, 
{
"pk": 2537, 
"model": "akademic.falta", 
"fields": {
"hora": 8, 
"alumno": 317, 
"asignatura": 998, 
"fecha": "2008-10-16", 
"notificadoSMS": false
}
}, 
{
"pk": 2538, 
"model": "akademic.falta", 
"fields": {
"hora": 8, 
"alumno": 1350, 
"asignatura": 998, 
"fecha": "2008-10-16", 
"notificadoSMS": false
}
}, 
{
"pk": 2539, 
"model": "akademic.falta", 
"fields": {
"hora": 6, 
"alumno": 317, 
"asignatura": 998, 
"fecha": "2008-10-17", 
"notificadoSMS": false
}
}, 
{
"pk": 2540, 
"model": "akademic.falta", 
"fields": {
"hora": 6, 
"alumno": 1350, 
"asignatura": 998, 
"fecha": "2008-10-17", 
"notificadoSMS": false
}
}, 
{
"pk": 2543, 
"model": "akademic.falta", 
"fields": {
"hora": 8, 
"alumno": 1350, 
"asignatura": 998, 
"fecha": "2008-10-20", 
"notificadoSMS": false
}
}, 
{
"pk": 2582, 
"model": "akademic.falta", 
"fields": {
"hora": 11, 
"alumno": 832, 
"asignatura": 2685, 
"fecha": "2008-11-07", 
"notificadoSMS": false
}
}, 
{
"pk": 2715, 
"model": "akademic.falta", 
"fields": {
"hora": 8, 
"alumno": 649, 
"asignatura": 998, 
"fecha": "2008-11-10", 
"notificadoSMS": false
}
}, 
{
"pk": 2790, 
"model": "akademic.falta", 
"fields": {
"hora": 6, 
"alumno": 649, 
"asignatura": 827, 
"fecha": "2008-11-10", 
"notificadoSMS": false
}
}, 
{
"pk": 2810, 
"model": "akademic.falta", 
"fields": {
"hora": 6, 
"alumno": 649, 
"asignatura": 827, 
"fecha": "2008-11-11", 
"notificadoSMS": false
}
}, 
{
"pk": 2829, 
"model": "akademic.falta", 
"fields": {
"hora": 7, 
"alumno": 822, 
"asignatura": 249, 
"fecha": "2008-11-11", 
"notificadoSMS": false
}
}, 
{
"pk": 2830, 
"model": "akademic.falta", 
"fields": {
"hora": 7, 
"alumno": 854, 
"asignatura": 249, 
"fecha": "2008-11-11", 
"notificadoSMS": false
}
}, 
{
"pk": 2834, 
"model": "akademic.falta", 
"fields": {
"hora": 7, 
"alumno": 1713, 
"asignatura": 827, 
"fecha": "2008-11-10", 
"notificadoSMS": false
}
}, 
{
"pk": 2836, 
"model": "akademic.falta", 
"fields": {
"hora": 9, 
"alumno": 695, 
"asignatura": 249, 
"fecha": "2008-11-10", 
"notificadoSMS": false
}
}, 
{
"pk": 2839, 
"model": "akademic.falta", 
"fields": {
"hora": 10, 
"alumno": 1819, 
"asignatura": 249, 
"fecha": "2008-11-10", 
"notificadoSMS": false
}
}, 
{
"pk": 2840, 
"model": "akademic.falta", 
"fields": {
"hora": 10, 
"alumno": 702, 
"asignatura": 249, 
"fecha": "2008-11-10", 
"notificadoSMS": false
}
}, 
{
"pk": 2885, 
"model": "akademic.falta", 
"fields": {
"hora": 9, 
"alumno": 689, 
"asignatura": 249, 
"fecha": "2008-11-11", 
"notificadoSMS": false
}
}, 
{
"pk": 2926, 
"model": "akademic.falta", 
"fields": {
"hora": 7, 
"alumno": 1608, 
"asignatura": 998, 
"fecha": "2008-11-12", 
"notificadoSMS": false
}
}, 
{
"pk": 2930, 
"model": "akademic.falta", 
"fields": {
"hora": 8, 
"alumno": 1608, 
"asignatura": 249, 
"fecha": "2008-11-12", 
"notificadoSMS": false
}
}, 
{
"pk": 3008, 
"model": "akademic.falta", 
"fields": {
"hora": 11, 
"alumno": 1817, 
"asignatura": 827, 
"fecha": "2008-11-12", 
"notificadoSMS": false
}
}, 
{
"pk": 3026, 
"model": "akademic.falta", 
"fields": {
"hora": 6, 
"alumno": 1725, 
"asignatura": 998, 
"fecha": "2008-11-13", 
"notificadoSMS": false
}
}, 
{
"pk": 3079, 
"model": "akademic.falta", 
"fields": {
"hora": 10, 
"alumno": 1725, 
"asignatura": 827, 
"fecha": "2008-11-13", 
"notificadoSMS": false
}
}, 
{
"pk": 3158, 
"model": "akademic.falta", 
"fields": {
"hora": 8, 
"alumno": 649, 
"asignatura": 998, 
"fecha": "2008-11-17", 
"notificadoSMS": false
}
}, 
{
"pk": 3159, 
"model": "akademic.falta", 
"fields": {
"hora": 8, 
"alumno": 1443, 
"asignatura": 998, 
"fecha": "2008-11-17", 
"notificadoSMS": false
}
}, 
{
"pk": 3162, 
"model": "akademic.falta", 
"fields": {
"hora": 7, 
"alumno": 1733, 
"asignatura": 827, 
"fecha": "2008-11-17", 
"notificadoSMS": false
}
}, 
{
"pk": 3182, 
"model": "akademic.falta", 
"fields": {
"hora": 10, 
"alumno": 1608, 
"asignatura": 249, 
"fecha": "2008-11-17", 
"notificadoSMS": false
}
}, 
{
"pk": 3183, 
"model": "akademic.falta", 
"fields": {
"hora": 10, 
"alumno": 1057, 
"asignatura": 249, 
"fecha": "2008-11-17", 
"notificadoSMS": false
}
}, 
{
"pk": 3209, 
"model": "akademic.falta", 
"fields": {
"hora": 6, 
"alumno": 649, 
"asignatura": 827, 
"fecha": "2008-11-18", 
"notificadoSMS": false
}
}, 
{
"pk": 3222, 
"model": "akademic.falta", 
"fields": {
"hora": 7, 
"alumno": 649, 
"asignatura": 249, 
"fecha": "2008-11-18", 
"notificadoSMS": false
}
}, 
{
"pk": 3285, 
"model": "akademic.falta", 
"fields": {
"hora": 11, 
"alumno": 835, 
"asignatura": 249, 
"fecha": "2008-11-17", 
"notificadoSMS": false
}
}, 
{
"pk": 3289, 
"model": "akademic.falta", 
"fields": {
"hora": 12, 
"alumno": 1704, 
"asignatura": 2901, 
"fecha": "2008-11-18", 
"notificadoSMS": false
}
}, 
{
"pk": 3290, 
"model": "akademic.falta", 
"fields": {
"hora": 6, 
"alumno": 702, 
"asignatura": 827, 
"fecha": "2008-11-17", 
"notificadoSMS": false
}
}, 
{
"pk": 3291, 
"model": "akademic.falta", 
"fields": {
"hora": 6, 
"alumno": 822, 
"asignatura": 827, 
"fecha": "2008-11-17", 
"notificadoSMS": false
}
}, 
{
"pk": 75, 
"model": "akademic.retraso", 
"fields": {
"hora": 6, 
"alumno": 322, 
"asignatura": 827, 
"fecha": "2008-10-21", 
"notificadoSMS": false
}
}, 
{
"pk": 80, 
"model": "akademic.retraso", 
"fields": {
"hora": 6, 
"alumno": 649, 
"asignatura": 827, 
"fecha": "2008-10-28", 
"notificadoSMS": false
}
}, 
{
"pk": 90, 
"model": "akademic.retraso", 
"fields": {
"hora": 6, 
"alumno": 852, 
"asignatura": 998, 
"fecha": "2008-10-29", 
"notificadoSMS": false
}
}, 
{
"pk": 99, 
"model": "akademic.retraso", 
"fields": {
"hora": 6, 
"alumno": 1055, 
"asignatura": 827, 
"fecha": "2008-10-20", 
"notificadoSMS": false
}
}, 
{
"pk": 101, 
"model": "akademic.retraso", 
"fields": {
"hora": 6, 
"alumno": 1819, 
"asignatura": 827, 
"fecha": "2008-10-24", 
"notificadoSMS": false
}
}, 
{
"pk": 131, 
"model": "akademic.retraso", 
"fields": {
"hora": 6, 
"alumno": 1608, 
"asignatura": 249, 
"fecha": "2008-10-03", 
"notificadoSMS": false
}
}, 
{
"pk": 138, 
"model": "akademic.retraso", 
"fields": {
"hora": 6, 
"alumno": 1608, 
"asignatura": 249, 
"fecha": "2008-10-24", 
"notificadoSMS": false
}
}, 
{
"pk": 174, 
"model": "akademic.retraso", 
"fields": {
"hora": 6, 
"alumno": 1608, 
"asignatura": 998, 
"fecha": "2008-10-30", 
"notificadoSMS": false
}
}, 
{
"pk": 191, 
"model": "akademic.retraso", 
"fields": {
"hora": 6, 
"alumno": 1608, 
"asignatura": 249, 
"fecha": "2008-10-31", 
"notificadoSMS": false
}
}, 
{
"pk": 194, 
"model": "akademic.retraso", 
"fields": {
"hora": 6, 
"alumno": 1608, 
"asignatura": 998, 
"fecha": "2008-10-23", 
"notificadoSMS": false
}
}, 
{
"pk": 234, 
"model": "akademic.retraso", 
"fields": {
"hora": 6, 
"alumno": 1709, 
"asignatura": 998, 
"fecha": "2008-11-05", 
"notificadoSMS": false
}
}, 
{
"pk": 238, 
"model": "akademic.retraso", 
"fields": {
"hora": 6, 
"alumno": 1720, 
"asignatura": 998, 
"fecha": "2008-11-06", 
"notificadoSMS": false
}
}, 
{
"pk": 254, 
"model": "akademic.retraso", 
"fields": {
"hora": 6, 
"alumno": 1055, 
"asignatura": 827, 
"fecha": "2008-11-07", 
"notificadoSMS": false
}
}, 
{
"pk": 255, 
"model": "akademic.retraso", 
"fields": {
"hora": 6, 
"alumno": 685, 
"asignatura": 827, 
"fecha": "2008-11-07", 
"notificadoSMS": false
}
}, 
{
"pk": 317, 
"model": "akademic.retraso", 
"fields": {
"hora": 6, 
"alumno": 1443, 
"asignatura": 827, 
"fecha": "2008-11-11", 
"notificadoSMS": false
}
}, 
{
"pk": 318, 
"model": "akademic.retraso", 
"fields": {
"hora": 6, 
"alumno": 322, 
"asignatura": 827, 
"fecha": "2008-11-11", 
"notificadoSMS": false
}
}, 
{
"pk": 370, 
"model": "akademic.retraso", 
"fields": {
"hora": 12, 
"alumno": 1650, 
"asignatura": 2901, 
"fecha": "2008-11-18", 
"notificadoSMS": false
}
}, 
{
"pk": 371, 
"model": "akademic.retraso", 
"fields": {
"hora": 12, 
"alumno": 1643, 
"asignatura": 2901, 
"fecha": "2008-11-18", 
"notificadoSMS": false
}
}, 
{
"pk": 379, 
"model": "akademic.retraso", 
"fields": {
"hora": 9, 
"alumno": 1733, 
"asignatura": 827, 
"fecha": "2008-11-20", 
"notificadoSMS": false
}
}, 
{
"pk": 380, 
"model": "akademic.retraso", 
"fields": {
"hora": 9, 
"alumno": 854, 
"asignatura": 827, 
"fecha": "2008-11-20", 
"notificadoSMS": false
}
}, 
{
"pk": 382, 
"model": "akademic.retraso", 
"fields": {
"hora": 12, 
"alumno": 1651, 
"asignatura": 2901, 
"fecha": "2008-11-19", 
"notificadoSMS": false
}
}, 
{
"pk": 383, 
"model": "akademic.retraso", 
"fields": {
"hora": 12, 
"alumno": 1704, 
"asignatura": 2901, 
"fecha": "2008-11-19", 
"notificadoSMS": false
}
}, 
{
"pk": 384, 
"model": "akademic.retraso", 
"fields": {
"hora": 12, 
"alumno": 1643, 
"asignatura": 2901, 
"fecha": "2008-11-19", 
"notificadoSMS": false
}
}, 
{
"pk": 385, 
"model": "akademic.retraso", 
"fields": {
"hora": 6, 
"alumno": 143, 
"asignatura": 827, 
"fecha": "2008-11-17", 
"notificadoSMS": false
}
}, 
{
"pk": 386, 
"model": "akademic.retraso", 
"fields": {
"hora": 6, 
"alumno": 704, 
"asignatura": 827, 
"fecha": "2008-11-17", 
"notificadoSMS": false
}
}, 
{
"pk": 387, 
"model": "akademic.retraso", 
"fields": {
"hora": 6, 
"alumno": 692, 
"asignatura": 827, 
"fecha": "2008-11-17", 
"notificadoSMS": false
}
}, 
{
"pk": 1, 
"model": "akademic.ausencia", 
"fields": {
"alumno": 1608, 
"fin": "2008-10-17 12:27:12", 
"motivo": null, 
"notificadoSMS": 3, 
"inicio": "2008-10-17 12:23:49"
}
}, 
{
"pk": 2, 
"model": "akademic.ausencia", 
"fields": {
"alumno": 1608, 
"fin": "2008-10-21 10:26:12", 
"motivo": null, 
"notificadoSMS": 3, 
"inicio": "2008-10-21 10:18:52"
}
}, 
{
"pk": 3, 
"model": "akademic.ausencia", 
"fields": {
"alumno": 1608, 
"fin": "2008-10-21 10:28:19", 
"motivo": null, 
"notificadoSMS": 3, 
"inicio": "2008-10-21 10:26:12"
}
}, 
{
"pk": 4, 
"model": "akademic.ausencia", 
"fields": {
"alumno": 1608, 
"fin": "2008-10-21 10:28:42", 
"motivo": null, 
"notificadoSMS": 3, 
"inicio": "2008-10-21 10:28:19"
}
}, 
{
"pk": 5, 
"model": "akademic.ausencia", 
"fields": {
"alumno": 1608, 
"fin": "2008-10-21 10:32:37", 
"motivo": null, 
"notificadoSMS": 3, 
"inicio": "2008-10-21 10:31:02"
}
}, 
{
"pk": 19, 
"model": "akademic.ausencia", 
"fields": {
"alumno": 832, 
"fin": "2008-10-31 09:13:29", 
"motivo": null, 
"notificadoSMS": 3, 
"inicio": "2008-10-31 09:13:11"
}
}, 
{
"pk": 20, 
"model": "akademic.ausencia", 
"fields": {
"alumno": 1515, 
"fin": "2008-11-03 11:12:06", 
"motivo": null, 
"notificadoSMS": 3, 
"inicio": "2008-11-03 11:09:38"
}
}, 
{
"pk": 21, 
"model": "akademic.ausencia", 
"fields": {
"alumno": 852, 
"fin": "2008-11-03 11:12:06", 
"motivo": null, 
"notificadoSMS": 3, 
"inicio": "2008-11-03 11:09:38"
}
}, 
{
"pk": 22, 
"model": "akademic.ausencia", 
"fields": {
"alumno": 1515, 
"fin": "2008-11-03 11:13:03", 
"motivo": null, 
"notificadoSMS": 3, 
"inicio": "2008-11-03 11:12:06"
}
}, 
{
"pk": 23, 
"model": "akademic.ausencia", 
"fields": {
"alumno": 852, 
"fin": "2008-11-03 11:13:03", 
"motivo": null, 
"notificadoSMS": 3, 
"inicio": "2008-11-03 11:12:06"
}
}, 
{
"pk": 24, 
"model": "akademic.ausencia", 
"fields": {
"alumno": 1515, 
"fin": "2008-11-03 11:13:23", 
"motivo": null, 
"notificadoSMS": 3, 
"inicio": "2008-11-03 11:13:03"
}
}, 
{
"pk": 25, 
"model": "akademic.ausencia", 
"fields": {
"alumno": 852, 
"fin": "2008-11-03 11:13:23", 
"motivo": null, 
"notificadoSMS": 3, 
"inicio": "2008-11-03 11:13:03"
}
}, 
{
"pk": 26, 
"model": "akademic.ausencia", 
"fields": {
"alumno": 1515, 
"fin": "2008-11-03 11:13:41", 
"motivo": null, 
"notificadoSMS": 3, 
"inicio": "2008-11-03 11:13:23"
}
}, 
{
"pk": 27, 
"model": "akademic.ausencia", 
"fields": {
"alumno": 852, 
"fin": "2008-11-03 11:13:41", 
"motivo": null, 
"notificadoSMS": 3, 
"inicio": "2008-11-03 11:13:23"
}
}, 
{
"pk": 28, 
"model": "akademic.ausencia", 
"fields": {
"alumno": 1515, 
"fin": "2008-11-03 11:14:22", 
"motivo": null, 
"notificadoSMS": 3, 
"inicio": "2008-11-03 11:13:41"
}
}, 
{
"pk": 29, 
"model": "akademic.ausencia", 
"fields": {
"alumno": 852, 
"fin": "2008-11-03 11:14:22", 
"motivo": null, 
"notificadoSMS": 3, 
"inicio": "2008-11-03 11:13:41"
}
}, 
{
"pk": 30, 
"model": "akademic.ausencia", 
"fields": {
"alumno": 1515, 
"fin": "2008-11-03 11:58:21", 
"motivo": null, 
"notificadoSMS": 3, 
"inicio": "2008-11-03 11:14:22"
}
}, 
{
"pk": 31, 
"model": "akademic.ausencia", 
"fields": {
"alumno": 852, 
"fin": "2008-11-03 11:58:21", 
"motivo": null, 
"notificadoSMS": 3, 
"inicio": "2008-11-03 11:14:22"
}
}, 
{
"pk": 32, 
"model": "akademic.ausencia", 
"fields": {
"alumno": 1515, 
"fin": "2008-11-03 12:01:21", 
"motivo": null, 
"notificadoSMS": 3, 
"inicio": "2008-11-03 11:58:21"
}
}, 
{
"pk": 33, 
"model": "akademic.ausencia", 
"fields": {
"alumno": 852, 
"fin": "2008-11-03 12:01:21", 
"motivo": null, 
"notificadoSMS": 3, 
"inicio": "2008-11-03 11:58:21"
}
}, 
{
"pk": 81, 
"model": "akademic.ausencia", 
"fields": {
"alumno": 1651, 
"fin": "2008-11-19 19:12:01", 
"motivo": null, 
"notificadoSMS": 3, 
"inicio": "2008-11-19 19:11:58"
}
}, 
{
"pk": 82, 
"model": "akademic.ausencia", 
"fields": {
"alumno": 1651, 
"fin": null, 
"motivo": null, 
"notificadoSMS": 3, 
"inicio": "2008-11-19 19:12:01"
}
}, 
{
"pk": 10, 
"model": "akademic.faltacomportamiento", 
"fields": {
"hora": 11, 
"asignatura": 827, 
"alumno": 317, 
"textoIncidencia": null, 
"notificadoSMS": false, 
"fecha": "2008-10-08"
}
}, 
{
"pk": 303, 
"model": "akademic.faltacomportamiento", 
"fields": {
"hora": 11, 
"asignatura": 249, 
"alumno": 852, 
"textoIncidencia": null, 
"notificadoSMS": false, 
"fecha": "2008-10-27"
}
}, 
{
"pk": 304, 
"model": "akademic.faltacomportamiento", 
"fields": {
"hora": 11, 
"asignatura": 249, 
"alumno": 865, 
"textoIncidencia": null, 
"notificadoSMS": false, 
"fecha": "2008-10-27"
}
}, 
{
"pk": 334, 
"model": "akademic.faltacomportamiento", 
"fields": {
"hora": 6, 
"asignatura": 827, 
"alumno": 143, 
"textoIncidencia": null, 
"notificadoSMS": false, 
"fecha": "2008-10-20"
}
}, 
{
"pk": 335, 
"model": "akademic.faltacomportamiento", 
"fields": {
"hora": 6, 
"asignatura": 827, 
"alumno": 1813, 
"textoIncidencia": null, 
"notificadoSMS": false, 
"fecha": "2008-10-20"
}
}, 
{
"pk": 399, 
"model": "akademic.faltacomportamiento", 
"fields": {
"hora": 10, 
"asignatura": 827, 
"alumno": 1722, 
"textoIncidencia": null, 
"notificadoSMS": false, 
"fecha": "2008-10-30"
}
}, 
{
"pk": 400, 
"model": "akademic.faltacomportamiento", 
"fields": {
"hora": 10, 
"asignatura": 827, 
"alumno": 1608, 
"textoIncidencia": null, 
"notificadoSMS": false, 
"fecha": "2008-10-30"
}
}, 
{
"pk": 401, 
"model": "akademic.faltacomportamiento", 
"fields": {
"hora": 10, 
"asignatura": 827, 
"alumno": 1059, 
"textoIncidencia": null, 
"notificadoSMS": false, 
"fecha": "2008-10-30"
}
}, 
{
"pk": 639, 
"model": "akademic.faltacomportamiento", 
"fields": {
"hora": 6, 
"asignatura": 827, 
"alumno": 1446, 
"textoIncidencia": null, 
"notificadoSMS": false, 
"fecha": "2008-11-18"
}
}, 
{
"pk": 640, 
"model": "akademic.faltacomportamiento", 
"fields": {
"hora": 6, 
"asignatura": 827, 
"alumno": 660, 
"textoIncidencia": null, 
"notificadoSMS": false, 
"fecha": "2008-11-18"
}
}, 
{
"pk": 649, 
"model": "akademic.faltacomportamiento", 
"fields": {
"hora": 11, 
"asignatura": 249, 
"alumno": 852, 
"textoIncidencia": null, 
"notificadoSMS": false, 
"fecha": "2008-11-17"
}
}, 
{
"pk": 650, 
"model": "akademic.faltacomportamiento", 
"fields": {
"hora": 12, 
"asignatura": 2901, 
"alumno": 1704, 
"textoIncidencia": null, 
"notificadoSMS": false, 
"fecha": "2008-11-19"
}
}, 
{
"pk": 88, 
"model": "akademic.faltatarea", 
"fields": {
"hora": 6, 
"asignatura": 827, 
"alumno": 649, 
"textoIncidencia": null, 
"notificadoSMS": false, 
"fecha": "2008-10-14"
}
}, 
{
"pk": 89, 
"model": "akademic.faltatarea", 
"fields": {
"hora": 6, 
"asignatura": 827, 
"alumno": 1443, 
"textoIncidencia": null, 
"notificadoSMS": false, 
"fecha": "2008-10-14"
}
}, 
{
"pk": 91, 
"model": "akademic.faltatarea", 
"fields": {
"hora": 6, 
"asignatura": 827, 
"alumno": 1067, 
"textoIncidencia": null, 
"notificadoSMS": false, 
"fecha": "2008-10-14"
}
}, 
{
"pk": 94, 
"model": "akademic.faltatarea", 
"fields": {
"hora": 6, 
"asignatura": 827, 
"alumno": 322, 
"textoIncidencia": null, 
"notificadoSMS": false, 
"fecha": "2008-10-14"
}
}, 
{
"pk": 95, 
"model": "akademic.faltatarea", 
"fields": {
"hora": 6, 
"asignatura": 827, 
"alumno": 317, 
"textoIncidencia": null, 
"notificadoSMS": false, 
"fecha": "2008-10-14"
}
}, 
{
"pk": 98, 
"model": "akademic.faltatarea", 
"fields": {
"hora": 10, 
"asignatura": 827, 
"alumno": 1720, 
"textoIncidencia": null, 
"notificadoSMS": false, 
"fecha": "2008-10-15"
}
}, 
{
"pk": 102, 
"model": "akademic.faltatarea", 
"fields": {
"hora": 8, 
"asignatura": 827, 
"alumno": 1722, 
"textoIncidencia": null, 
"notificadoSMS": false, 
"fecha": "2008-10-06"
}
}, 
{
"pk": 104, 
"model": "akademic.faltatarea", 
"fields": {
"hora": 8, 
"asignatura": 827, 
"alumno": 1608, 
"textoIncidencia": null, 
"notificadoSMS": false, 
"fecha": "2008-10-06"
}
}, 
{
"pk": 110, 
"model": "akademic.faltatarea", 
"fields": {
"hora": 10, 
"asignatura": 827, 
"alumno": 1720, 
"textoIncidencia": null, 
"notificadoSMS": false, 
"fecha": "2008-10-01"
}
}, 
{
"pk": 112, 
"model": "akademic.faltatarea", 
"fields": {
"hora": 10, 
"asignatura": 827, 
"alumno": 1725, 
"textoIncidencia": null, 
"notificadoSMS": false, 
"fecha": "2008-10-01"
}
}, 
{
"pk": 124, 
"model": "akademic.faltatarea", 
"fields": {
"hora": 11, 
"asignatura": 827, 
"alumno": 1055, 
"textoIncidencia": null, 
"notificadoSMS": false, 
"fecha": "2008-10-07"
}
}, 
{
"pk": 125, 
"model": "akademic.faltatarea", 
"fields": {
"hora": 11, 
"asignatura": 827, 
"alumno": 685, 
"textoIncidencia": null, 
"notificadoSMS": false, 
"fecha": "2008-10-07"
}
}, 
{
"pk": 128, 
"model": "akademic.faltatarea", 
"fields": {
"hora": 11, 
"asignatura": 827, 
"alumno": 697, 
"textoIncidencia": null, 
"notificadoSMS": false, 
"fecha": "2008-10-07"
}
}, 
{
"pk": 131, 
"model": "akademic.faltatarea", 
"fields": {
"hora": 6, 
"asignatura": 827, 
"alumno": 1055, 
"textoIncidencia": null, 
"notificadoSMS": false, 
"fecha": "2008-10-10"
}
}, 
{
"pk": 133, 
"model": "akademic.faltatarea", 
"fields": {
"hora": 6, 
"asignatura": 827, 
"alumno": 685, 
"textoIncidencia": null, 
"notificadoSMS": false, 
"fecha": "2008-10-10"
}
}, 
{
"pk": 137, 
"model": "akademic.faltatarea", 
"fields": {
"hora": 6, 
"asignatura": 827, 
"alumno": 1819, 
"textoIncidencia": null, 
"notificadoSMS": false, 
"fecha": "2008-10-10"
}
}, 
{
"pk": 138, 
"model": "akademic.faltatarea", 
"fields": {
"hora": 6, 
"asignatura": 827, 
"alumno": 702, 
"textoIncidencia": null, 
"notificadoSMS": false, 
"fecha": "2008-10-10"
}
}, 
{
"pk": 139, 
"model": "akademic.faltatarea", 
"fields": {
"hora": 6, 
"asignatura": 827, 
"alumno": 1734, 
"textoIncidencia": null, 
"notificadoSMS": false, 
"fecha": "2008-10-10"
}
}, 
{
"pk": 144, 
"model": "akademic.faltatarea", 
"fields": {
"hora": 7, 
"asignatura": 827, 
"alumno": 1735, 
"textoIncidencia": null, 
"notificadoSMS": false, 
"fecha": "2008-10-03"
}
}, 
{
"pk": 146, 
"model": "akademic.faltatarea", 
"fields": {
"hora": 7, 
"asignatura": 827, 
"alumno": 843, 
"textoIncidencia": null, 
"notificadoSMS": false, 
"fecha": "2008-10-03"
}
}, 
{
"pk": 147, 
"model": "akademic.faltatarea", 
"fields": {
"hora": 7, 
"asignatura": 827, 
"alumno": 1817, 
"textoIncidencia": null, 
"notificadoSMS": false, 
"fecha": "2008-10-03"
}
}, 
{
"pk": 154, 
"model": "akademic.faltatarea", 
"fields": {
"hora": 7, 
"asignatura": 827, 
"alumno": 1735, 
"textoIncidencia": null, 
"notificadoSMS": false, 
"fecha": "2008-10-10"
}
}, 
{
"pk": 155, 
"model": "akademic.faltatarea", 
"fields": {
"hora": 7, 
"asignatura": 827, 
"alumno": 836, 
"textoIncidencia": null, 
"notificadoSMS": false, 
"fecha": "2008-10-10"
}
}, 
{
"pk": 156, 
"model": "akademic.faltatarea", 
"fields": {
"hora": 7, 
"asignatura": 827, 
"alumno": 1736, 
"textoIncidencia": null, 
"notificadoSMS": false, 
"fecha": "2008-10-10"
}
}, 
{
"pk": 157, 
"model": "akademic.faltatarea", 
"fields": {
"hora": 7, 
"asignatura": 827, 
"alumno": 843, 
"textoIncidencia": null, 
"notificadoSMS": false, 
"fecha": "2008-10-10"
}
}, 
{
"pk": 159, 
"model": "akademic.faltatarea", 
"fields": {
"hora": 7, 
"asignatura": 827, 
"alumno": 822, 
"textoIncidencia": null, 
"notificadoSMS": false, 
"fecha": "2008-10-10"
}
}, 
{
"pk": 178, 
"model": "akademic.faltatarea", 
"fields": {
"hora": 6, 
"asignatura": 827, 
"alumno": 884, 
"textoIncidencia": null, 
"notificadoSMS": false, 
"fecha": "2008-10-09"
}
}, 
{
"pk": 202, 
"model": "akademic.faltatarea", 
"fields": {
"hora": 11, 
"asignatura": 827, 
"alumno": 317, 
"textoIncidencia": null, 
"notificadoSMS": false, 
"fecha": "2008-10-01"
}
}, 
{
"pk": 353, 
"model": "akademic.faltatarea", 
"fields": {
"hora": 8, 
"asignatura": 827, 
"alumno": 1608, 
"textoIncidencia": null, 
"notificadoSMS": false, 
"fecha": "2008-10-27"
}
}, 
{
"pk": 418, 
"model": "akademic.faltatarea", 
"fields": {
"hora": 6, 
"asignatura": 827, 
"alumno": 1055, 
"textoIncidencia": null, 
"notificadoSMS": false, 
"fecha": "2008-10-27"
}
}, 
{
"pk": 420, 
"model": "akademic.faltatarea", 
"fields": {
"hora": 6, 
"asignatura": 827, 
"alumno": 685, 
"textoIncidencia": null, 
"notificadoSMS": false, 
"fecha": "2008-10-27"
}
}, 
{
"pk": 424, 
"model": "akademic.faltatarea", 
"fields": {
"hora": 6, 
"asignatura": 827, 
"alumno": 884, 
"textoIncidencia": null, 
"notificadoSMS": false, 
"fecha": "2008-10-27"
}
}, 
{
"pk": 675, 
"model": "akademic.faltatarea", 
"fields": {
"hora": 6, 
"asignatura": 827, 
"alumno": 688, 
"textoIncidencia": null, 
"notificadoSMS": false, 
"fecha": "2008-10-20"
}
}, 
{
"pk": 676, 
"model": "akademic.faltatarea", 
"fields": {
"hora": 6, 
"asignatura": 827, 
"alumno": 884, 
"textoIncidencia": null, 
"notificadoSMS": false, 
"fecha": "2008-10-20"
}
}, 
{
"pk": 677, 
"model": "akademic.faltatarea", 
"fields": {
"hora": 11, 
"asignatura": 827, 
"alumno": 685, 
"textoIncidencia": null, 
"notificadoSMS": false, 
"fecha": "2008-10-21"
}
}, 
{
"pk": 678, 
"model": "akademic.faltatarea", 
"fields": {
"hora": 11, 
"asignatura": 827, 
"alumno": 1813, 
"textoIncidencia": null, 
"notificadoSMS": false, 
"fecha": "2008-10-21"
}
}, 
{
"pk": 680, 
"model": "akademic.faltatarea", 
"fields": {
"hora": 11, 
"asignatura": 827, 
"alumno": 884, 
"textoIncidencia": null, 
"notificadoSMS": false, 
"fecha": "2008-10-21"
}
}, 
{
"pk": 681, 
"model": "akademic.faltatarea", 
"fields": {
"hora": 7, 
"asignatura": 827, 
"alumno": 1814, 
"textoIncidencia": null, 
"notificadoSMS": false, 
"fecha": "2008-10-20"
}
}, 
{
"pk": 682, 
"model": "akademic.faltatarea", 
"fields": {
"hora": 7, 
"asignatura": 827, 
"alumno": 843, 
"textoIncidencia": null, 
"notificadoSMS": false, 
"fecha": "2008-10-20"
}
}, 
{
"pk": 683, 
"model": "akademic.faltatarea", 
"fields": {
"hora": 7, 
"asignatura": 827, 
"alumno": 822, 
"textoIncidencia": null, 
"notificadoSMS": false, 
"fecha": "2008-10-20"
}
}, 
{
"pk": 685, 
"model": "akademic.faltatarea", 
"fields": {
"hora": 11, 
"asignatura": 827, 
"alumno": 836, 
"textoIncidencia": null, 
"notificadoSMS": false, 
"fecha": "2008-10-22"
}
}, 
{
"pk": 687, 
"model": "akademic.faltatarea", 
"fields": {
"hora": 7, 
"asignatura": 827, 
"alumno": 1735, 
"textoIncidencia": null, 
"notificadoSMS": false, 
"fecha": "2008-10-24"
}
}, 
{
"pk": 688, 
"model": "akademic.faltatarea", 
"fields": {
"hora": 7, 
"asignatura": 827, 
"alumno": 1814, 
"textoIncidencia": null, 
"notificadoSMS": false, 
"fecha": "2008-10-24"
}
}, 
{
"pk": 689, 
"model": "akademic.faltatarea", 
"fields": {
"hora": 7, 
"asignatura": 827, 
"alumno": 1736, 
"textoIncidencia": null, 
"notificadoSMS": false, 
"fecha": "2008-10-24"
}
}, 
{
"pk": 691, 
"model": "akademic.faltatarea", 
"fields": {
"hora": 7, 
"asignatura": 827, 
"alumno": 692, 
"textoIncidencia": null, 
"notificadoSMS": false, 
"fecha": "2008-10-24"
}
}, 
{
"pk": 692, 
"model": "akademic.faltatarea", 
"fields": {
"hora": 7, 
"asignatura": 827, 
"alumno": 694, 
"textoIncidencia": null, 
"notificadoSMS": false, 
"fecha": "2008-10-24"
}
}, 
{
"pk": 863, 
"model": "akademic.faltatarea", 
"fields": {
"hora": 7, 
"asignatura": 827, 
"alumno": 1713, 
"textoIncidencia": null, 
"notificadoSMS": false, 
"fecha": "2008-10-27"
}
}, 
{
"pk": 879, 
"model": "akademic.faltatarea", 
"fields": {
"hora": 8, 
"asignatura": 249, 
"alumno": 1725, 
"textoIncidencia": null, 
"notificadoSMS": false, 
"fecha": "2008-10-15"
}
}, 
{
"pk": 880, 
"model": "akademic.faltatarea", 
"fields": {
"hora": 8, 
"asignatura": 249, 
"alumno": 886, 
"textoIncidencia": null, 
"notificadoSMS": false, 
"fecha": "2008-10-15"
}
}, 
{
"pk": 881, 
"model": "akademic.faltatarea", 
"fields": {
"hora": 6, 
"asignatura": 249, 
"alumno": 1608, 
"textoIncidencia": null, 
"notificadoSMS": false, 
"fecha": "2008-10-17"
}
}, 
{
"pk": 885, 
"model": "akademic.faltatarea", 
"fields": {
"hora": 6, 
"asignatura": 249, 
"alumno": 1059, 
"textoIncidencia": null, 
"notificadoSMS": false, 
"fecha": "2008-10-17"
}
}, 
{
"pk": 891, 
"model": "akademic.faltatarea", 
"fields": {
"hora": 10, 
"asignatura": 249, 
"alumno": 886, 
"textoIncidencia": null, 
"notificadoSMS": false, 
"fecha": "2008-10-20"
}
}, 
{
"pk": 894, 
"model": "akademic.faltatarea", 
"fields": {
"hora": 6, 
"asignatura": 249, 
"alumno": 1608, 
"textoIncidencia": null, 
"notificadoSMS": false, 
"fecha": "2008-10-24"
}
}, 
{
"pk": 896, 
"model": "akademic.faltatarea", 
"fields": {
"hora": 6, 
"asignatura": 249, 
"alumno": 1059, 
"textoIncidencia": null, 
"notificadoSMS": false, 
"fecha": "2008-10-24"
}
}, 
{
"pk": 1080, 
"model": "akademic.faltatarea", 
"fields": {
"hora": 6, 
"asignatura": 827, 
"alumno": 1067, 
"textoIncidencia": null, 
"notificadoSMS": false, 
"fecha": "2008-11-03"
}
}, 
{
"pk": 1081, 
"model": "akademic.faltatarea", 
"fields": {
"hora": 6, 
"asignatura": 827, 
"alumno": 660, 
"textoIncidencia": null, 
"notificadoSMS": false, 
"fecha": "2008-11-03"
}
}, 
{
"pk": 1116, 
"model": "akademic.faltatarea", 
"fields": {
"hora": 8, 
"asignatura": 249, 
"alumno": 1814, 
"textoIncidencia": null, 
"notificadoSMS": false, 
"fecha": "2008-10-30"
}
}, 
{
"pk": 1117, 
"model": "akademic.faltatarea", 
"fields": {
"hora": 8, 
"asignatura": 249, 
"alumno": 836, 
"textoIncidencia": null, 
"notificadoSMS": false, 
"fecha": "2008-10-30"
}
}, 
{
"pk": 1120, 
"model": "akademic.faltatarea", 
"fields": {
"hora": 10, 
"asignatura": 827, 
"alumno": 1515, 
"textoIncidencia": null, 
"notificadoSMS": false, 
"fecha": "2008-10-31"
}
}, 
{
"pk": 1204, 
"model": "akademic.faltatarea", 
"fields": {
"hora": 7, 
"asignatura": 249, 
"alumno": 649, 
"textoIncidencia": null, 
"notificadoSMS": false, 
"fecha": "2008-11-04"
}
}, 
{
"pk": 1229, 
"model": "akademic.faltatarea", 
"fields": {
"hora": 10, 
"asignatura": 249, 
"alumno": 143, 
"textoIncidencia": null, 
"notificadoSMS": false, 
"fecha": "2008-10-06"
}
}, 
{
"pk": 1230, 
"model": "akademic.faltatarea", 
"fields": {
"hora": 10, 
"asignatura": 249, 
"alumno": 1813, 
"textoIncidencia": null, 
"notificadoSMS": false, 
"fecha": "2008-10-06"
}
}, 
{
"pk": 1232, 
"model": "akademic.faltatarea", 
"fields": {
"hora": 9, 
"asignatura": 249, 
"alumno": 1055, 
"textoIncidencia": null, 
"notificadoSMS": false, 
"fecha": "2008-10-07"
}
}, 
{
"pk": 1233, 
"model": "akademic.faltatarea", 
"fields": {
"hora": 9, 
"asignatura": 249, 
"alumno": 685, 
"textoIncidencia": null, 
"notificadoSMS": false, 
"fecha": "2008-10-07"
}
}, 
{
"pk": 1234, 
"model": "akademic.faltatarea", 
"fields": {
"hora": 9, 
"asignatura": 249, 
"alumno": 143, 
"textoIncidencia": null, 
"notificadoSMS": false, 
"fecha": "2008-10-07"
}
}, 
{
"pk": 1235, 
"model": "akademic.faltatarea", 
"fields": {
"hora": 9, 
"asignatura": 249, 
"alumno": 1813, 
"textoIncidencia": null, 
"notificadoSMS": false, 
"fecha": "2008-10-07"
}
}, 
{
"pk": 1237, 
"model": "akademic.faltatarea", 
"fields": {
"hora": 11, 
"asignatura": 249, 
"alumno": 1818, 
"textoIncidencia": null, 
"notificadoSMS": false, 
"fecha": "2008-10-10"
}
}, 
{
"pk": 1240, 
"model": "akademic.faltatarea", 
"fields": {
"hora": 9, 
"asignatura": 249, 
"alumno": 1055, 
"textoIncidencia": null, 
"notificadoSMS": false, 
"fecha": "2008-10-14"
}
}, 
{
"pk": 1241, 
"model": "akademic.faltatarea", 
"fields": {
"hora": 9, 
"asignatura": 249, 
"alumno": 685, 
"textoIncidencia": null, 
"notificadoSMS": false, 
"fecha": "2008-10-14"
}
}, 
{
"pk": 1243, 
"model": "akademic.faltatarea", 
"fields": {
"hora": 9, 
"asignatura": 249, 
"alumno": 143, 
"textoIncidencia": null, 
"notificadoSMS": false, 
"fecha": "2008-10-14"
}
}, 
{
"pk": 1244, 
"model": "akademic.faltatarea", 
"fields": {
"hora": 9, 
"asignatura": 249, 
"alumno": 1813, 
"textoIncidencia": null, 
"notificadoSMS": false, 
"fecha": "2008-10-14"
}
}, 
{
"pk": 1245, 
"model": "akademic.faltatarea", 
"fields": {
"hora": 9, 
"asignatura": 249, 
"alumno": 143, 
"textoIncidencia": null, 
"notificadoSMS": false, 
"fecha": "2008-10-21"
}
}, 
{
"pk": 1248, 
"model": "akademic.faltatarea", 
"fields": {
"hora": 11, 
"asignatura": 249, 
"alumno": 1055, 
"textoIncidencia": null, 
"notificadoSMS": false, 
"fecha": "2008-10-31"
}
}, 
{
"pk": 1250, 
"model": "akademic.faltatarea", 
"fields": {
"hora": 11, 
"asignatura": 249, 
"alumno": 683, 
"textoIncidencia": null, 
"notificadoSMS": false, 
"fecha": "2008-10-31"
}
}, 
{
"pk": 1251, 
"model": "akademic.faltatarea", 
"fields": {
"hora": 11, 
"asignatura": 249, 
"alumno": 685, 
"textoIncidencia": null, 
"notificadoSMS": false, 
"fecha": "2008-10-31"
}
}, 
{
"pk": 1253, 
"model": "akademic.faltatarea", 
"fields": {
"hora": 11, 
"asignatura": 249, 
"alumno": 1819, 
"textoIncidencia": null, 
"notificadoSMS": false, 
"fecha": "2008-10-31"
}
}, 
{
"pk": 1254, 
"model": "akademic.faltatarea", 
"fields": {
"hora": 11, 
"asignatura": 249, 
"alumno": 697, 
"textoIncidencia": null, 
"notificadoSMS": false, 
"fecha": "2008-10-31"
}
}, 
{
"pk": 1255, 
"model": "akademic.faltatarea", 
"fields": {
"hora": 11, 
"asignatura": 249, 
"alumno": 1813, 
"textoIncidencia": null, 
"notificadoSMS": false, 
"fecha": "2008-10-31"
}
}, 
{
"pk": 1257, 
"model": "akademic.faltatarea", 
"fields": {
"hora": 9, 
"asignatura": 249, 
"alumno": 1471, 
"textoIncidencia": null, 
"notificadoSMS": false, 
"fecha": "2008-11-04"
}
}, 
{
"pk": 1259, 
"model": "akademic.faltatarea", 
"fields": {
"hora": 9, 
"asignatura": 249, 
"alumno": 688, 
"textoIncidencia": null, 
"notificadoSMS": false, 
"fecha": "2008-11-04"
}
}, 
{
"pk": 1260, 
"model": "akademic.faltatarea", 
"fields": {
"hora": 9, 
"asignatura": 249, 
"alumno": 1818, 
"textoIncidencia": null, 
"notificadoSMS": false, 
"fecha": "2008-11-04"
}
}, 
{
"pk": 1261, 
"model": "akademic.faltatarea", 
"fields": {
"hora": 9, 
"asignatura": 249, 
"alumno": 1813, 
"textoIncidencia": null, 
"notificadoSMS": false, 
"fecha": "2008-11-04"
}
}, 
{
"pk": 1263, 
"model": "akademic.faltatarea", 
"fields": {
"hora": 9, 
"asignatura": 249, 
"alumno": 884, 
"textoIncidencia": null, 
"notificadoSMS": false, 
"fecha": "2008-11-04"
}
}, 
{
"pk": 1265, 
"model": "akademic.faltatarea", 
"fields": {
"hora": 7, 
"asignatura": 249, 
"alumno": 1735, 
"textoIncidencia": null, 
"notificadoSMS": false, 
"fecha": "2008-09-30"
}
}, 
{
"pk": 1267, 
"model": "akademic.faltatarea", 
"fields": {
"hora": 7, 
"asignatura": 249, 
"alumno": 1814, 
"textoIncidencia": null, 
"notificadoSMS": false, 
"fecha": "2008-09-30"
}
}, 
{
"pk": 1268, 
"model": "akademic.faltatarea", 
"fields": {
"hora": 7, 
"asignatura": 249, 
"alumno": 1736, 
"textoIncidencia": null, 
"notificadoSMS": false, 
"fecha": "2008-09-30"
}
}, 
{
"pk": 1271, 
"model": "akademic.faltatarea", 
"fields": {
"hora": 7, 
"asignatura": 249, 
"alumno": 1817, 
"textoIncidencia": null, 
"notificadoSMS": false, 
"fecha": "2008-09-30"
}
}, 
{
"pk": 1272, 
"model": "akademic.faltatarea", 
"fields": {
"hora": 7, 
"asignatura": 249, 
"alumno": 854, 
"textoIncidencia": null, 
"notificadoSMS": false, 
"fecha": "2008-09-30"
}
}, 
{
"pk": 1274, 
"model": "akademic.faltatarea", 
"fields": {
"hora": 7, 
"asignatura": 249, 
"alumno": 694, 
"textoIncidencia": null, 
"notificadoSMS": false, 
"fecha": "2008-09-30"
}
}, 
{
"pk": 1276, 
"model": "akademic.faltatarea", 
"fields": {
"hora": 9, 
"asignatura": 249, 
"alumno": 843, 
"textoIncidencia": null, 
"notificadoSMS": false, 
"fecha": "2008-09-29"
}
}, 
{
"pk": 1279, 
"model": "akademic.faltatarea", 
"fields": {
"hora": 9, 
"asignatura": 249, 
"alumno": 836, 
"textoIncidencia": null, 
"notificadoSMS": false, 
"fecha": "2008-10-06"
}
}, 
{
"pk": 1280, 
"model": "akademic.faltatarea", 
"fields": {
"hora": 7, 
"asignatura": 249, 
"alumno": 1814, 
"textoIncidencia": null, 
"notificadoSMS": false, 
"fecha": "2008-10-14"
}
}, 
{
"pk": 1282, 
"model": "akademic.faltatarea", 
"fields": {
"hora": 7, 
"asignatura": 249, 
"alumno": 843, 
"textoIncidencia": null, 
"notificadoSMS": false, 
"fecha": "2008-10-14"
}
}, 
{
"pk": 1284, 
"model": "akademic.faltatarea", 
"fields": {
"hora": 7, 
"asignatura": 249, 
"alumno": 692, 
"textoIncidencia": null, 
"notificadoSMS": false, 
"fecha": "2008-10-14"
}
}, 
{
"pk": 1285, 
"model": "akademic.faltatarea", 
"fields": {
"hora": 7, 
"asignatura": 249, 
"alumno": 704, 
"textoIncidencia": null, 
"notificadoSMS": false, 
"fecha": "2008-10-14"
}
}, 
{
"pk": 1286, 
"model": "akademic.faltatarea", 
"fields": {
"hora": 7, 
"asignatura": 249, 
"alumno": 694, 
"textoIncidencia": null, 
"notificadoSMS": false, 
"fecha": "2008-10-14"
}
}, 
{
"pk": 1518, 
"model": "akademic.faltatarea", 
"fields": {
"hora": 6, 
"asignatura": 827, 
"alumno": 317, 
"textoIncidencia": null, 
"notificadoSMS": false, 
"fecha": "2008-11-11"
}
}, 
{
"pk": 1528, 
"model": "akademic.faltatarea", 
"fields": {
"hora": 7, 
"asignatura": 827, 
"alumno": 852, 
"textoIncidencia": null, 
"notificadoSMS": false, 
"fecha": "2008-11-10"
}
}, 
{
"pk": 1529, 
"model": "akademic.faltatarea", 
"fields": {
"hora": 7, 
"asignatura": 827, 
"alumno": 1713, 
"textoIncidencia": null, 
"notificadoSMS": false, 
"fecha": "2008-11-10"
}
}, 
{
"pk": 1532, 
"model": "akademic.faltatarea", 
"fields": {
"hora": 10, 
"asignatura": 249, 
"alumno": 1818, 
"textoIncidencia": null, 
"notificadoSMS": false, 
"fecha": "2008-11-10"
}
}, 
{
"pk": 1533, 
"model": "akademic.faltatarea", 
"fields": {
"hora": 10, 
"asignatura": 249, 
"alumno": 697, 
"textoIncidencia": null, 
"notificadoSMS": false, 
"fecha": "2008-11-10"
}
}, 
{
"pk": 1534, 
"model": "akademic.faltatarea", 
"fields": {
"hora": 10, 
"asignatura": 249, 
"alumno": 1813, 
"textoIncidencia": null, 
"notificadoSMS": false, 
"fecha": "2008-11-10"
}
}, 
{
"pk": 1536, 
"model": "akademic.faltatarea", 
"fields": {
"hora": 10, 
"asignatura": 249, 
"alumno": 884, 
"textoIncidencia": null, 
"notificadoSMS": false, 
"fecha": "2008-11-10"
}
}, 
{
"pk": 1571, 
"model": "akademic.faltatarea", 
"fields": {
"hora": 9, 
"asignatura": 249, 
"alumno": 1734, 
"textoIncidencia": null, 
"notificadoSMS": false, 
"fecha": "2008-11-11"
}
}, 
{
"pk": 1573, 
"model": "akademic.faltatarea", 
"fields": {
"hora": 10, 
"asignatura": 827, 
"alumno": 1608, 
"textoIncidencia": null, 
"notificadoSMS": false, 
"fecha": "2008-11-11"
}
}, 
{
"pk": 1782, 
"model": "akademic.faltatarea", 
"fields": {
"hora": 10, 
"asignatura": 827, 
"alumno": 1818, 
"textoIncidencia": null, 
"notificadoSMS": false, 
"fecha": "2008-11-13"
}
}, 
{
"pk": 1834, 
"model": "akademic.faltatarea", 
"fields": {
"hora": 6, 
"asignatura": 827, 
"alumno": 1055, 
"textoIncidencia": null, 
"notificadoSMS": false, 
"fecha": "2008-11-17"
}
}, 
{
"pk": 1835, 
"model": "akademic.faltatarea", 
"fields": {
"hora": 6, 
"asignatura": 827, 
"alumno": 683, 
"textoIncidencia": null, 
"notificadoSMS": false, 
"fecha": "2008-11-17"
}
}, 
{
"pk": 1837, 
"model": "akademic.faltatarea", 
"fields": {
"hora": 6, 
"asignatura": 827, 
"alumno": 1818, 
"textoIncidencia": null, 
"notificadoSMS": false, 
"fecha": "2008-11-17"
}
}, 
{
"pk": 1838, 
"model": "akademic.faltatarea", 
"fields": {
"hora": 6, 
"asignatura": 827, 
"alumno": 1813, 
"textoIncidencia": null, 
"notificadoSMS": false, 
"fecha": "2008-11-17"
}
}, 
{
"pk": 1956, 
"model": "akademic.faltatarea", 
"fields": {
"hora": 7, 
"asignatura": 249, 
"alumno": 317, 
"textoIncidencia": null, 
"notificadoSMS": false, 
"fecha": "2008-11-18"
}
}, 
{
"pk": 1989, 
"model": "akademic.faltatarea", 
"fields": {
"hora": 11, 
"asignatura": 827, 
"alumno": 1055, 
"textoIncidencia": null, 
"notificadoSMS": false, 
"fecha": "2008-11-18"
}
}, 
{
"pk": 1990, 
"model": "akademic.faltatarea", 
"fields": {
"hora": 11, 
"asignatura": 827, 
"alumno": 685, 
"textoIncidencia": null, 
"notificadoSMS": false, 
"fecha": "2008-11-18"
}
}, 
{
"pk": 1992, 
"model": "akademic.faltatarea", 
"fields": {
"hora": 11, 
"asignatura": 827, 
"alumno": 697, 
"textoIncidencia": null, 
"notificadoSMS": false, 
"fecha": "2008-11-18"
}
}, 
{
"pk": 1996, 
"model": "akademic.faltatarea", 
"fields": {
"hora": 12, 
"asignatura": 2901, 
"alumno": 1651, 
"textoIncidencia": null, 
"notificadoSMS": false, 
"fecha": "2008-11-19"
}
}, 
{
"pk": 38, 
"model": "akademic.faltamaterial", 
"fields": {
"hora": 10, 
"asignatura": 827, 
"alumno": 1057, 
"textoIncidencia": null, 
"notificadoSMS": false, 
"fecha": "2008-10-15"
}
}, 
{
"pk": 40, 
"model": "akademic.faltamaterial", 
"fields": {
"hora": 8, 
"asignatura": 827, 
"alumno": 1720, 
"textoIncidencia": null, 
"notificadoSMS": false, 
"fecha": "2008-10-06"
}
}, 
{
"pk": 46, 
"model": "akademic.faltamaterial", 
"fields": {
"hora": 8, 
"asignatura": 827, 
"alumno": 1057, 
"textoIncidencia": null, 
"notificadoSMS": false, 
"fecha": "2008-10-06"
}
}, 
{
"pk": 49, 
"model": "akademic.faltamaterial", 
"fields": {
"hora": 8, 
"asignatura": 827, 
"alumno": 1608, 
"textoIncidencia": null, 
"notificadoSMS": false, 
"fecha": "2008-09-29"
}
}, 
{
"pk": 54, 
"model": "akademic.faltamaterial", 
"fields": {
"hora": 8, 
"asignatura": 827, 
"alumno": 886, 
"textoIncidencia": null, 
"notificadoSMS": false, 
"fecha": "2008-09-29"
}
}, 
{
"pk": 59, 
"model": "akademic.faltamaterial", 
"fields": {
"hora": 10, 
"asignatura": 827, 
"alumno": 886, 
"textoIncidencia": null, 
"notificadoSMS": false, 
"fecha": "2008-09-30"
}
}, 
{
"pk": 238, 
"model": "akademic.faltamaterial", 
"fields": {
"hora": 11, 
"asignatura": 249, 
"alumno": 1713, 
"textoIncidencia": null, 
"notificadoSMS": false, 
"fecha": "2008-10-27"
}
}, 
{
"pk": 239, 
"model": "akademic.faltamaterial", 
"fields": {
"hora": 11, 
"asignatura": 249, 
"alumno": 865, 
"textoIncidencia": null, 
"notificadoSMS": false, 
"fecha": "2008-10-27"
}
}, 
{
"pk": 390, 
"model": "akademic.faltamaterial", 
"fields": {
"hora": 11, 
"asignatura": 249, 
"alumno": 833, 
"textoIncidencia": null, 
"notificadoSMS": false, 
"fecha": "2008-10-20"
}
}, 
{
"pk": 394, 
"model": "akademic.faltamaterial", 
"fields": {
"hora": 11, 
"asignatura": 2685, 
"alumno": 1056, 
"textoIncidencia": null, 
"notificadoSMS": false, 
"fecha": "2008-10-24"
}
}, 
{
"pk": 472, 
"model": "akademic.faltamaterial", 
"fields": {
"hora": 10, 
"asignatura": 827, 
"alumno": 1725, 
"textoIncidencia": null, 
"notificadoSMS": false, 
"fecha": "2008-10-29"
}
}, 
{
"pk": 473, 
"model": "akademic.faltamaterial", 
"fields": {
"hora": 7, 
"asignatura": 827, 
"alumno": 1713, 
"textoIncidencia": null, 
"notificadoSMS": false, 
"fecha": "2008-10-27"
}
}, 
{
"pk": 488, 
"model": "akademic.faltamaterial", 
"fields": {
"hora": 8, 
"asignatura": 249, 
"alumno": 1059, 
"textoIncidencia": null, 
"notificadoSMS": false, 
"fecha": "2008-10-15"
}
}, 
{
"pk": 490, 
"model": "akademic.faltamaterial", 
"fields": {
"hora": 8, 
"asignatura": 249, 
"alumno": 886, 
"textoIncidencia": null, 
"notificadoSMS": false, 
"fecha": "2008-10-15"
}
}, 
{
"pk": 495, 
"model": "akademic.faltamaterial", 
"fields": {
"hora": 10, 
"asignatura": 249, 
"alumno": 886, 
"textoIncidencia": null, 
"notificadoSMS": false, 
"fecha": "2008-10-20"
}
}, 
{
"pk": 577, 
"model": "akademic.faltamaterial", 
"fields": {
"hora": 6, 
"asignatura": 827, 
"alumno": 684, 
"textoIncidencia": null, 
"notificadoSMS": false, 
"fecha": "2008-10-31"
}
}, 
{
"pk": 578, 
"model": "akademic.faltamaterial", 
"fields": {
"hora": 6, 
"asignatura": 827, 
"alumno": 1813, 
"textoIncidencia": null, 
"notificadoSMS": false, 
"fecha": "2008-10-31"
}
}, 
{
"pk": 579, 
"model": "akademic.faltamaterial", 
"fields": {
"hora": 7, 
"asignatura": 827, 
"alumno": 694, 
"textoIncidencia": null, 
"notificadoSMS": false, 
"fecha": "2008-10-31"
}
}, 
{
"pk": 585, 
"model": "akademic.faltamaterial", 
"fields": {
"hora": 11, 
"asignatura": 2685, 
"alumno": 852, 
"textoIncidencia": null, 
"notificadoSMS": false, 
"fecha": "2008-10-31"
}
}, 
{
"pk": 586, 
"model": "akademic.faltamaterial", 
"fields": {
"hora": 11, 
"asignatura": 2685, 
"alumno": 1709, 
"textoIncidencia": null, 
"notificadoSMS": false, 
"fecha": "2008-10-31"
}
}, 
{
"pk": 629, 
"model": "akademic.faltamaterial", 
"fields": {
"hora": 8, 
"asignatura": 249, 
"alumno": 695, 
"textoIncidencia": null, 
"notificadoSMS": false, 
"fecha": "2008-10-30"
}
}, 
{
"pk": 632, 
"model": "akademic.faltamaterial", 
"fields": {
"hora": 10, 
"asignatura": 827, 
"alumno": 1515, 
"textoIncidencia": null, 
"notificadoSMS": false, 
"fecha": "2008-10-31"
}
}, 
{
"pk": 659, 
"model": "akademic.faltamaterial", 
"fields": {
"hora": 7, 
"asignatura": 249, 
"alumno": 649, 
"textoIncidencia": null, 
"notificadoSMS": false, 
"fecha": "2008-11-04"
}
}, 
{
"pk": 672, 
"model": "akademic.faltamaterial", 
"fields": {
"hora": 9, 
"asignatura": 249, 
"alumno": 697, 
"textoIncidencia": null, 
"notificadoSMS": false, 
"fecha": "2008-10-07"
}
}, 
{
"pk": 673, 
"model": "akademic.faltamaterial", 
"fields": {
"hora": 9, 
"asignatura": 249, 
"alumno": 143, 
"textoIncidencia": null, 
"notificadoSMS": false, 
"fecha": "2008-10-07"
}
}, 
{
"pk": 675, 
"model": "akademic.faltamaterial", 
"fields": {
"hora": 11, 
"asignatura": 249, 
"alumno": 143, 
"textoIncidencia": null, 
"notificadoSMS": false, 
"fecha": "2008-10-10"
}
}, 
{
"pk": 677, 
"model": "akademic.faltamaterial", 
"fields": {
"hora": 9, 
"asignatura": 249, 
"alumno": 143, 
"textoIncidencia": null, 
"notificadoSMS": false, 
"fecha": "2008-10-14"
}
}, 
{
"pk": 679, 
"model": "akademic.faltamaterial", 
"fields": {
"hora": 11, 
"asignatura": 249, 
"alumno": 1819, 
"textoIncidencia": null, 
"notificadoSMS": false, 
"fecha": "2008-10-31"
}
}, 
{
"pk": 685, 
"model": "akademic.faltamaterial", 
"fields": {
"hora": 8, 
"asignatura": 249, 
"alumno": 822, 
"textoIncidencia": null, 
"notificadoSMS": false, 
"fecha": "2008-10-02"
}
}, 
{
"pk": 766, 
"model": "akademic.faltamaterial", 
"fields": {
"hora": 9, 
"asignatura": 827, 
"alumno": 660, 
"textoIncidencia": null, 
"notificadoSMS": false, 
"fecha": "2008-11-06"
}
}, 
{
"pk": 771, 
"model": "akademic.faltamaterial", 
"fields": {
"hora": 6, 
"asignatura": 827, 
"alumno": 1055, 
"textoIncidencia": null, 
"notificadoSMS": false, 
"fecha": "2008-11-07"
}
}, 
{
"pk": 782, 
"model": "akademic.faltamaterial", 
"fields": {
"hora": 9, 
"asignatura": 1598, 
"alumno": 688, 
"textoIncidencia": null, 
"notificadoSMS": false, 
"fecha": "2008-11-07"
}
}, 
{
"pk": 783, 
"model": "akademic.faltamaterial", 
"fields": {
"hora": 9, 
"asignatura": 1598, 
"alumno": 143, 
"textoIncidencia": null, 
"notificadoSMS": false, 
"fecha": "2008-11-07"
}
}, 
{
"pk": 823, 
"model": "akademic.faltamaterial", 
"fields": {
"hora": 7, 
"asignatura": 249, 
"alumno": 1814, 
"textoIncidencia": null, 
"notificadoSMS": false, 
"fecha": "2008-11-11"
}
}, 
{
"pk": 833, 
"model": "akademic.faltamaterial", 
"fields": {
"hora": 11, 
"asignatura": 827, 
"alumno": 1813, 
"textoIncidencia": null, 
"notificadoSMS": false, 
"fecha": "2008-11-11"
}
}, 
{
"pk": 929, 
"model": "akademic.faltamaterial", 
"fields": {
"hora": 9, 
"asignatura": 827, 
"alumno": 1814, 
"textoIncidencia": null, 
"notificadoSMS": false, 
"fecha": "2008-11-13"
}
}, 
{
"pk": 930, 
"model": "akademic.faltamaterial", 
"fields": {
"hora": 9, 
"asignatura": 827, 
"alumno": 694, 
"textoIncidencia": null, 
"notificadoSMS": false, 
"fecha": "2008-11-13"
}
}, 
{
"pk": 931, 
"model": "akademic.faltamaterial", 
"fields": {
"hora": 10, 
"asignatura": 827, 
"alumno": 1818, 
"textoIncidencia": null, 
"notificadoSMS": false, 
"fecha": "2008-11-13"
}
}, 
{
"pk": 982, 
"model": "akademic.faltamaterial", 
"fields": {
"hora": 6, 
"asignatura": 827, 
"alumno": 683, 
"textoIncidencia": null, 
"notificadoSMS": false, 
"fecha": "2008-11-17"
}
}, 
{
"pk": 983, 
"model": "akademic.faltamaterial", 
"fields": {
"hora": 6, 
"asignatura": 827, 
"alumno": 1813, 
"textoIncidencia": null, 
"notificadoSMS": false, 
"fecha": "2008-11-17"
}
}, 
{
"pk": 1018, 
"model": "akademic.faltamaterial", 
"fields": {
"hora": 11, 
"asignatura": 249, 
"alumno": 1056, 
"textoIncidencia": null, 
"notificadoSMS": false, 
"fecha": "2008-11-17"
}
}, 
{
"pk": 1021, 
"model": "akademic.faltamaterial", 
"fields": {
"hora": 12, 
"asignatura": 2901, 
"alumno": 1650, 
"textoIncidencia": null, 
"notificadoSMS": false, 
"fecha": "2008-11-19"
}
}, 
{
"pk": 1022, 
"model": "akademic.faltamaterial", 
"fields": {
"hora": 12, 
"asignatura": 2901, 
"alumno": 1643, 
"textoIncidencia": null, 
"notificadoSMS": false, 
"fecha": "2008-11-19"
}
}, 
{
"pk": 268, 
"model": "akademic.grupoaula", 
"fields": {
"nivel": 27, 
"ciclo": "UNI", 
"metaGrupo": false, 
"curso": 1, 
"aula": 1, 
"seccion": "A", 
"turno": 2, 
"cursoEscolar": 2008
}
}, 
{
"pk": 269, 
"model": "akademic.grupoaula", 
"fields": {
"nivel": 27, 
"ciclo": "UNI", 
"metaGrupo": false, 
"curso": 1, 
"aula": 2, 
"seccion": "B", 
"turno": 2, 
"cursoEscolar": 2008
}
}, 
{
"pk": 301, 
"model": "akademic.grupoaula", 
"fields": {
"nivel": 27, 
"ciclo": "UNI", 
"metaGrupo": false, 
"curso": 2, 
"aula": 5, 
"seccion": "A", 
"turno": 2, 
"cursoEscolar": 2008
}
}, 
{
"pk": 302, 
"model": "akademic.grupoaula", 
"fields": {
"nivel": 27, 
"ciclo": "UNI", 
"metaGrupo": false, 
"curso": 2, 
"aula": 4, 
"seccion": "B", 
"turno": 2, 
"cursoEscolar": 2008
}
}, 
{
"pk": 304, 
"model": "akademic.grupoaula", 
"fields": {
"nivel": 27, 
"ciclo": "UNI", 
"metaGrupo": false, 
"curso": 4, 
"aula": 10, 
"seccion": "A", 
"turno": 2, 
"cursoEscolar": 2008
}
}, 
{
"pk": 277, 
"model": "akademic.grupoaula", 
"fields": {
"nivel": 28, 
"ciclo": "2", 
"metaGrupo": false, 
"curso": 5, 
"aula": 39, 
"seccion": "A", 
"turno": 2, 
"cursoEscolar": 2008
}
}, 
{
"pk": 23, 
"model": "akademic.profesor", 
"fields": {
"fax": null, 
"escaleraPisoPuerta": null, 
"provincia": 38, 
"numeroCalle": null, 
"telefonoMovil": null, 
"dni": "11112643", 
"tipoVia": null, 
"sexo": true, 
"apellidos": "ANCEAUME D\u00cdAZ", 
"telefonoCasa": "", 
"email": "", 
"municipio": null, 
"isla": 7, 
"localidad": "LOCALIDAD DE RESIDENCIA", 
"nombre": "DANIEL", 
"codPostal": "38000", 
"nacimiento": "1944-05-21", 
"domicilio": ""
}
}, 
{
"pk": 20, 
"model": "akademic.profesor", 
"fields": {
"fax": null, 
"escaleraPisoPuerta": null, 
"provincia": 38, 
"numeroCalle": null, 
"telefonoMovil": null, 
"dni": "11112635", 
"tipoVia": null, 
"sexo": true, 
"apellidos": "ARMAS D\u00cdAZ", 
"telefonoCasa": "", 
"email": "", 
"municipio": null, 
"isla": 7, 
"localidad": "PUERTO DE LA CRUZ", 
"nombre": "CRISTOB\u00c1L", 
"codPostal": "38000", 
"nacimiento": "1951-07-21", 
"domicilio": ""
}
}, 
{
"pk": 63, 
"model": "akademic.profesor", 
"fields": {
"fax": null, 
"escaleraPisoPuerta": null, 
"provincia": 38, 
"numeroCalle": null, 
"telefonoMovil": null, 
"dni": "11112620", 
"tipoVia": null, 
"sexo": false, 
"apellidos": "BATTISTON VITTI", 
"telefonoCasa": "620328072", 
"email": "", 
"municipio": null, 
"isla": 7, 
"localidad": "LOCALIDAD DE RESIDENCIA", 
"nombre": "JANINA MARGARITA", 
"codPostal": "38000", 
"nacimiento": "1981-01-09", 
"domicilio": ""
}
}, 
{
"pk": 38, 
"model": "akademic.profesor", 
"fields": {
"fax": null, 
"escaleraPisoPuerta": null, 
"provincia": 38, 
"numeroCalle": null, 
"telefonoMovil": null, 
"dni": "11112642", 
"tipoVia": null, 
"sexo": false, 
"apellidos": "CRUZ MARTIN", 
"telefonoCasa": "", 
"email": "", 
"municipio": null, 
"isla": 7, 
"localidad": "LOCALIDAD DE RESIDENCIA", 
"nombre": "AROA", 
"codPostal": "38000", 
"nacimiento": "1963-10-25", 
"domicilio": ""
}
}, 
{
"pk": 51, 
"model": "akademic.profesor", 
"fields": {
"fax": null, 
"escaleraPisoPuerta": null, 
"provincia": 38, 
"numeroCalle": null, 
"telefonoMovil": null, 
"dni": "11112600", 
"tipoVia": null, 
"sexo": false, 
"apellidos": "CRUZ MART\u00cdN", 
"telefonoCasa": "", 
"email": "", 
"municipio": null, 
"isla": 7, 
"localidad": "LOCALIDAD DE RESIDENCIA", 
"nombre": "MIRIAM", 
"codPostal": "38000", 
"nacimiento": "1966-03-01", 
"domicilio": ""
}
}, 
{
"pk": 57, 
"model": "akademic.profesor", 
"fields": {
"fax": null, 
"escaleraPisoPuerta": null, 
"provincia": 38, 
"numeroCalle": null, 
"telefonoMovil": null, 
"dni": "11112609", 
"tipoVia": null, 
"sexo": false, 
"apellidos": "DELGADO MARTIN", 
"telefonoCasa": "", 
"email": "", 
"municipio": null, 
"isla": 7, 
"localidad": "LOCALIDAD DE RESIDENCIA", 
"nombre": "EDUARDO", 
"codPostal": "38000", 
"nacimiento": "1981-03-10", 
"domicilio": ""
}
}, 
{
"pk": 42, 
"model": "akademic.profesor", 
"fields": {
"fax": null, 
"escaleraPisoPuerta": null, 
"provincia": 38, 
"numeroCalle": null, 
"telefonoMovil": null, 
"dni": "11112654", 
"tipoVia": null, 
"sexo": true, 
"apellidos": "DIMSOY DELGADO", 
"telefonoCasa": "", 
"email": "", 
"municipio": null, 
"isla": 7, 
"localidad": "LA CUESTA", 
"nombre": "SERGIO", 
"codPostal": "", 
"nacimiento": "1977-01-01", 
"domicilio": ""
}
}, 
{
"pk": 26, 
"model": "akademic.profesor", 
"fields": {
"fax": null, 
"escaleraPisoPuerta": null, 
"provincia": 38, 
"numeroCalle": null, 
"telefonoMovil": null, 
"dni": "11112646", 
"tipoVia": null, 
"sexo": true, 
"apellidos": "DOM\u00cdNGUEZ GONZ\u00c1LEZ", 
"telefonoCasa": "", 
"email": "", 
"municipio": null, 
"isla": 7, 
"localidad": "LOCALIDAD DE RESIDENCIA", 
"nombre": "TOMAS", 
"codPostal": "38000", 
"nacimiento": "1944-05-04", 
"domicilio": ""
}
}, 
{
"pk": 6, 
"model": "akademic.profesor", 
"fields": {
"fax": null, 
"escaleraPisoPuerta": null, 
"provincia": 38, 
"numeroCalle": null, 
"telefonoMovil": null, 
"dni": "11112595", 
"tipoVia": null, 
"sexo": true, 
"apellidos": "DORTA SU\u00c1REZ", 
"telefonoCasa": "", 
"email": "", 
"municipio": null, 
"isla": 7, 
"localidad": "SANTA URSULA", 
"nombre": "JAIME", 
"codPostal": "38000", 
"nacimiento": "1951-10-06", 
"domicilio": ""
}
}, 
{
"pk": 33, 
"model": "akademic.profesor", 
"fields": {
"fax": null, 
"escaleraPisoPuerta": null, 
"provincia": 38, 
"numeroCalle": null, 
"telefonoMovil": null, 
"dni": "11112632", 
"tipoVia": null, 
"sexo": false, 
"apellidos": "FARI\u00d1A FEBLES", 
"telefonoCasa": "", 
"email": "", 
"municipio": null, 
"isla": 7, 
"localidad": "LOCALIDAD DE RESIDENCIA", 
"nombre": "AINHOA", 
"codPostal": "38000", 
"nacimiento": "1973-03-31", 
"domicilio": ""
}
}, 
{
"pk": 21, 
"model": "akademic.profesor", 
"fields": {
"fax": null, 
"escaleraPisoPuerta": null, 
"provincia": 38, 
"numeroCalle": null, 
"telefonoMovil": null, 
"dni": "11112638", 
"tipoVia": null, 
"sexo": true, 
"apellidos": "FEBLES GUTI\u00c9RREZ", 
"telefonoCasa": "", 
"email": "", 
"municipio": null, 
"isla": 7, 
"localidad": "LOCALIDAD DE RESIDENCIA", 
"nombre": "GUILLERMO", 
"codPostal": "38000", 
"nacimiento": "1945-01-20", 
"domicilio": ""
}
}, 
{
"pk": 65, 
"model": "akademic.profesor", 
"fields": {
"fax": null, 
"escaleraPisoPuerta": null, 
"provincia": 38, 
"numeroCalle": null, 
"telefonoMovil": null, 
"dni": "11112655", 
"tipoVia": null, 
"sexo": false, 
"apellidos": "FERN\u00c1NDEZ RU\u00cdZ", 
"telefonoCasa": "", 
"email": "", 
"municipio": null, 
"isla": 7, 
"localidad": "LOCALIDAD DE RESIDENCIA", 
"nombre": "SARA MARIA", 
"codPostal": "38000", 
"nacimiento": "1971-08-26", 
"domicilio": ""
}
}, 
{
"pk": 3, 
"model": "akademic.profesor", 
"fields": {
"fax": null, 
"escaleraPisoPuerta": null, 
"provincia": 38, 
"numeroCalle": null, 
"telefonoMovil": null, 
"dni": "11112656", 
"tipoVia": null, 
"sexo": true, 
"apellidos": "FLORES YANES", 
"telefonoCasa": "", 
"email": "", 
"municipio": null, 
"isla": 7, 
"localidad": "LOCALIDAD DE RESIDENCIA", 
"nombre": "PABLO", 
"codPostal": "38000", 
"nacimiento": "1954-09-09", 
"domicilio": ""
}
}, 
{
"pk": 14, 
"model": "akademic.profesor", 
"fields": {
"fax": null, 
"escaleraPisoPuerta": null, 
"provincia": 38, 
"numeroCalle": null, 
"telefonoMovil": null, 
"dni": "11112618", 
"tipoVia": null, 
"sexo": false, 
"apellidos": "GALB\u00c1N S\u00c1NCHEZ", 
"telefonoCasa": "", 
"email": "", 
"municipio": null, 
"isla": 7, 
"localidad": "LOCALIDAD DE RESIDENCIA", 
"nombre": "ALEXANDRA", 
"codPostal": "38000", 
"nacimiento": "1950-04-13", 
"domicilio": ""
}
}, 
{
"pk": 58, 
"model": "akademic.profesor", 
"fields": {
"fax": null, 
"escaleraPisoPuerta": null, 
"provincia": 38, 
"numeroCalle": null, 
"telefonoMovil": null, 
"dni": "11112650", 
"tipoVia": null, 
"sexo": true, 
"apellidos": "GLEZ PEREZ", 
"telefonoCasa": "678709511", 
"email": "", 
"municipio": null, 
"isla": 7, 
"localidad": "LOCALIDAD DE RESIDENCIA", 
"nombre": "MARCOS JAVIER", 
"codPostal": "38000", 
"nacimiento": "1975-10-15", 
"domicilio": ""
}
}, 
{
"pk": 1, 
"model": "akademic.profesor", 
"fields": {
"fax": null, 
"escaleraPisoPuerta": null, 
"provincia": 38, 
"numeroCalle": null, 
"telefonoMovil": null, 
"dni": "11112591", 
"tipoVia": null, 
"sexo": true, 
"apellidos": "HERNANDEZ GONZALEZ", 
"telefonoCasa": "", 
"email": "", 
"municipio": null, 
"isla": 7, 
"localidad": "PUERTO DE LA CRUZ", 
"nombre": "TOMAS DEL", 
"codPostal": "38000", 
"nacimiento": "1950-11-14", 
"domicilio": ""
}
}, 
{
"pk": 29, 
"model": "akademic.profesor", 
"fields": {
"fax": null, 
"escaleraPisoPuerta": null, 
"provincia": 38, 
"numeroCalle": null, 
"telefonoMovil": null, 
"dni": "11112633", 
"tipoVia": null, 
"sexo": false, 
"apellidos": "HERN\u00c1NDEZ ROC\u00cdO", 
"telefonoCasa": "", 
"email": "", 
"municipio": null, 
"isla": 7, 
"localidad": "LOCALIDAD DE RESIDENCIA", 
"nombre": "ISABEL", 
"codPostal": "38000", 
"nacimiento": null, 
"domicilio": ""
}
}, 
{
"pk": 59, 
"model": "akademic.profesor", 
"fields": {
"fax": null, 
"escaleraPisoPuerta": null, 
"provincia": 38, 
"numeroCalle": null, 
"telefonoMovil": null, 
"dni": "11112605", 
"tipoVia": null, 
"sexo": false, 
"apellidos": "IZQUIERDO SANZ", 
"telefonoCasa": "", 
"email": "", 
"municipio": null, 
"isla": 7, 
"localidad": "LOS REALEJOS", 
"nombre": "ANNET COSTANZA", 
"codPostal": "38000", 
"nacimiento": "1978-09-01", 
"domicilio": ""
}
}, 
{
"pk": 4, 
"model": "akademic.profesor", 
"fields": {
"fax": null, 
"escaleraPisoPuerta": null, 
"provincia": 38, 
"numeroCalle": null, 
"telefonoMovil": null, 
"dni": "11112657", 
"tipoVia": null, 
"sexo": true, 
"apellidos": "JIM\u00c9NEZ HERN\u00c1NDEZ", 
"telefonoCasa": "", 
"email": "", 
"municipio": null, 
"isla": 7, 
"localidad": "LOCALIDAD DE RESIDENCIA", 
"nombre": "MANUEL", 
"codPostal": "38000", 
"nacimiento": "1944-08-21", 
"domicilio": ""
}
}, 
{
"pk": 5, 
"model": "akademic.profesor", 
"fields": {
"fax": null, 
"escaleraPisoPuerta": null, 
"provincia": 38, 
"numeroCalle": null, 
"telefonoMovil": null, 
"dni": "11112594", 
"tipoVia": null, 
"sexo": true, 
"apellidos": "LOPEZ LUIS", 
"telefonoCasa": "", 
"email": "", 
"municipio": null, 
"isla": 7, 
"localidad": "PUERTO DE LA CRUZ", 
"nombre": "BORJA", 
"codPostal": "38000", 
"nacimiento": "1957-06-27", 
"domicilio": ""
}
}, 
{
"pk": 68, 
"model": "akademic.profesor", 
"fields": {
"fax": null, 
"escaleraPisoPuerta": null, 
"provincia": 38, 
"numeroCalle": null, 
"telefonoMovil": null, 
"dni": "11112625", 
"tipoVia": null, 
"sexo": false, 
"apellidos": "LUIS HERN\u00c1NDEZ", 
"telefonoCasa": null, 
"email": "", 
"municipio": null, 
"isla": 7, 
"localidad": "ICOD DE LOS VINOS", 
"nombre": "PATRICIA", 
"codPostal": "38000", 
"nacimiento": "1973-03-29", 
"domicilio": ""
}
}, 
{
"pk": 41, 
"model": "akademic.profesor", 
"fields": {
"fax": null, 
"escaleraPisoPuerta": null, 
"provincia": 38, 
"numeroCalle": null, 
"telefonoMovil": null, 
"dni": "11112624", 
"tipoVia": null, 
"sexo": false, 
"apellidos": "LUIS MARTIN", 
"telefonoCasa": "", 
"email": "", 
"municipio": null, 
"isla": 7, 
"localidad": "LOCALIDAD DE RESIDENCIA", 
"nombre": "IRINA", 
"codPostal": "38000", 
"nacimiento": "1978-05-07", 
"domicilio": ""
}
}, 
{
"pk": 35, 
"model": "akademic.profesor", 
"fields": {
"fax": null, 
"escaleraPisoPuerta": null, 
"provincia": 38, 
"numeroCalle": null, 
"telefonoMovil": null, 
"dni": "11112613", 
"tipoVia": null, 
"sexo": false, 
"apellidos": "MACH\u00cdN GUARDIA", 
"telefonoCasa": "659847719", 
"email": "", 
"municipio": null, 
"isla": 7, 
"localidad": "ICOD DE LOS VINOS", 
"nombre": "ANDREA LUCIA", 
"codPostal": "38000", 
"nacimiento": "1978-02-01", 
"domicilio": ""
}
}, 
{
"pk": 9, 
"model": "akademic.profesor", 
"fields": {
"fax": null, 
"escaleraPisoPuerta": null, 
"provincia": 38, 
"numeroCalle": null, 
"telefonoMovil": null, 
"dni": "11112606", 
"tipoVia": null, 
"sexo": true, 
"apellidos": "MART\u00cdN CRUZ", 
"telefonoCasa": "", 
"email": "", 
"municipio": null, 
"isla": 7, 
"localidad": "LOS REALEJOS", 
"nombre": "OSCAR", 
"codPostal": "38000", 
"nacimiento": "1955-04-28", 
"domicilio": ""
}
}, 
{
"pk": 16, 
"model": "akademic.profesor", 
"fields": {
"fax": null, 
"escaleraPisoPuerta": null, 
"provincia": 38, 
"numeroCalle": null, 
"telefonoMovil": null, 
"dni": "11112623", 
"tipoVia": null, 
"sexo": false, 
"apellidos": "MORENO CARRERO", 
"telefonoCasa": "", 
"email": "", 
"municipio": null, 
"isla": 7, 
"localidad": "LOCALIDAD DE RESIDENCIA", 
"nombre": "CATHAYSA", 
"codPostal": "38000", 
"nacimiento": "1952-09-25", 
"domicilio": ""
}
}, 
{
"pk": 12, 
"model": "akademic.profesor", 
"fields": {
"fax": null, 
"escaleraPisoPuerta": null, 
"provincia": 38, 
"numeroCalle": null, 
"telefonoMovil": null, 
"dni": "11112615", 
"tipoVia": null, 
"sexo": true, 
"apellidos": "PACHECO S\u00c1NCHEZ", 
"telefonoCasa": "", 
"email": "", 
"municipio": null, 
"isla": 7, 
"localidad": "PUERTO DE LA CRUZ", 
"nombre": "JORGE ROBERTO", 
"codPostal": "38000", 
"nacimiento": "1955-12-30", 
"domicilio": ""
}
}, 
{
"pk": 11, 
"model": "akademic.profesor", 
"fields": {
"fax": null, 
"escaleraPisoPuerta": null, 
"provincia": 38, 
"numeroCalle": null, 
"telefonoMovil": null, 
"dni": "11112614", 
"tipoVia": null, 
"sexo": true, 
"apellidos": "PALENZUELA QUINTANA", 
"telefonoCasa": "", 
"email": "", 
"municipio": null, 
"isla": 7, 
"localidad": "LOCALIDAD DE RESIDENCIA", 
"nombre": "GUILLERMO", 
"codPostal": "38000", 
"nacimiento": "1967-07-04", 
"domicilio": ""
}
}, 
{
"pk": 13, 
"model": "akademic.profesor", 
"fields": {
"fax": null, 
"escaleraPisoPuerta": null, 
"provincia": 38, 
"numeroCalle": null, 
"telefonoMovil": null, 
"dni": "11112619", 
"tipoVia": null, 
"sexo": true, 
"apellidos": "PALENZUELA QUINTANA", 
"telefonoCasa": "", 
"email": "", 
"municipio": null, 
"isla": 7, 
"localidad": "GARACHICO", 
"nombre": "JUAN", 
"codPostal": "", 
"nacimiento": "1975-07-12", 
"domicilio": ""
}
}, 
{
"pk": 39, 
"model": "akademic.profesor", 
"fields": {
"fax": null, 
"escaleraPisoPuerta": null, 
"provincia": 38, 
"numeroCalle": null, 
"telefonoMovil": null, 
"dni": "11112592", 
"tipoVia": null, 
"sexo": true, 
"apellidos": "PEREZ DIAZ", 
"telefonoCasa": "", 
"email": "", 
"municipio": null, 
"isla": 7, 
"localidad": "LOCALIDAD DE RESIDENCIA", 
"nombre": "PL\u00c1CIDO", 
"codPostal": "38000", 
"nacimiento": "1972-02-23", 
"domicilio": ""
}
}, 
{
"pk": 66, 
"model": "akademic.profesor", 
"fields": {
"fax": null, 
"escaleraPisoPuerta": null, 
"provincia": 38, 
"numeroCalle": null, 
"telefonoMovil": null, 
"dni": "11112637", 
"tipoVia": null, 
"sexo": true, 
"apellidos": "REGALADO PERAZA", 
"telefonoCasa": "687631848", 
"email": "", 
"municipio": null, 
"isla": 7, 
"localidad": "LOCALIDAD DE RESIDENCIA", 
"nombre": "DIEGO", 
"codPostal": "38000", 
"nacimiento": "1977-07-18", 
"domicilio": ""
}
}, 
{
"pk": 15, 
"model": "akademic.profesor", 
"fields": {
"fax": null, 
"escaleraPisoPuerta": null, 
"provincia": 38, 
"numeroCalle": null, 
"telefonoMovil": null, 
"dni": "11112621", 
"tipoVia": null, 
"sexo": false, 
"apellidos": "RODRIGUEZ MEDINA", 
"telefonoCasa": "", 
"email": "", 
"municipio": null, 
"isla": 7, 
"localidad": "LOCALIDAD DE RESIDENCIA", 
"nombre": "LAURA", 
"codPostal": "38000", 
"nacimiento": "1973-03-06", 
"domicilio": ""
}
}, 
{
"pk": 47, 
"model": "akademic.profesor", 
"fields": {
"fax": null, 
"escaleraPisoPuerta": null, 
"provincia": 38, 
"numeroCalle": null, 
"telefonoMovil": null, 
"dni": "11112608", 
"tipoVia": null, 
"sexo": true, 
"apellidos": "RODR\u00cdGUEZ KAHLEFENDT", 
"telefonoCasa": "", 
"email": "", 
"municipio": null, 
"isla": 7, 
"localidad": "LOCALIDAD DE RESIDENCIA", 
"nombre": "MIGUEL", 
"codPostal": "38000", 
"nacimiento": "1966-12-03", 
"domicilio": ""
}
}, 
{
"pk": 67, 
"model": "akademic.profesor", 
"fields": {
"fax": null, 
"escaleraPisoPuerta": null, 
"provincia": 38, 
"numeroCalle": null, 
"telefonoMovil": null, 
"dni": "11112590", 
"tipoVia": null, 
"sexo": false, 
"apellidos": "RODR\u00cdGUEZ RAMOS", 
"telefonoCasa": null, 
"email": "", 
"municipio": null, 
"isla": 7, 
"localidad": "PUERTO DE LA CRUZ", 
"nombre": "LAURA", 
"codPostal": "38000", 
"nacimiento": "1976-02-10", 
"domicilio": ""
}
}, 
{
"pk": 44, 
"model": "akademic.profesor", 
"fields": {
"fax": null, 
"escaleraPisoPuerta": null, 
"provincia": 38, 
"numeroCalle": null, 
"telefonoMovil": null, 
"dni": "11112651", 
"tipoVia": null, 
"sexo": true, 
"apellidos": "RODWAY MORALES", 
"telefonoCasa": "", 
"email": "", 
"municipio": null, 
"isla": 7, 
"localidad": "LOCALIDAD DE RESIDENCIA", 
"nombre": "ELVIS MIGUEL", 
"codPostal": "38000", 
"nacimiento": "1980-04-22", 
"domicilio": ""
}
}, 
{
"pk": 43, 
"model": "akademic.profesor", 
"fields": {
"fax": null, 
"escaleraPisoPuerta": null, 
"provincia": 38, 
"numeroCalle": null, 
"telefonoMovil": null, 
"dni": "11112653", 
"tipoVia": null, 
"sexo": true, 
"apellidos": "SACRAMENTO MARTIN", 
"telefonoCasa": "", 
"email": "", 
"municipio": null, 
"isla": 7, 
"localidad": "LOCALIDAD DE RESIDENCIA", 
"nombre": "PEDRO", 
"codPostal": "38000", 
"nacimiento": "1944-01-01", 
"domicilio": ""
}
}, 
{
"pk": 2, 
"model": "akademic.profesor", 
"fields": {
"fax": null, 
"escaleraPisoPuerta": null, 
"provincia": 38, 
"numeroCalle": null, 
"telefonoMovil": null, 
"dni": "11112589", 
"tipoVia": null, 
"sexo": false, 
"apellidos": "SU\u00c1REZ ACOSTA", 
"telefonoCasa": "", 
"email": "", 
"municipio": null, 
"isla": 7, 
"localidad": "LOCALIDAD DE RESIDENCIA", 
"nombre": "ANDREA DELIA", 
"codPostal": "38000", 
"nacimiento": "1972-04-10", 
"domicilio": ""
}
}, 
{
"pk": 30, 
"model": "akademic.profesor", 
"fields": {
"fax": null, 
"escaleraPisoPuerta": null, 
"provincia": 38, 
"numeroCalle": null, 
"telefonoMovil": null, 
"dni": "11112610", 
"tipoVia": null, 
"sexo": true, 
"apellidos": "TRUJILLO REYES", 
"telefonoCasa": null, 
"email": "", 
"municipio": null, 
"isla": 7, 
"localidad": "LA LAGUNA", 
"nombre": "JOSE-DANIEL", 
"codPostal": "", 
"nacimiento": "1966-01-30", 
"domicilio": ""
}
}, 
{
"pk": 32, 
"model": "akademic.profesor", 
"fields": {
"fax": null, 
"escaleraPisoPuerta": null, 
"provincia": 38, 
"numeroCalle": null, 
"telefonoMovil": null, 
"dni": "11112627", 
"tipoVia": null, 
"sexo": true, 
"apellidos": "VALERA GONZ\u00c1LEZ", 
"telefonoCasa": "658022866", 
"email": "", 
"municipio": null, 
"isla": 7, 
"localidad": "LOCALIDAD DE RESIDENCIA", 
"nombre": "PEDRO DAMASO", 
"codPostal": "38000", 
"nacimiento": "1974-04-16", 
"domicilio": ""
}
}, 
{
"pk": 46, 
"model": "akademic.profesor", 
"fields": {
"fax": null, 
"escaleraPisoPuerta": null, 
"provincia": 38, 
"numeroCalle": null, 
"telefonoMovil": null, 
"dni": "11112622", 
"tipoVia": null, 
"sexo": true, 
"apellidos": "\u00c1LVAREZ FERN\u00c1NDEZ", 
"telefonoCasa": "669848518", 
"email": "", 
"municipio": null, 
"isla": 7, 
"localidad": "LOCALIDAD DE RESIDENCIA", 
"nombre": "ALEJANDRO", 
"codPostal": "38000", 
"nacimiento": "1977-04-20", 
"domicilio": ""
}
}, 
{
"pk": 8, 
"model": "akademic.profesor", 
"fields": {
"fax": null, 
"escaleraPisoPuerta": null, 
"provincia": 38, 
"numeroCalle": null, 
"telefonoMovil": null, 
"dni": "11112602", 
"tipoVia": null, 
"sexo": true, 
"apellidos": "\u00c1LVAREZ FERN\u00c1NDEZ", 
"telefonoCasa": "", 
"email": "", 
"municipio": null, 
"isla": 7, 
"localidad": "LOCALIDAD DE RESIDENCIA", 
"nombre": "JOS\u00c9 LUIS", 
"codPostal": "38000", 
"nacimiento": "1954-09-16", 
"domicilio": ""
}
}, 
{
"pk": 2, 
"model": "akademic.tutor", 
"fields": {
"profesor": 41, 
"grupo": 268
}
}, 
{
"pk": 3, 
"model": "akademic.tutor", 
"fields": {
"profesor": 39, 
"grupo": 304
}
}, 
{
"pk": 6, 
"model": "akademic.tutor", 
"fields": {
"profesor": 32, 
"grupo": 302
}
}, 
{
"pk": 8, 
"model": "akademic.tutor", 
"fields": {
"profesor": 11, 
"grupo": 269
}
}, 
{
"pk": 9, 
"model": "akademic.tutor", 
"fields": {
"profesor": 15, 
"grupo": 301
}
}, 
{
"pk": 35, 
"model": "akademic.tutor", 
"fields": {
"profesor": 57, 
"grupo": 277
}
}, 
{
"pk": 11, 
"model": "akademic.horario", 
"fields": {
"hora": 12, 
"asignatura": 2901, 
"profesor": 57, 
"grupo": 277, 
"diaSemana": 1, 
"cursoEscolar": 2008
}
}, 
{
"pk": 12, 
"model": "akademic.horario", 
"fields": {
"hora": 12, 
"asignatura": 2901, 
"profesor": 57, 
"grupo": 277, 
"diaSemana": 2, 
"cursoEscolar": 2008
}
}, 
{
"pk": 13, 
"model": "akademic.horario", 
"fields": {
"hora": 12, 
"asignatura": 2901, 
"profesor": 57, 
"grupo": 277, 
"diaSemana": 3, 
"cursoEscolar": 2008
}
}, 
{
"pk": 14, 
"model": "akademic.horario", 
"fields": {
"hora": 12, 
"asignatura": 2901, 
"profesor": 57, 
"grupo": 277, 
"diaSemana": 4, 
"cursoEscolar": 2008
}
}, 
{
"pk": 15, 
"model": "akademic.horario", 
"fields": {
"hora": 12, 
"asignatura": 2901, 
"profesor": 57, 
"grupo": 277, 
"diaSemana": 5, 
"cursoEscolar": 2008
}
}, 
{
"pk": 285, 
"model": "akademic.horario", 
"fields": {
"hora": 6, 
"asignatura": 827, 
"profesor": 41, 
"grupo": 268, 
"diaSemana": 1, 
"cursoEscolar": 2008
}
}, 
{
"pk": 286, 
"model": "akademic.horario", 
"fields": {
"hora": 11, 
"asignatura": 827, 
"profesor": 41, 
"grupo": 268, 
"diaSemana": 2, 
"cursoEscolar": 2008
}
}, 
{
"pk": 287, 
"model": "akademic.horario", 
"fields": {
"hora": 10, 
"asignatura": 827, 
"profesor": 41, 
"grupo": 268, 
"diaSemana": 4, 
"cursoEscolar": 2008
}
}, 
{
"pk": 288, 
"model": "akademic.horario", 
"fields": {
"hora": 6, 
"asignatura": 827, 
"profesor": 41, 
"grupo": 268, 
"diaSemana": 5, 
"cursoEscolar": 2008
}
}, 
{
"pk": 289, 
"model": "akademic.horario", 
"fields": {
"hora": 9, 
"asignatura": 1598, 
"profesor": 41, 
"grupo": 268, 
"diaSemana": 5, 
"cursoEscolar": 2008
}
}, 
{
"pk": 290, 
"model": "akademic.horario", 
"fields": {
"hora": 7, 
"asignatura": 827, 
"profesor": 41, 
"grupo": 269, 
"diaSemana": 1, 
"cursoEscolar": 2008
}
}, 
{
"pk": 291, 
"model": "akademic.horario", 
"fields": {
"hora": 11, 
"asignatura": 827, 
"profesor": 41, 
"grupo": 269, 
"diaSemana": 3, 
"cursoEscolar": 2008
}
}, 
{
"pk": 292, 
"model": "akademic.horario", 
"fields": {
"hora": 9, 
"asignatura": 827, 
"profesor": 41, 
"grupo": 269, 
"diaSemana": 4, 
"cursoEscolar": 2008
}
}, 
{
"pk": 293, 
"model": "akademic.horario", 
"fields": {
"hora": 7, 
"asignatura": 827, 
"profesor": 41, 
"grupo": 269, 
"diaSemana": 5, 
"cursoEscolar": 2008
}
}, 
{
"pk": 298, 
"model": "akademic.horario", 
"fields": {
"hora": 9, 
"asignatura": 249, 
"profesor": 41, 
"grupo": 301, 
"diaSemana": 3, 
"cursoEscolar": 2008
}
}, 
{
"pk": 299, 
"model": "akademic.horario", 
"fields": {
"hora": 11, 
"asignatura": 249, 
"profesor": 41, 
"grupo": 301, 
"diaSemana": 4, 
"cursoEscolar": 2008
}
}, 
{
"pk": 300, 
"model": "akademic.horario", 
"fields": {
"hora": 11, 
"asignatura": 2685, 
"profesor": 41, 
"grupo": 301, 
"diaSemana": 5, 
"cursoEscolar": 2008
}
}, 
{
"pk": 372, 
"model": "akademic.horario", 
"fields": {
"hora": 7, 
"asignatura": 998, 
"profesor": 38, 
"grupo": 301, 
"diaSemana": 2, 
"cursoEscolar": 2008
}
}, 
{
"pk": 373, 
"model": "akademic.horario", 
"fields": {
"hora": 6, 
"asignatura": 998, 
"profesor": 38, 
"grupo": 301, 
"diaSemana": 3, 
"cursoEscolar": 2008
}
}, 
{
"pk": 374, 
"model": "akademic.horario", 
"fields": {
"hora": 8, 
"asignatura": 998, 
"profesor": 38, 
"grupo": 301, 
"diaSemana": 5, 
"cursoEscolar": 2008
}
}, 
{
"pk": 375, 
"model": "akademic.horario", 
"fields": {
"hora": 8, 
"asignatura": 998, 
"profesor": 38, 
"grupo": 302, 
"diaSemana": 2, 
"cursoEscolar": 2008
}
}, 
{
"pk": 376, 
"model": "akademic.horario", 
"fields": {
"hora": 7, 
"asignatura": 998, 
"profesor": 38, 
"grupo": 302, 
"diaSemana": 3, 
"cursoEscolar": 2008
}
}, 
{
"pk": 377, 
"model": "akademic.horario", 
"fields": {
"hora": 6, 
"asignatura": 998, 
"profesor": 38, 
"grupo": 302, 
"diaSemana": 4, 
"cursoEscolar": 2008
}
}, 
{
"pk": 380, 
"model": "akademic.horario", 
"fields": {
"hora": 8, 
"asignatura": 998, 
"profesor": 38, 
"grupo": 304, 
"diaSemana": 1, 
"cursoEscolar": 2008
}
}, 
{
"pk": 381, 
"model": "akademic.horario", 
"fields": {
"hora": 8, 
"asignatura": 998, 
"profesor": 38, 
"grupo": 304, 
"diaSemana": 4, 
"cursoEscolar": 2008
}
}, 
{
"pk": 382, 
"model": "akademic.horario", 
"fields": {
"hora": 6, 
"asignatura": 998, 
"profesor": 38, 
"grupo": 304, 
"diaSemana": 5, 
"cursoEscolar": 2008
}
}, 
{
"pk": 714, 
"model": "akademic.horario", 
"fields": {
"hora": 11, 
"asignatura": 249, 
"profesor": 41, 
"grupo": 301, 
"diaSemana": 1, 
"cursoEscolar": 2008
}
}, 
{
"pk": 715, 
"model": "akademic.horario", 
"fields": {
"hora": 6, 
"asignatura": 827, 
"profesor": 41, 
"grupo": 269, 
"diaSemana": 1, 
"cursoEscolar": 2008
}
}, 
{
"pk": 716, 
"model": "akademic.horario", 
"fields": {
"hora": 1, 
"asignatura": 998, 
"profesor": 57, 
"grupo": 301, 
"diaSemana": 1, 
"cursoEscolar": 2008
}
}, 
{
"pk": 717, 
"model": "akademic.horario", 
"fields": {
"hora": 3, 
"asignatura": 998, 
"profesor": 57, 
"grupo": 269, 
"diaSemana": 1, 
"cursoEscolar": 2008
}
}, 
{
"pk": 303, 
"model": "akademic.matricula", 
"fields": {
"alumno": 836, 
"asignatura": 249, 
"grupo": 269, 
"tipo": "N", 
"cursoEscolar": 2008
}
}, 
{
"pk": 307, 
"model": "akademic.matricula", 
"fields": {
"alumno": 836, 
"asignatura": 827, 
"grupo": 269, 
"tipo": "N", 
"cursoEscolar": 2008
}
}, 
{
"pk": 310, 
"model": "akademic.matricula", 
"fields": {
"alumno": 836, 
"asignatura": 1598, 
"grupo": 269, 
"tipo": "N", 
"cursoEscolar": 2008
}
}, 
{
"pk": 312, 
"model": "akademic.matricula", 
"fields": {
"alumno": 843, 
"asignatura": 249, 
"grupo": 269, 
"tipo": "N", 
"cursoEscolar": 2008
}
}, 
{
"pk": 316, 
"model": "akademic.matricula", 
"fields": {
"alumno": 843, 
"asignatura": 827, 
"grupo": 269, 
"tipo": "N", 
"cursoEscolar": 2008
}
}, 
{
"pk": 319, 
"model": "akademic.matricula", 
"fields": {
"alumno": 843, 
"asignatura": 1598, 
"grupo": 269, 
"tipo": "N", 
"cursoEscolar": 2008
}
}, 
{
"pk": 1562, 
"model": "akademic.matricula", 
"fields": {
"alumno": 683, 
"asignatura": 249, 
"grupo": 268, 
"tipo": "N", 
"cursoEscolar": 2008
}
}, 
{
"pk": 1566, 
"model": "akademic.matricula", 
"fields": {
"alumno": 683, 
"asignatura": 827, 
"grupo": 268, 
"tipo": "N", 
"cursoEscolar": 2008
}
}, 
{
"pk": 1569, 
"model": "akademic.matricula", 
"fields": {
"alumno": 683, 
"asignatura": 1598, 
"grupo": 268, 
"tipo": "N", 
"cursoEscolar": 2008
}
}, 
{
"pk": 1578, 
"model": "akademic.matricula", 
"fields": {
"alumno": 692, 
"asignatura": 249, 
"grupo": 269, 
"tipo": "N", 
"cursoEscolar": 2008
}
}, 
{
"pk": 1582, 
"model": "akademic.matricula", 
"fields": {
"alumno": 692, 
"asignatura": 827, 
"grupo": 269, 
"tipo": "N", 
"cursoEscolar": 2008
}
}, 
{
"pk": 1585, 
"model": "akademic.matricula", 
"fields": {
"alumno": 692, 
"asignatura": 1598, 
"grupo": 269, 
"tipo": "N", 
"cursoEscolar": 2008
}
}, 
{
"pk": 2570, 
"model": "akademic.matricula", 
"fields": {
"alumno": 1055, 
"asignatura": 249, 
"grupo": 268, 
"tipo": "N", 
"cursoEscolar": 2008
}
}, 
{
"pk": 2574, 
"model": "akademic.matricula", 
"fields": {
"alumno": 1055, 
"asignatura": 827, 
"grupo": 268, 
"tipo": "N", 
"cursoEscolar": 2008
}
}, 
{
"pk": 2577, 
"model": "akademic.matricula", 
"fields": {
"alumno": 1055, 
"asignatura": 1598, 
"grupo": 268, 
"tipo": "N", 
"cursoEscolar": 2008
}
}, 
{
"pk": 2597, 
"model": "akademic.matricula", 
"fields": {
"alumno": 684, 
"asignatura": 249, 
"grupo": 268, 
"tipo": "N", 
"cursoEscolar": 2008
}
}, 
{
"pk": 2601, 
"model": "akademic.matricula", 
"fields": {
"alumno": 684, 
"asignatura": 827, 
"grupo": 268, 
"tipo": "N", 
"cursoEscolar": 2008
}
}, 
{
"pk": 2604, 
"model": "akademic.matricula", 
"fields": {
"alumno": 684, 
"asignatura": 1598, 
"grupo": 268, 
"tipo": "N", 
"cursoEscolar": 2008
}
}, 
{
"pk": 2606, 
"model": "akademic.matricula", 
"fields": {
"alumno": 685, 
"asignatura": 249, 
"grupo": 268, 
"tipo": "N", 
"cursoEscolar": 2008
}
}, 
{
"pk": 2610, 
"model": "akademic.matricula", 
"fields": {
"alumno": 685, 
"asignatura": 827, 
"grupo": 268, 
"tipo": "N", 
"cursoEscolar": 2008
}
}, 
{
"pk": 2613, 
"model": "akademic.matricula", 
"fields": {
"alumno": 685, 
"asignatura": 1598, 
"grupo": 268, 
"tipo": "N", 
"cursoEscolar": 2008
}
}, 
{
"pk": 2624, 
"model": "akademic.matricula", 
"fields": {
"alumno": 1471, 
"asignatura": 249, 
"grupo": 268, 
"tipo": "N", 
"cursoEscolar": 2008
}
}, 
{
"pk": 2628, 
"model": "akademic.matricula", 
"fields": {
"alumno": 1471, 
"asignatura": 827, 
"grupo": 268, 
"tipo": "N", 
"cursoEscolar": 2008
}
}, 
{
"pk": 2631, 
"model": "akademic.matricula", 
"fields": {
"alumno": 1471, 
"asignatura": 1598, 
"grupo": 268, 
"tipo": "N", 
"cursoEscolar": 2008
}
}, 
{
"pk": 2696, 
"model": "akademic.matricula", 
"fields": {
"alumno": 688, 
"asignatura": 249, 
"grupo": 268, 
"tipo": "N", 
"cursoEscolar": 2008
}
}, 
{
"pk": 2700, 
"model": "akademic.matricula", 
"fields": {
"alumno": 688, 
"asignatura": 827, 
"grupo": 268, 
"tipo": "N", 
"cursoEscolar": 2008
}
}, 
{
"pk": 2703, 
"model": "akademic.matricula", 
"fields": {
"alumno": 688, 
"asignatura": 1598, 
"grupo": 268, 
"tipo": "N", 
"cursoEscolar": 2008
}
}, 
{
"pk": 2723, 
"model": "akademic.matricula", 
"fields": {
"alumno": 702, 
"asignatura": 249, 
"grupo": 268, 
"tipo": "N", 
"cursoEscolar": 2008
}
}, 
{
"pk": 2727, 
"model": "akademic.matricula", 
"fields": {
"alumno": 702, 
"asignatura": 827, 
"grupo": 268, 
"tipo": "N", 
"cursoEscolar": 2008
}
}, 
{
"pk": 2730, 
"model": "akademic.matricula", 
"fields": {
"alumno": 702, 
"asignatura": 1598, 
"grupo": 268, 
"tipo": "N", 
"cursoEscolar": 2008
}
}, 
{
"pk": 2732, 
"model": "akademic.matricula", 
"fields": {
"alumno": 689, 
"asignatura": 249, 
"grupo": 268, 
"tipo": "N", 
"cursoEscolar": 2008
}
}, 
{
"pk": 2736, 
"model": "akademic.matricula", 
"fields": {
"alumno": 689, 
"asignatura": 827, 
"grupo": 268, 
"tipo": "N", 
"cursoEscolar": 2008
}
}, 
{
"pk": 2739, 
"model": "akademic.matricula", 
"fields": {
"alumno": 689, 
"asignatura": 1598, 
"grupo": 268, 
"tipo": "N", 
"cursoEscolar": 2008
}
}, 
{
"pk": 2777, 
"model": "akademic.matricula", 
"fields": {
"alumno": 822, 
"asignatura": 249, 
"grupo": 269, 
"tipo": "N", 
"cursoEscolar": 2008
}
}, 
{
"pk": 2781, 
"model": "akademic.matricula", 
"fields": {
"alumno": 822, 
"asignatura": 827, 
"grupo": 269, 
"tipo": "N", 
"cursoEscolar": 2008
}
}, 
{
"pk": 2784, 
"model": "akademic.matricula", 
"fields": {
"alumno": 822, 
"asignatura": 1598, 
"grupo": 269, 
"tipo": "N", 
"cursoEscolar": 2008
}
}, 
{
"pk": 2786, 
"model": "akademic.matricula", 
"fields": {
"alumno": 704, 
"asignatura": 249, 
"grupo": 269, 
"tipo": "N", 
"cursoEscolar": 2008
}
}, 
{
"pk": 2790, 
"model": "akademic.matricula", 
"fields": {
"alumno": 704, 
"asignatura": 827, 
"grupo": 269, 
"tipo": "N", 
"cursoEscolar": 2008
}
}, 
{
"pk": 2793, 
"model": "akademic.matricula", 
"fields": {
"alumno": 704, 
"asignatura": 1598, 
"grupo": 269, 
"tipo": "N", 
"cursoEscolar": 2008
}
}, 
{
"pk": 2840, 
"model": "akademic.matricula", 
"fields": {
"alumno": 694, 
"asignatura": 249, 
"grupo": 269, 
"tipo": "N", 
"cursoEscolar": 2008
}
}, 
{
"pk": 2844, 
"model": "akademic.matricula", 
"fields": {
"alumno": 694, 
"asignatura": 827, 
"grupo": 269, 
"tipo": "N", 
"cursoEscolar": 2008
}
}, 
{
"pk": 2847, 
"model": "akademic.matricula", 
"fields": {
"alumno": 694, 
"asignatura": 1598, 
"grupo": 269, 
"tipo": "N", 
"cursoEscolar": 2008
}
}, 
{
"pk": 2885, 
"model": "akademic.matricula", 
"fields": {
"alumno": 695, 
"asignatura": 249, 
"grupo": 269, 
"tipo": "N", 
"cursoEscolar": 2008
}
}, 
{
"pk": 2889, 
"model": "akademic.matricula", 
"fields": {
"alumno": 695, 
"asignatura": 827, 
"grupo": 269, 
"tipo": "N", 
"cursoEscolar": 2008
}
}, 
{
"pk": 2892, 
"model": "akademic.matricula", 
"fields": {
"alumno": 695, 
"asignatura": 1598, 
"grupo": 269, 
"tipo": "N", 
"cursoEscolar": 2008
}
}, 
{
"pk": 2921, 
"model": "akademic.matricula", 
"fields": {
"alumno": 696, 
"asignatura": 249, 
"grupo": 269, 
"tipo": "N", 
"cursoEscolar": 2008
}
}, 
{
"pk": 2925, 
"model": "akademic.matricula", 
"fields": {
"alumno": 696, 
"asignatura": 827, 
"grupo": 269, 
"tipo": "N", 
"cursoEscolar": 2008
}
}, 
{
"pk": 2928, 
"model": "akademic.matricula", 
"fields": {
"alumno": 696, 
"asignatura": 1598, 
"grupo": 269, 
"tipo": "N", 
"cursoEscolar": 2008
}
}, 
{
"pk": 2939, 
"model": "akademic.matricula", 
"fields": {
"alumno": 1421, 
"asignatura": 249, 
"grupo": 269, 
"tipo": "N", 
"cursoEscolar": 2008
}
}, 
{
"pk": 2943, 
"model": "akademic.matricula", 
"fields": {
"alumno": 1421, 
"asignatura": 827, 
"grupo": 269, 
"tipo": "N", 
"cursoEscolar": 2008
}
}, 
{
"pk": 2946, 
"model": "akademic.matricula", 
"fields": {
"alumno": 1421, 
"asignatura": 1598, 
"grupo": 269, 
"tipo": "N", 
"cursoEscolar": 2008
}
}, 
{
"pk": 3002, 
"model": "akademic.matricula", 
"fields": {
"alumno": 697, 
"asignatura": 249, 
"grupo": 268, 
"tipo": "N", 
"cursoEscolar": 2008
}
}, 
{
"pk": 3006, 
"model": "akademic.matricula", 
"fields": {
"alumno": 697, 
"asignatura": 827, 
"grupo": 268, 
"tipo": "N", 
"cursoEscolar": 2008
}
}, 
{
"pk": 3009, 
"model": "akademic.matricula", 
"fields": {
"alumno": 697, 
"asignatura": 1598, 
"grupo": 268, 
"tipo": "N", 
"cursoEscolar": 2008
}
}, 
{
"pk": 5459, 
"model": "akademic.matricula", 
"fields": {
"alumno": 854, 
"asignatura": 1598, 
"grupo": 269, 
"tipo": "N", 
"cursoEscolar": 2008
}
}, 
{
"pk": 5461, 
"model": "akademic.matricula", 
"fields": {
"alumno": 854, 
"asignatura": 249, 
"grupo": 269, 
"tipo": "N", 
"cursoEscolar": 2008
}
}, 
{
"pk": 5464, 
"model": "akademic.matricula", 
"fields": {
"alumno": 854, 
"asignatura": 827, 
"grupo": 269, 
"tipo": "N", 
"cursoEscolar": 2008
}
}, 
{
"pk": 5536, 
"model": "akademic.matricula", 
"fields": {
"alumno": 143, 
"asignatura": 1598, 
"grupo": 268, 
"tipo": "N", 
"cursoEscolar": 2008
}
}, 
{
"pk": 5538, 
"model": "akademic.matricula", 
"fields": {
"alumno": 143, 
"asignatura": 249, 
"grupo": 268, 
"tipo": "N", 
"cursoEscolar": 2008
}
}, 
{
"pk": 5541, 
"model": "akademic.matricula", 
"fields": {
"alumno": 143, 
"asignatura": 827, 
"grupo": 268, 
"tipo": "N", 
"cursoEscolar": 2008
}
}, 
{
"pk": 5553, 
"model": "akademic.matricula", 
"fields": {
"alumno": 884, 
"asignatura": 1598, 
"grupo": 268, 
"tipo": "N", 
"cursoEscolar": 2008
}
}, 
{
"pk": 5555, 
"model": "akademic.matricula", 
"fields": {
"alumno": 884, 
"asignatura": 249, 
"grupo": 268, 
"tipo": "N", 
"cursoEscolar": 2008
}
}, 
{
"pk": 5558, 
"model": "akademic.matricula", 
"fields": {
"alumno": 884, 
"asignatura": 827, 
"grupo": 268, 
"tipo": "N", 
"cursoEscolar": 2008
}
}, 
{
"pk": 5569, 
"model": "akademic.matricula", 
"fields": {
"alumno": 1515, 
"asignatura": 249, 
"grupo": 301, 
"tipo": "N", 
"cursoEscolar": 2008
}
}, 
{
"pk": 5571, 
"model": "akademic.matricula", 
"fields": {
"alumno": 1515, 
"asignatura": 2685, 
"grupo": 301, 
"tipo": "N", 
"cursoEscolar": 2008
}
}, 
{
"pk": 5573, 
"model": "akademic.matricula", 
"fields": {
"alumno": 1515, 
"asignatura": 827, 
"grupo": 301, 
"tipo": "N", 
"cursoEscolar": 2008
}
}, 
{
"pk": 5576, 
"model": "akademic.matricula", 
"fields": {
"alumno": 1515, 
"asignatura": 998, 
"grupo": 301, 
"tipo": "N", 
"cursoEscolar": 2008
}
}, 
{
"pk": 5577, 
"model": "akademic.matricula", 
"fields": {
"alumno": 1515, 
"asignatura": 1598, 
"grupo": 301, 
"tipo": "N", 
"cursoEscolar": 2008
}
}, 
{
"pk": 5678, 
"model": "akademic.matricula", 
"fields": {
"alumno": 1056, 
"asignatura": 249, 
"grupo": 301, 
"tipo": "N", 
"cursoEscolar": 2008
}
}, 
{
"pk": 5680, 
"model": "akademic.matricula", 
"fields": {
"alumno": 1056, 
"asignatura": 2685, 
"grupo": 301, 
"tipo": "N", 
"cursoEscolar": 2008
}
}, 
{
"pk": 5682, 
"model": "akademic.matricula", 
"fields": {
"alumno": 1056, 
"asignatura": 827, 
"grupo": 301, 
"tipo": "N", 
"cursoEscolar": 2008
}
}, 
{
"pk": 5685, 
"model": "akademic.matricula", 
"fields": {
"alumno": 1056, 
"asignatura": 998, 
"grupo": 301, 
"tipo": "N", 
"cursoEscolar": 2008
}
}, 
{
"pk": 5686, 
"model": "akademic.matricula", 
"fields": {
"alumno": 1056, 
"asignatura": 1598, 
"grupo": 301, 
"tipo": "N", 
"cursoEscolar": 2008
}
}, 
{
"pk": 5702, 
"model": "akademic.matricula", 
"fields": {
"alumno": 828, 
"asignatura": 249, 
"grupo": 301, 
"tipo": "N", 
"cursoEscolar": 2008
}
}, 
{
"pk": 5704, 
"model": "akademic.matricula", 
"fields": {
"alumno": 828, 
"asignatura": 2685, 
"grupo": 301, 
"tipo": "N", 
"cursoEscolar": 2008
}
}, 
{
"pk": 5706, 
"model": "akademic.matricula", 
"fields": {
"alumno": 828, 
"asignatura": 827, 
"grupo": 301, 
"tipo": "N", 
"cursoEscolar": 2008
}
}, 
{
"pk": 5709, 
"model": "akademic.matricula", 
"fields": {
"alumno": 828, 
"asignatura": 998, 
"grupo": 301, 
"tipo": "N", 
"cursoEscolar": 2008
}
}, 
{
"pk": 5710, 
"model": "akademic.matricula", 
"fields": {
"alumno": 828, 
"asignatura": 1598, 
"grupo": 301, 
"tipo": "N", 
"cursoEscolar": 2008
}
}, 
{
"pk": 5714, 
"model": "akademic.matricula", 
"fields": {
"alumno": 829, 
"asignatura": 249, 
"grupo": 301, 
"tipo": "N", 
"cursoEscolar": 2008
}
}, 
{
"pk": 5716, 
"model": "akademic.matricula", 
"fields": {
"alumno": 829, 
"asignatura": 2685, 
"grupo": 301, 
"tipo": "N", 
"cursoEscolar": 2008
}
}, 
{
"pk": 5718, 
"model": "akademic.matricula", 
"fields": {
"alumno": 829, 
"asignatura": 827, 
"grupo": 301, 
"tipo": "N", 
"cursoEscolar": 2008
}
}, 
{
"pk": 5721, 
"model": "akademic.matricula", 
"fields": {
"alumno": 829, 
"asignatura": 998, 
"grupo": 301, 
"tipo": "N", 
"cursoEscolar": 2008
}
}, 
{
"pk": 5722, 
"model": "akademic.matricula", 
"fields": {
"alumno": 829, 
"asignatura": 1598, 
"grupo": 301, 
"tipo": "N", 
"cursoEscolar": 2008
}
}, 
{
"pk": 5726, 
"model": "akademic.matricula", 
"fields": {
"alumno": 831, 
"asignatura": 249, 
"grupo": 301, 
"tipo": "N", 
"cursoEscolar": 2008
}
}, 
{
"pk": 5728, 
"model": "akademic.matricula", 
"fields": {
"alumno": 831, 
"asignatura": 2685, 
"grupo": 301, 
"tipo": "N", 
"cursoEscolar": 2008
}
}, 
{
"pk": 5730, 
"model": "akademic.matricula", 
"fields": {
"alumno": 831, 
"asignatura": 827, 
"grupo": 301, 
"tipo": "N", 
"cursoEscolar": 2008
}
}, 
{
"pk": 5733, 
"model": "akademic.matricula", 
"fields": {
"alumno": 831, 
"asignatura": 998, 
"grupo": 301, 
"tipo": "N", 
"cursoEscolar": 2008
}
}, 
{
"pk": 5734, 
"model": "akademic.matricula", 
"fields": {
"alumno": 831, 
"asignatura": 1598, 
"grupo": 301, 
"tipo": "N", 
"cursoEscolar": 2008
}
}, 
{
"pk": 5737, 
"model": "akademic.matricula", 
"fields": {
"alumno": 831, 
"asignatura": 827, 
"grupo": 268, 
"tipo": "P", 
"cursoEscolar": 2008
}
}, 
{
"pk": 5753, 
"model": "akademic.matricula", 
"fields": {
"alumno": 842, 
"asignatura": 249, 
"grupo": 301, 
"tipo": "N", 
"cursoEscolar": 2008
}
}, 
{
"pk": 5755, 
"model": "akademic.matricula", 
"fields": {
"alumno": 842, 
"asignatura": 2685, 
"grupo": 301, 
"tipo": "N", 
"cursoEscolar": 2008
}
}, 
{
"pk": 5757, 
"model": "akademic.matricula", 
"fields": {
"alumno": 842, 
"asignatura": 827, 
"grupo": 301, 
"tipo": "N", 
"cursoEscolar": 2008
}
}, 
{
"pk": 5760, 
"model": "akademic.matricula", 
"fields": {
"alumno": 842, 
"asignatura": 998, 
"grupo": 301, 
"tipo": "N", 
"cursoEscolar": 2008
}
}, 
{
"pk": 5761, 
"model": "akademic.matricula", 
"fields": {
"alumno": 842, 
"asignatura": 1598, 
"grupo": 301, 
"tipo": "N", 
"cursoEscolar": 2008
}
}, 
{
"pk": 5765, 
"model": "akademic.matricula", 
"fields": {
"alumno": 832, 
"asignatura": 249, 
"grupo": 301, 
"tipo": "N", 
"cursoEscolar": 2008
}
}, 
{
"pk": 5767, 
"model": "akademic.matricula", 
"fields": {
"alumno": 832, 
"asignatura": 2685, 
"grupo": 301, 
"tipo": "N", 
"cursoEscolar": 2008
}
}, 
{
"pk": 5769, 
"model": "akademic.matricula", 
"fields": {
"alumno": 832, 
"asignatura": 827, 
"grupo": 301, 
"tipo": "N", 
"cursoEscolar": 2008
}
}, 
{
"pk": 5772, 
"model": "akademic.matricula", 
"fields": {
"alumno": 832, 
"asignatura": 998, 
"grupo": 301, 
"tipo": "N", 
"cursoEscolar": 2008
}
}, 
{
"pk": 5773, 
"model": "akademic.matricula", 
"fields": {
"alumno": 832, 
"asignatura": 1598, 
"grupo": 301, 
"tipo": "N", 
"cursoEscolar": 2008
}
}, 
{
"pk": 5777, 
"model": "akademic.matricula", 
"fields": {
"alumno": 833, 
"asignatura": 249, 
"grupo": 301, 
"tipo": "N", 
"cursoEscolar": 2008
}
}, 
{
"pk": 5779, 
"model": "akademic.matricula", 
"fields": {
"alumno": 833, 
"asignatura": 2685, 
"grupo": 301, 
"tipo": "N", 
"cursoEscolar": 2008
}
}, 
{
"pk": 5781, 
"model": "akademic.matricula", 
"fields": {
"alumno": 833, 
"asignatura": 827, 
"grupo": 301, 
"tipo": "N", 
"cursoEscolar": 2008
}
}, 
{
"pk": 5784, 
"model": "akademic.matricula", 
"fields": {
"alumno": 833, 
"asignatura": 998, 
"grupo": 301, 
"tipo": "N", 
"cursoEscolar": 2008
}
}, 
{
"pk": 5785, 
"model": "akademic.matricula", 
"fields": {
"alumno": 833, 
"asignatura": 1598, 
"grupo": 301, 
"tipo": "N", 
"cursoEscolar": 2008
}
}, 
{
"pk": 5789, 
"model": "akademic.matricula", 
"fields": {
"alumno": 852, 
"asignatura": 249, 
"grupo": 301, 
"tipo": "N", 
"cursoEscolar": 2008
}
}, 
{
"pk": 5791, 
"model": "akademic.matricula", 
"fields": {
"alumno": 852, 
"asignatura": 2685, 
"grupo": 301, 
"tipo": "N", 
"cursoEscolar": 2008
}
}, 
{
"pk": 5793, 
"model": "akademic.matricula", 
"fields": {
"alumno": 852, 
"asignatura": 827, 
"grupo": 301, 
"tipo": "N", 
"cursoEscolar": 2008
}
}, 
{
"pk": 5796, 
"model": "akademic.matricula", 
"fields": {
"alumno": 852, 
"asignatura": 998, 
"grupo": 301, 
"tipo": "N", 
"cursoEscolar": 2008
}
}, 
{
"pk": 5797, 
"model": "akademic.matricula", 
"fields": {
"alumno": 852, 
"asignatura": 1598, 
"grupo": 301, 
"tipo": "N", 
"cursoEscolar": 2008
}
}, 
{
"pk": 5801, 
"model": "akademic.matricula", 
"fields": {
"alumno": 855, 
"asignatura": 249, 
"grupo": 301, 
"tipo": "N", 
"cursoEscolar": 2008
}
}, 
{
"pk": 5803, 
"model": "akademic.matricula", 
"fields": {
"alumno": 855, 
"asignatura": 2685, 
"grupo": 301, 
"tipo": "N", 
"cursoEscolar": 2008
}
}, 
{
"pk": 5805, 
"model": "akademic.matricula", 
"fields": {
"alumno": 855, 
"asignatura": 827, 
"grupo": 301, 
"tipo": "N", 
"cursoEscolar": 2008
}
}, 
{
"pk": 5808, 
"model": "akademic.matricula", 
"fields": {
"alumno": 855, 
"asignatura": 998, 
"grupo": 301, 
"tipo": "N", 
"cursoEscolar": 2008
}
}, 
{
"pk": 5809, 
"model": "akademic.matricula", 
"fields": {
"alumno": 855, 
"asignatura": 1598, 
"grupo": 301, 
"tipo": "N", 
"cursoEscolar": 2008
}
}, 
{
"pk": 5813, 
"model": "akademic.matricula", 
"fields": {
"alumno": 1713, 
"asignatura": 249, 
"grupo": 301, 
"tipo": "N", 
"cursoEscolar": 2008
}
}, 
{
"pk": 5815, 
"model": "akademic.matricula", 
"fields": {
"alumno": 1713, 
"asignatura": 2685, 
"grupo": 301, 
"tipo": "N", 
"cursoEscolar": 2008
}
}, 
{
"pk": 5817, 
"model": "akademic.matricula", 
"fields": {
"alumno": 1713, 
"asignatura": 827, 
"grupo": 301, 
"tipo": "N", 
"cursoEscolar": 2008
}
}, 
{
"pk": 5820, 
"model": "akademic.matricula", 
"fields": {
"alumno": 1713, 
"asignatura": 998, 
"grupo": 301, 
"tipo": "N", 
"cursoEscolar": 2008
}
}, 
{
"pk": 5821, 
"model": "akademic.matricula", 
"fields": {
"alumno": 1713, 
"asignatura": 1598, 
"grupo": 301, 
"tipo": "N", 
"cursoEscolar": 2008
}
}, 
{
"pk": 5825, 
"model": "akademic.matricula", 
"fields": {
"alumno": 835, 
"asignatura": 249, 
"grupo": 301, 
"tipo": "N", 
"cursoEscolar": 2008
}
}, 
{
"pk": 5827, 
"model": "akademic.matricula", 
"fields": {
"alumno": 835, 
"asignatura": 2685, 
"grupo": 301, 
"tipo": "N", 
"cursoEscolar": 2008
}
}, 
{
"pk": 5829, 
"model": "akademic.matricula", 
"fields": {
"alumno": 835, 
"asignatura": 827, 
"grupo": 301, 
"tipo": "N", 
"cursoEscolar": 2008
}
}, 
{
"pk": 5832, 
"model": "akademic.matricula", 
"fields": {
"alumno": 835, 
"asignatura": 998, 
"grupo": 301, 
"tipo": "N", 
"cursoEscolar": 2008
}
}, 
{
"pk": 5833, 
"model": "akademic.matricula", 
"fields": {
"alumno": 835, 
"asignatura": 1598, 
"grupo": 301, 
"tipo": "N", 
"cursoEscolar": 2008
}
}, 
{
"pk": 5837, 
"model": "akademic.matricula", 
"fields": {
"alumno": 1709, 
"asignatura": 249, 
"grupo": 301, 
"tipo": "N", 
"cursoEscolar": 2008
}
}, 
{
"pk": 5839, 
"model": "akademic.matricula", 
"fields": {
"alumno": 1709, 
"asignatura": 2685, 
"grupo": 301, 
"tipo": "N", 
"cursoEscolar": 2008
}
}, 
{
"pk": 5841, 
"model": "akademic.matricula", 
"fields": {
"alumno": 1709, 
"asignatura": 827, 
"grupo": 301, 
"tipo": "N", 
"cursoEscolar": 2008
}
}, 
{
"pk": 5844, 
"model": "akademic.matricula", 
"fields": {
"alumno": 1709, 
"asignatura": 998, 
"grupo": 301, 
"tipo": "N", 
"cursoEscolar": 2008
}
}, 
{
"pk": 5845, 
"model": "akademic.matricula", 
"fields": {
"alumno": 1709, 
"asignatura": 1598, 
"grupo": 301, 
"tipo": "N", 
"cursoEscolar": 2008
}
}, 
{
"pk": 5848, 
"model": "akademic.matricula", 
"fields": {
"alumno": 1709, 
"asignatura": 827, 
"grupo": 268, 
"tipo": "P", 
"cursoEscolar": 2008
}
}, 
{
"pk": 5850, 
"model": "akademic.matricula", 
"fields": {
"alumno": 865, 
"asignatura": 249, 
"grupo": 301, 
"tipo": "N", 
"cursoEscolar": 2008
}
}, 
{
"pk": 5852, 
"model": "akademic.matricula", 
"fields": {
"alumno": 865, 
"asignatura": 2685, 
"grupo": 301, 
"tipo": "N", 
"cursoEscolar": 2008
}
}, 
{
"pk": 5854, 
"model": "akademic.matricula", 
"fields": {
"alumno": 865, 
"asignatura": 827, 
"grupo": 301, 
"tipo": "N", 
"cursoEscolar": 2008
}
}, 
{
"pk": 5857, 
"model": "akademic.matricula", 
"fields": {
"alumno": 865, 
"asignatura": 998, 
"grupo": 301, 
"tipo": "N", 
"cursoEscolar": 2008
}
}, 
{
"pk": 5858, 
"model": "akademic.matricula", 
"fields": {
"alumno": 865, 
"asignatura": 1598, 
"grupo": 301, 
"tipo": "N", 
"cursoEscolar": 2008
}
}, 
{
"pk": 5861, 
"model": "akademic.matricula", 
"fields": {
"alumno": 865, 
"asignatura": 249, 
"grupo": 268, 
"tipo": "P", 
"cursoEscolar": 2008
}
}, 
{
"pk": 5862, 
"model": "akademic.matricula", 
"fields": {
"alumno": 865, 
"asignatura": 827, 
"grupo": 268, 
"tipo": "P", 
"cursoEscolar": 2008
}
}, 
{
"pk": 5907, 
"model": "akademic.matricula", 
"fields": {
"alumno": 1063, 
"asignatura": 249, 
"grupo": 301, 
"tipo": "N", 
"cursoEscolar": 2008
}
}, 
{
"pk": 5909, 
"model": "akademic.matricula", 
"fields": {
"alumno": 1063, 
"asignatura": 2685, 
"grupo": 301, 
"tipo": "N", 
"cursoEscolar": 2008
}
}, 
{
"pk": 5911, 
"model": "akademic.matricula", 
"fields": {
"alumno": 1063, 
"asignatura": 827, 
"grupo": 301, 
"tipo": "N", 
"cursoEscolar": 2008
}
}, 
{
"pk": 5914, 
"model": "akademic.matricula", 
"fields": {
"alumno": 1063, 
"asignatura": 998, 
"grupo": 301, 
"tipo": "N", 
"cursoEscolar": 2008
}
}, 
{
"pk": 5915, 
"model": "akademic.matricula", 
"fields": {
"alumno": 1063, 
"asignatura": 1598, 
"grupo": 301, 
"tipo": "N", 
"cursoEscolar": 2008
}
}, 
{
"pk": 5933, 
"model": "akademic.matricula", 
"fields": {
"alumno": 1722, 
"asignatura": 249, 
"grupo": 302, 
"tipo": "N", 
"cursoEscolar": 2008
}
}, 
{
"pk": 5935, 
"model": "akademic.matricula", 
"fields": {
"alumno": 1722, 
"asignatura": 2685, 
"grupo": 302, 
"tipo": "N", 
"cursoEscolar": 2008
}
}, 
{
"pk": 5937, 
"model": "akademic.matricula", 
"fields": {
"alumno": 1722, 
"asignatura": 827, 
"grupo": 302, 
"tipo": "N", 
"cursoEscolar": 2008
}
}, 
{
"pk": 5940, 
"model": "akademic.matricula", 
"fields": {
"alumno": 1722, 
"asignatura": 998, 
"grupo": 302, 
"tipo": "N", 
"cursoEscolar": 2008
}
}, 
{
"pk": 5941, 
"model": "akademic.matricula", 
"fields": {
"alumno": 1722, 
"asignatura": 1598, 
"grupo": 302, 
"tipo": "N", 
"cursoEscolar": 2008
}
}, 
{
"pk": 5978, 
"model": "akademic.matricula", 
"fields": {
"alumno": 1720, 
"asignatura": 249, 
"grupo": 302, 
"tipo": "N", 
"cursoEscolar": 2008
}
}, 
{
"pk": 5980, 
"model": "akademic.matricula", 
"fields": {
"alumno": 1720, 
"asignatura": 2685, 
"grupo": 302, 
"tipo": "N", 
"cursoEscolar": 2008
}
}, 
{
"pk": 5982, 
"model": "akademic.matricula", 
"fields": {
"alumno": 1720, 
"asignatura": 827, 
"grupo": 302, 
"tipo": "N", 
"cursoEscolar": 2008
}
}, 
{
"pk": 5985, 
"model": "akademic.matricula", 
"fields": {
"alumno": 1720, 
"asignatura": 998, 
"grupo": 302, 
"tipo": "N", 
"cursoEscolar": 2008
}
}, 
{
"pk": 5986, 
"model": "akademic.matricula", 
"fields": {
"alumno": 1720, 
"asignatura": 1598, 
"grupo": 302, 
"tipo": "N", 
"cursoEscolar": 2008
}
}, 
{
"pk": 6009, 
"model": "akademic.matricula", 
"fields": {
"alumno": 1608, 
"asignatura": 249, 
"grupo": 302, 
"tipo": "N", 
"cursoEscolar": 2008
}
}, 
{
"pk": 6011, 
"model": "akademic.matricula", 
"fields": {
"alumno": 1608, 
"asignatura": 2685, 
"grupo": 302, 
"tipo": "N", 
"cursoEscolar": 2008
}
}, 
{
"pk": 6013, 
"model": "akademic.matricula", 
"fields": {
"alumno": 1608, 
"asignatura": 827, 
"grupo": 302, 
"tipo": "N", 
"cursoEscolar": 2008
}
}, 
{
"pk": 6016, 
"model": "akademic.matricula", 
"fields": {
"alumno": 1608, 
"asignatura": 998, 
"grupo": 302, 
"tipo": "N", 
"cursoEscolar": 2008
}
}, 
{
"pk": 6017, 
"model": "akademic.matricula", 
"fields": {
"alumno": 1608, 
"asignatura": 1598, 
"grupo": 302, 
"tipo": "N", 
"cursoEscolar": 2008
}
}, 
{
"pk": 6021, 
"model": "akademic.matricula", 
"fields": {
"alumno": 1608, 
"asignatura": 249, 
"grupo": 269, 
"tipo": "P", 
"cursoEscolar": 2008
}
}, 
{
"pk": 6023, 
"model": "akademic.matricula", 
"fields": {
"alumno": 1608, 
"asignatura": 827, 
"grupo": 269, 
"tipo": "P", 
"cursoEscolar": 2008
}
}, 
{
"pk": 6110, 
"model": "akademic.matricula", 
"fields": {
"alumno": 1059, 
"asignatura": 249, 
"grupo": 302, 
"tipo": "N", 
"cursoEscolar": 2008
}
}, 
{
"pk": 6112, 
"model": "akademic.matricula", 
"fields": {
"alumno": 1059, 
"asignatura": 2685, 
"grupo": 302, 
"tipo": "N", 
"cursoEscolar": 2008
}
}, 
{
"pk": 6114, 
"model": "akademic.matricula", 
"fields": {
"alumno": 1059, 
"asignatura": 827, 
"grupo": 302, 
"tipo": "N", 
"cursoEscolar": 2008
}
}, 
{
"pk": 6117, 
"model": "akademic.matricula", 
"fields": {
"alumno": 1059, 
"asignatura": 998, 
"grupo": 302, 
"tipo": "N", 
"cursoEscolar": 2008
}
}, 
{
"pk": 6118, 
"model": "akademic.matricula", 
"fields": {
"alumno": 1059, 
"asignatura": 1598, 
"grupo": 302, 
"tipo": "N", 
"cursoEscolar": 2008
}
}, 
{
"pk": 6121, 
"model": "akademic.matricula", 
"fields": {
"alumno": 1059, 
"asignatura": 249, 
"grupo": 269, 
"tipo": "P", 
"cursoEscolar": 2008
}
}, 
{
"pk": 6123, 
"model": "akademic.matricula", 
"fields": {
"alumno": 1059, 
"asignatura": 827, 
"grupo": 269, 
"tipo": "P", 
"cursoEscolar": 2008
}
}, 
{
"pk": 6191, 
"model": "akademic.matricula", 
"fields": {
"alumno": 1057, 
"asignatura": 249, 
"grupo": 302, 
"tipo": "N", 
"cursoEscolar": 2008
}
}, 
{
"pk": 6193, 
"model": "akademic.matricula", 
"fields": {
"alumno": 1057, 
"asignatura": 2685, 
"grupo": 302, 
"tipo": "N", 
"cursoEscolar": 2008
}
}, 
{
"pk": 6195, 
"model": "akademic.matricula", 
"fields": {
"alumno": 1057, 
"asignatura": 827, 
"grupo": 302, 
"tipo": "N", 
"cursoEscolar": 2008
}
}, 
{
"pk": 6198, 
"model": "akademic.matricula", 
"fields": {
"alumno": 1057, 
"asignatura": 998, 
"grupo": 302, 
"tipo": "N", 
"cursoEscolar": 2008
}
}, 
{
"pk": 6199, 
"model": "akademic.matricula", 
"fields": {
"alumno": 1057, 
"asignatura": 1598, 
"grupo": 302, 
"tipo": "N", 
"cursoEscolar": 2008
}
}, 
{
"pk": 6314, 
"model": "akademic.matricula", 
"fields": {
"alumno": 1725, 
"asignatura": 249, 
"grupo": 302, 
"tipo": "N", 
"cursoEscolar": 2008
}
}, 
{
"pk": 6316, 
"model": "akademic.matricula", 
"fields": {
"alumno": 1725, 
"asignatura": 2685, 
"grupo": 302, 
"tipo": "N", 
"cursoEscolar": 2008
}
}, 
{
"pk": 6318, 
"model": "akademic.matricula", 
"fields": {
"alumno": 1725, 
"asignatura": 827, 
"grupo": 302, 
"tipo": "N", 
"cursoEscolar": 2008
}
}, 
{
"pk": 6321, 
"model": "akademic.matricula", 
"fields": {
"alumno": 1725, 
"asignatura": 998, 
"grupo": 302, 
"tipo": "N", 
"cursoEscolar": 2008
}
}, 
{
"pk": 6322, 
"model": "akademic.matricula", 
"fields": {
"alumno": 1725, 
"asignatura": 1598, 
"grupo": 302, 
"tipo": "N", 
"cursoEscolar": 2008
}
}, 
{
"pk": 6325, 
"model": "akademic.matricula", 
"fields": {
"alumno": 1725, 
"asignatura": 827, 
"grupo": 269, 
"tipo": "P", 
"cursoEscolar": 2008
}
}, 
{
"pk": 6328, 
"model": "akademic.matricula", 
"fields": {
"alumno": 886, 
"asignatura": 249, 
"grupo": 302, 
"tipo": "N", 
"cursoEscolar": 2008
}
}, 
{
"pk": 6330, 
"model": "akademic.matricula", 
"fields": {
"alumno": 886, 
"asignatura": 2685, 
"grupo": 302, 
"tipo": "N", 
"cursoEscolar": 2008
}
}, 
{
"pk": 6332, 
"model": "akademic.matricula", 
"fields": {
"alumno": 886, 
"asignatura": 827, 
"grupo": 302, 
"tipo": "N", 
"cursoEscolar": 2008
}
}, 
{
"pk": 6335, 
"model": "akademic.matricula", 
"fields": {
"alumno": 886, 
"asignatura": 998, 
"grupo": 302, 
"tipo": "N", 
"cursoEscolar": 2008
}
}, 
{
"pk": 6336, 
"model": "akademic.matricula", 
"fields": {
"alumno": 886, 
"asignatura": 1598, 
"grupo": 302, 
"tipo": "N", 
"cursoEscolar": 2008
}
}, 
{
"pk": 6339, 
"model": "akademic.matricula", 
"fields": {
"alumno": 886, 
"asignatura": 249, 
"grupo": 269, 
"tipo": "P", 
"cursoEscolar": 2008
}
}, 
{
"pk": 6340, 
"model": "akademic.matricula", 
"fields": {
"alumno": 886, 
"asignatura": 827, 
"grupo": 269, 
"tipo": "P", 
"cursoEscolar": 2008
}
}, 
{
"pk": 6366, 
"model": "akademic.matricula", 
"fields": {
"alumno": 1723, 
"asignatura": 249, 
"grupo": 302, 
"tipo": "N", 
"cursoEscolar": 2008
}
}, 
{
"pk": 6368, 
"model": "akademic.matricula", 
"fields": {
"alumno": 1723, 
"asignatura": 2685, 
"grupo": 302, 
"tipo": "N", 
"cursoEscolar": 2008
}
}, 
{
"pk": 6370, 
"model": "akademic.matricula", 
"fields": {
"alumno": 1723, 
"asignatura": 827, 
"grupo": 302, 
"tipo": "N", 
"cursoEscolar": 2008
}
}, 
{
"pk": 6373, 
"model": "akademic.matricula", 
"fields": {
"alumno": 1723, 
"asignatura": 998, 
"grupo": 302, 
"tipo": "N", 
"cursoEscolar": 2008
}
}, 
{
"pk": 6374, 
"model": "akademic.matricula", 
"fields": {
"alumno": 1723, 
"asignatura": 1598, 
"grupo": 302, 
"tipo": "N", 
"cursoEscolar": 2008
}
}, 
{
"pk": 7633, 
"model": "akademic.matricula", 
"fields": {
"alumno": 649, 
"asignatura": 249, 
"grupo": 304, 
"tipo": "N", 
"cursoEscolar": 2008
}
}, 
{
"pk": 7636, 
"model": "akademic.matricula", 
"fields": {
"alumno": 649, 
"asignatura": 827, 
"grupo": 304, 
"tipo": "N", 
"cursoEscolar": 2008
}
}, 
{
"pk": 7638, 
"model": "akademic.matricula", 
"fields": {
"alumno": 649, 
"asignatura": 1598, 
"grupo": 304, 
"tipo": "N", 
"cursoEscolar": 2008
}
}, 
{
"pk": 7642, 
"model": "akademic.matricula", 
"fields": {
"alumno": 649, 
"asignatura": 998, 
"grupo": 304, 
"tipo": "N", 
"cursoEscolar": 2008
}
}, 
{
"pk": 7646, 
"model": "akademic.matricula", 
"fields": {
"alumno": 1443, 
"asignatura": 249, 
"grupo": 304, 
"tipo": "N", 
"cursoEscolar": 2008
}
}, 
{
"pk": 7649, 
"model": "akademic.matricula", 
"fields": {
"alumno": 1443, 
"asignatura": 827, 
"grupo": 304, 
"tipo": "N", 
"cursoEscolar": 2008
}
}, 
{
"pk": 7651, 
"model": "akademic.matricula", 
"fields": {
"alumno": 1443, 
"asignatura": 1598, 
"grupo": 304, 
"tipo": "N", 
"cursoEscolar": 2008
}
}, 
{
"pk": 7655, 
"model": "akademic.matricula", 
"fields": {
"alumno": 1443, 
"asignatura": 998, 
"grupo": 304, 
"tipo": "N", 
"cursoEscolar": 2008
}
}, 
{
"pk": 7670, 
"model": "akademic.matricula", 
"fields": {
"alumno": 1067, 
"asignatura": 249, 
"grupo": 304, 
"tipo": "N", 
"cursoEscolar": 2008
}
}, 
{
"pk": 7673, 
"model": "akademic.matricula", 
"fields": {
"alumno": 1067, 
"asignatura": 827, 
"grupo": 304, 
"tipo": "N", 
"cursoEscolar": 2008
}
}, 
{
"pk": 7675, 
"model": "akademic.matricula", 
"fields": {
"alumno": 1067, 
"asignatura": 1598, 
"grupo": 304, 
"tipo": "N", 
"cursoEscolar": 2008
}
}, 
{
"pk": 7679, 
"model": "akademic.matricula", 
"fields": {
"alumno": 1067, 
"asignatura": 998, 
"grupo": 304, 
"tipo": "N", 
"cursoEscolar": 2008
}
}, 
{
"pk": 7686, 
"model": "akademic.matricula", 
"fields": {
"alumno": 1446, 
"asignatura": 249, 
"grupo": 304, 
"tipo": "N", 
"cursoEscolar": 2008
}
}, 
{
"pk": 7689, 
"model": "akademic.matricula", 
"fields": {
"alumno": 1446, 
"asignatura": 827, 
"grupo": 304, 
"tipo": "N", 
"cursoEscolar": 2008
}
}, 
{
"pk": 7691, 
"model": "akademic.matricula", 
"fields": {
"alumno": 1446, 
"asignatura": 1598, 
"grupo": 304, 
"tipo": "N", 
"cursoEscolar": 2008
}
}, 
{
"pk": 7695, 
"model": "akademic.matricula", 
"fields": {
"alumno": 1446, 
"asignatura": 998, 
"grupo": 304, 
"tipo": "N", 
"cursoEscolar": 2008
}
}, 
{
"pk": 7714, 
"model": "akademic.matricula", 
"fields": {
"alumno": 647, 
"asignatura": 249, 
"grupo": 304, 
"tipo": "N", 
"cursoEscolar": 2008
}
}, 
{
"pk": 7717, 
"model": "akademic.matricula", 
"fields": {
"alumno": 647, 
"asignatura": 827, 
"grupo": 304, 
"tipo": "N", 
"cursoEscolar": 2008
}
}, 
{
"pk": 7719, 
"model": "akademic.matricula", 
"fields": {
"alumno": 647, 
"asignatura": 1598, 
"grupo": 304, 
"tipo": "N", 
"cursoEscolar": 2008
}
}, 
{
"pk": 7723, 
"model": "akademic.matricula", 
"fields": {
"alumno": 647, 
"asignatura": 998, 
"grupo": 304, 
"tipo": "N", 
"cursoEscolar": 2008
}
}, 
{
"pk": 7797, 
"model": "akademic.matricula", 
"fields": {
"alumno": 1448, 
"asignatura": 249, 
"grupo": 304, 
"tipo": "N", 
"cursoEscolar": 2008
}
}, 
{
"pk": 7800, 
"model": "akademic.matricula", 
"fields": {
"alumno": 1448, 
"asignatura": 827, 
"grupo": 304, 
"tipo": "N", 
"cursoEscolar": 2008
}
}, 
{
"pk": 7802, 
"model": "akademic.matricula", 
"fields": {
"alumno": 1448, 
"asignatura": 1598, 
"grupo": 304, 
"tipo": "N", 
"cursoEscolar": 2008
}
}, 
{
"pk": 7821, 
"model": "akademic.matricula", 
"fields": {
"alumno": 1324, 
"asignatura": 249, 
"grupo": 304, 
"tipo": "N", 
"cursoEscolar": 2008
}
}, 
{
"pk": 7824, 
"model": "akademic.matricula", 
"fields": {
"alumno": 1324, 
"asignatura": 827, 
"grupo": 304, 
"tipo": "N", 
"cursoEscolar": 2008
}
}, 
{
"pk": 7826, 
"model": "akademic.matricula", 
"fields": {
"alumno": 1324, 
"asignatura": 1598, 
"grupo": 304, 
"tipo": "N", 
"cursoEscolar": 2008
}
}, 
{
"pk": 7835, 
"model": "akademic.matricula", 
"fields": {
"alumno": 322, 
"asignatura": 249, 
"grupo": 304, 
"tipo": "N", 
"cursoEscolar": 2008
}
}, 
{
"pk": 7838, 
"model": "akademic.matricula", 
"fields": {
"alumno": 322, 
"asignatura": 827, 
"grupo": 304, 
"tipo": "N", 
"cursoEscolar": 2008
}
}, 
{
"pk": 7840, 
"model": "akademic.matricula", 
"fields": {
"alumno": 322, 
"asignatura": 1598, 
"grupo": 304, 
"tipo": "N", 
"cursoEscolar": 2008
}
}, 
{
"pk": 7844, 
"model": "akademic.matricula", 
"fields": {
"alumno": 322, 
"asignatura": 998, 
"grupo": 304, 
"tipo": "N", 
"cursoEscolar": 2008
}
}, 
{
"pk": 7850, 
"model": "akademic.matricula", 
"fields": {
"alumno": 317, 
"asignatura": 249, 
"grupo": 304, 
"tipo": "N", 
"cursoEscolar": 2008
}
}, 
{
"pk": 7853, 
"model": "akademic.matricula", 
"fields": {
"alumno": 317, 
"asignatura": 827, 
"grupo": 304, 
"tipo": "N", 
"cursoEscolar": 2008
}
}, 
{
"pk": 7855, 
"model": "akademic.matricula", 
"fields": {
"alumno": 317, 
"asignatura": 1598, 
"grupo": 304, 
"tipo": "N", 
"cursoEscolar": 2008
}
}, 
{
"pk": 7859, 
"model": "akademic.matricula", 
"fields": {
"alumno": 317, 
"asignatura": 998, 
"grupo": 304, 
"tipo": "N", 
"cursoEscolar": 2008
}
}, 
{
"pk": 7865, 
"model": "akademic.matricula", 
"fields": {
"alumno": 660, 
"asignatura": 249, 
"grupo": 304, 
"tipo": "N", 
"cursoEscolar": 2008
}
}, 
{
"pk": 7868, 
"model": "akademic.matricula", 
"fields": {
"alumno": 660, 
"asignatura": 827, 
"grupo": 304, 
"tipo": "N", 
"cursoEscolar": 2008
}
}, 
{
"pk": 7870, 
"model": "akademic.matricula", 
"fields": {
"alumno": 660, 
"asignatura": 1598, 
"grupo": 304, 
"tipo": "N", 
"cursoEscolar": 2008
}
}, 
{
"pk": 7877, 
"model": "akademic.matricula", 
"fields": {
"alumno": 1350, 
"asignatura": 249, 
"grupo": 304, 
"tipo": "N", 
"cursoEscolar": 2008
}
}, 
{
"pk": 7880, 
"model": "akademic.matricula", 
"fields": {
"alumno": 1350, 
"asignatura": 827, 
"grupo": 304, 
"tipo": "N", 
"cursoEscolar": 2008
}
}, 
{
"pk": 7882, 
"model": "akademic.matricula", 
"fields": {
"alumno": 1350, 
"asignatura": 1598, 
"grupo": 304, 
"tipo": "N", 
"cursoEscolar": 2008
}
}, 
{
"pk": 7886, 
"model": "akademic.matricula", 
"fields": {
"alumno": 1350, 
"asignatura": 998, 
"grupo": 304, 
"tipo": "N", 
"cursoEscolar": 2008
}
}, 
{
"pk": 7901, 
"model": "akademic.matricula", 
"fields": {
"alumno": 664, 
"asignatura": 249, 
"grupo": 304, 
"tipo": "N", 
"cursoEscolar": 2008
}
}, 
{
"pk": 7904, 
"model": "akademic.matricula", 
"fields": {
"alumno": 664, 
"asignatura": 827, 
"grupo": 304, 
"tipo": "N", 
"cursoEscolar": 2008
}
}, 
{
"pk": 7906, 
"model": "akademic.matricula", 
"fields": {
"alumno": 664, 
"asignatura": 1598, 
"grupo": 304, 
"tipo": "N", 
"cursoEscolar": 2008
}
}, 
{
"pk": 8433, 
"model": "akademic.matricula", 
"fields": {
"alumno": 1819, 
"asignatura": 1598, 
"grupo": 268, 
"tipo": "N", 
"cursoEscolar": 2008
}
}, 
{
"pk": 8435, 
"model": "akademic.matricula", 
"fields": {
"alumno": 1819, 
"asignatura": 249, 
"grupo": 268, 
"tipo": "N", 
"cursoEscolar": 2008
}
}, 
{
"pk": 8438, 
"model": "akademic.matricula", 
"fields": {
"alumno": 1819, 
"asignatura": 827, 
"grupo": 268, 
"tipo": "N", 
"cursoEscolar": 2008
}
}, 
{
"pk": 8443, 
"model": "akademic.matricula", 
"fields": {
"alumno": 1818, 
"asignatura": 1598, 
"grupo": 268, 
"tipo": "N", 
"cursoEscolar": 2008
}
}, 
{
"pk": 8445, 
"model": "akademic.matricula", 
"fields": {
"alumno": 1818, 
"asignatura": 249, 
"grupo": 268, 
"tipo": "N", 
"cursoEscolar": 2008
}
}, 
{
"pk": 8448, 
"model": "akademic.matricula", 
"fields": {
"alumno": 1818, 
"asignatura": 827, 
"grupo": 268, 
"tipo": "N", 
"cursoEscolar": 2008
}
}, 
{
"pk": 8454, 
"model": "akademic.matricula", 
"fields": {
"alumno": 1813, 
"asignatura": 1598, 
"grupo": 268, 
"tipo": "N", 
"cursoEscolar": 2008
}
}, 
{
"pk": 8456, 
"model": "akademic.matricula", 
"fields": {
"alumno": 1813, 
"asignatura": 249, 
"grupo": 268, 
"tipo": "N", 
"cursoEscolar": 2008
}
}, 
{
"pk": 8459, 
"model": "akademic.matricula", 
"fields": {
"alumno": 1813, 
"asignatura": 827, 
"grupo": 268, 
"tipo": "N", 
"cursoEscolar": 2008
}
}, 
{
"pk": 8465, 
"model": "akademic.matricula", 
"fields": {
"alumno": 1734, 
"asignatura": 1598, 
"grupo": 268, 
"tipo": "N", 
"cursoEscolar": 2008
}
}, 
{
"pk": 8467, 
"model": "akademic.matricula", 
"fields": {
"alumno": 1734, 
"asignatura": 249, 
"grupo": 268, 
"tipo": "N", 
"cursoEscolar": 2008
}
}, 
{
"pk": 8470, 
"model": "akademic.matricula", 
"fields": {
"alumno": 1734, 
"asignatura": 827, 
"grupo": 268, 
"tipo": "N", 
"cursoEscolar": 2008
}
}, 
{
"pk": 8477, 
"model": "akademic.matricula", 
"fields": {
"alumno": 1735, 
"asignatura": 1598, 
"grupo": 269, 
"tipo": "N", 
"cursoEscolar": 2008
}
}, 
{
"pk": 8479, 
"model": "akademic.matricula", 
"fields": {
"alumno": 1735, 
"asignatura": 249, 
"grupo": 269, 
"tipo": "N", 
"cursoEscolar": 2008
}
}, 
{
"pk": 8482, 
"model": "akademic.matricula", 
"fields": {
"alumno": 1735, 
"asignatura": 827, 
"grupo": 269, 
"tipo": "N", 
"cursoEscolar": 2008
}
}, 
{
"pk": 8488, 
"model": "akademic.matricula", 
"fields": {
"alumno": 1814, 
"asignatura": 1598, 
"grupo": 269, 
"tipo": "N", 
"cursoEscolar": 2008
}
}, 
{
"pk": 8490, 
"model": "akademic.matricula", 
"fields": {
"alumno": 1814, 
"asignatura": 249, 
"grupo": 269, 
"tipo": "N", 
"cursoEscolar": 2008
}
}, 
{
"pk": 8493, 
"model": "akademic.matricula", 
"fields": {
"alumno": 1814, 
"asignatura": 827, 
"grupo": 269, 
"tipo": "N", 
"cursoEscolar": 2008
}
}, 
{
"pk": 8499, 
"model": "akademic.matricula", 
"fields": {
"alumno": 1736, 
"asignatura": 1598, 
"grupo": 269, 
"tipo": "N", 
"cursoEscolar": 2008
}
}, 
{
"pk": 8501, 
"model": "akademic.matricula", 
"fields": {
"alumno": 1736, 
"asignatura": 249, 
"grupo": 269, 
"tipo": "N", 
"cursoEscolar": 2008
}
}, 
{
"pk": 8504, 
"model": "akademic.matricula", 
"fields": {
"alumno": 1736, 
"asignatura": 827, 
"grupo": 269, 
"tipo": "N", 
"cursoEscolar": 2008
}
}, 
{
"pk": 8510, 
"model": "akademic.matricula", 
"fields": {
"alumno": 1817, 
"asignatura": 1598, 
"grupo": 269, 
"tipo": "N", 
"cursoEscolar": 2008
}
}, 
{
"pk": 8512, 
"model": "akademic.matricula", 
"fields": {
"alumno": 1817, 
"asignatura": 249, 
"grupo": 269, 
"tipo": "N", 
"cursoEscolar": 2008
}
}, 
{
"pk": 8515, 
"model": "akademic.matricula", 
"fields": {
"alumno": 1817, 
"asignatura": 827, 
"grupo": 269, 
"tipo": "N", 
"cursoEscolar": 2008
}
}, 
{
"pk": 8521, 
"model": "akademic.matricula", 
"fields": {
"alumno": 1733, 
"asignatura": 1598, 
"grupo": 269, 
"tipo": "N", 
"cursoEscolar": 2008
}
}, 
{
"pk": 8523, 
"model": "akademic.matricula", 
"fields": {
"alumno": 1733, 
"asignatura": 249, 
"grupo": 269, 
"tipo": "N", 
"cursoEscolar": 2008
}
}, 
{
"pk": 8526, 
"model": "akademic.matricula", 
"fields": {
"alumno": 1733, 
"asignatura": 827, 
"grupo": 269, 
"tipo": "N", 
"cursoEscolar": 2008
}
}, 
{
"pk": 8665, 
"model": "akademic.matricula", 
"fields": {
"alumno": 1711, 
"asignatura": 2901, 
"grupo": 277, 
"tipo": "N", 
"cursoEscolar": 2008
}
}, 
{
"pk": 8670, 
"model": "akademic.matricula", 
"fields": {
"alumno": 1704, 
"asignatura": 2901, 
"grupo": 277, 
"tipo": "N", 
"cursoEscolar": 2008
}
}, 
{
"pk": 8674, 
"model": "akademic.matricula", 
"fields": {
"alumno": 1642, 
"asignatura": 2901, 
"grupo": 277, 
"tipo": "N", 
"cursoEscolar": 2008
}
}, 
{
"pk": 8675, 
"model": "akademic.matricula", 
"fields": {
"alumno": 1643, 
"asignatura": 2901, 
"grupo": 277, 
"tipo": "N", 
"cursoEscolar": 2008
}
}, 
{
"pk": 8676, 
"model": "akademic.matricula", 
"fields": {
"alumno": 1644, 
"asignatura": 2901, 
"grupo": 277, 
"tipo": "N", 
"cursoEscolar": 2008
}
}, 
{
"pk": 8677, 
"model": "akademic.matricula", 
"fields": {
"alumno": 1645, 
"asignatura": 2901, 
"grupo": 277, 
"tipo": "N", 
"cursoEscolar": 2008
}
}, 
{
"pk": 8678, 
"model": "akademic.matricula", 
"fields": {
"alumno": 1646, 
"asignatura": 2901, 
"grupo": 277, 
"tipo": "N", 
"cursoEscolar": 2008
}
}, 
{
"pk": 8679, 
"model": "akademic.matricula", 
"fields": {
"alumno": 1648, 
"asignatura": 2901, 
"grupo": 277, 
"tipo": "N", 
"cursoEscolar": 2008
}
}, 
{
"pk": 8680, 
"model": "akademic.matricula", 
"fields": {
"alumno": 1647, 
"asignatura": 2901, 
"grupo": 277, 
"tipo": "N", 
"cursoEscolar": 2008
}
}, 
{
"pk": 8681, 
"model": "akademic.matricula", 
"fields": {
"alumno": 1649, 
"asignatura": 2901, 
"grupo": 277, 
"tipo": "N", 
"cursoEscolar": 2008
}
}, 
{
"pk": 8682, 
"model": "akademic.matricula", 
"fields": {
"alumno": 1650, 
"asignatura": 2901, 
"grupo": 277, 
"tipo": "N", 
"cursoEscolar": 2008
}
}, 
{
"pk": 8683, 
"model": "akademic.matricula", 
"fields": {
"alumno": 1651, 
"asignatura": 2901, 
"grupo": 277, 
"tipo": "N", 
"cursoEscolar": 2008
}
}, 
{
"pk": 8684, 
"model": "akademic.matricula", 
"fields": {
"alumno": 1652, 
"asignatura": 2901, 
"grupo": 277, 
"tipo": "N", 
"cursoEscolar": 2008
}
}, 
{
"pk": 8685, 
"model": "akademic.matricula", 
"fields": {
"alumno": 1653, 
"asignatura": 2901, 
"grupo": 277, 
"tipo": "N", 
"cursoEscolar": 2008
}
}, 
{
"pk": 1, 
"model": "akademic.parte", 
"fields": {
"profesor": 57, 
"asignatura": 2901, 
"fecha": "2008-11-19 08:30:00"
}
}, 
{
"pk": 2, 
"model": "akademic.parte", 
"fields": {
"profesor": 41, 
"asignatura": 827, 
"fecha": "2008-11-17 08:00:00"
}
}, 
{
"pk": 5, 
"model": "akademic.enviosfaltas", 
"fields": {
"ip": "127.0.0.1", 
"fecha": "2008-11-20 18:03:17", 
"ua": "Mozilla/5.0 (X11; U; Linux x86_64; en-US; rv:1.9.0.4) Gecko/2008111319 Ubuntu/8.10 (intrepid) Firefox/3.0.4", 
"parte": 2
}
}, 
{
"pk": 4, 
"model": "akademic.enviosfaltas", 
"fields": {
"ip": "127.0.0.1", 
"fecha": "2008-11-20 18:03:03", 
"ua": "Mozilla/5.0 (X11; U; Linux x86_64; en-US; rv:1.9.0.4) Gecko/2008111319 Ubuntu/8.10 (intrepid) Firefox/3.0.4", 
"parte": 2
}
}, 
{
"pk": 3, 
"model": "akademic.enviosfaltas", 
"fields": {
"ip": "127.0.0.1", 
"fecha": "2008-11-19 19:12:01", 
"ua": "Mozilla/5.0 (X11; U; Linux x86_64; en-US; rv:1.9.0.4) Gecko/2008111319 Ubuntu/8.10 (intrepid) Firefox/3.0.4", 
"parte": 1
}
}, 
{
"pk": 2, 
"model": "akademic.enviosfaltas", 
"fields": {
"ip": "127.0.0.1", 
"fecha": "2008-11-19 19:11:58", 
"ua": "Mozilla/5.0 (X11; U; Linux x86_64; en-US; rv:1.9.0.4) Gecko/2008111319 Ubuntu/8.10 (intrepid) Firefox/3.0.4", 
"parte": 1
}
}, 
{
"pk": 1, 
"model": "akademic.enviosfaltas", 
"fields": {
"ip": "127.0.0.1", 
"fecha": "2008-11-19 19:11:53", 
"ua": "Mozilla/5.0 (X11; U; Linux x86_64; en-US; rv:1.9.0.4) Gecko/2008111319 Ubuntu/8.10 (intrepid) Firefox/3.0.4", 
"parte": 1
}
}, 
{
"pk": 1, 
"model": "akademic.comentario", 
"fields": {
"leido": false, 
"alumno": 694, 
"texto": "LENGUA:\r\n-1 falta de tarea y otra de material.\r\n- Redacci\u00f3n: R / Ortograf\u00eda: 7,5 / Contenido:B /Presentaci\u00f3n: R\r\n- Examen Bloque I (Diccionario, sustantivos y adjetivos) para el 7 nov.\r\n\r\nMATEM\u00c1TICAS:\r\n- Evaluaci\u00f3n inicial: 6\r\n- 1 falta de tarea\r\n- Tema 1: 7,6\r\n- Alumno participativo y despierto. A veces habla mucho.\r\n\r\nINGL\u00c9S:\r\n- Tema 1: 6,1\r\n- Debe mejorar en Gram\u00e1tica: 0,4 p/2 puntos (verbos To Be y To Have)\r\n- Lleva ficha de refuerzo de Gram\u00e1tica. Fecha l\u00edmite para que est\u00e9 correcta, el pr\u00f3ximo mi\u00e9rcoles.\r\n- Mejorar tambi\u00e9n la expresi\u00f3n escrita: 4\r\n- 1 falta de tarea.\r\n\r\nSOCIALES: \r\n- 1 Falta de tarea.\r\n- Muy participativo e interesado por la asignatura.\r\n- Evaluaci\u00f3n inicial: R\r\n- Control Unidad 1: 1,75\r\nFRANC\u00c9S:\r\n- Buena actitud.\r\n- Trabaja bien en clase\r\n- Nota pendiente.\r\n\r\nNATURALES:\r\n- Bien, sin problemas.\r\n- Se muestra muy curioso por saber.\r\n- Control Unidad 1: lunes 10 nov.\r\n\r\nSaludos\r\n", 
"fecha": "2008-11-06 09:38:18", 
"profesor": 11, 
"resumen": "Informaci\u00f3n cita 5 nov '08"
}
}, 
{
"pk": 1, 
"model": "akademic.textonotificacion", 
"fields": {
"generico": false, 
"texto": "Tal"
}
}, 
{
"pk": 1, 
"model": "akademic.coordinadorciclo", 
"fields": {
"nivel": 1, 
"profesor": 1, 
"ciclo": 1
}
}, 
{
"pk": 4, 
"model": "akademic.coordinadorciclo", 
"fields": {
"nivel": 29, 
"profesor": 8, 
"ciclo": 3
}
}, 
{
"pk": 1, 
"model": "akademic.jefeestudios", 
"fields": {
"nivel": 29, 
"profesor": 20
}
}, 
{
"pk": 2, 
"model": "akademic.jefeestudios", 
"fields": {
"nivel": 27, 
"profesor": 5
}
}, 
{
"pk": 1, 
"model": "akademic.usuarioprofesor", 
"fields": {
"profesor": 1, 
"usuario": 2
}
}, 
{
"pk": 112, 
"model": "akademic.usuarioprofesor", 
"fields": {
"profesor": 42, 
"usuario": 2
}
}, 
{
"pk": 115, 
"model": "akademic.usuarioprofesor", 
"fields": {
"profesor": 41, 
"usuario": 5
}
}, 
{
"pk": 120, 
"model": "akademic.usuarioprofesor", 
"fields": {
"profesor": 51, 
"usuario": 10
}
}, 
{
"pk": 121, 
"model": "akademic.usuarioprofesor", 
"fields": {
"profesor": 46, 
"usuario": 11
}
}, 
{
"pk": 122, 
"model": "akademic.usuarioprofesor", 
"fields": {
"profesor": 1, 
"usuario": 12
}
}, 
{
"pk": 123, 
"model": "akademic.usuarioprofesor", 
"fields": {
"profesor": 43, 
"usuario": 13
}
}, 
{
"pk": 124, 
"model": "akademic.usuarioprofesor", 
"fields": {
"profesor": 29, 
"usuario": 14
}
}, 
{
"pk": 125, 
"model": "akademic.usuarioprofesor", 
"fields": {
"profesor": 38, 
"usuario": 15
}
}, 
{
"pk": 126, 
"model": "akademic.usuarioprofesor", 
"fields": {
"profesor": 35, 
"usuario": 16
}
}, 
{
"pk": 128, 
"model": "akademic.usuarioprofesor", 
"fields": {
"profesor": 8, 
"usuario": 18
}
}, 
{
"pk": 129, 
"model": "akademic.usuarioprofesor", 
"fields": {
"profesor": 4, 
"usuario": 19
}
}, 
{
"pk": 131, 
"model": "akademic.usuarioprofesor", 
"fields": {
"profesor": 57, 
"usuario": 21
}
}, 
{
"pk": 132, 
"model": "akademic.usuarioprofesor", 
"fields": {
"profesor": 44, 
"usuario": 22
}
}, 
{
"pk": 133, 
"model": "akademic.usuarioprofesor", 
"fields": {
"profesor": 20, 
"usuario": 23
}
}, 
{
"pk": 135, 
"model": "akademic.usuarioprofesor", 
"fields": {
"profesor": 32, 
"usuario": 25
}
}, 
{
"pk": 137, 
"model": "akademic.usuarioprofesor", 
"fields": {
"profesor": 21, 
"usuario": 27
}
}, 
{
"pk": 140, 
"model": "akademic.usuarioprofesor", 
"fields": {
"profesor": 2, 
"usuario": 30
}
}, 
{
"pk": 142, 
"model": "akademic.usuarioprofesor", 
"fields": {
"profesor": 16, 
"usuario": 32
}
}, 
{
"pk": 144, 
"model": "akademic.usuarioprofesor", 
"fields": {
"profesor": 33, 
"usuario": 34
}
}, 
{
"pk": 146, 
"model": "akademic.usuarioprofesor", 
"fields": {
"profesor": 3, 
"usuario": 36
}
}, 
{
"pk": 147, 
"model": "akademic.usuarioprofesor", 
"fields": {
"profesor": 11, 
"usuario": 37
}
}, 
{
"pk": 148, 
"model": "akademic.usuarioprofesor", 
"fields": {
"profesor": 6, 
"usuario": 38
}
}, 
{
"pk": 150, 
"model": "akademic.usuarioprofesor", 
"fields": {
"profesor": 15, 
"usuario": 40
}
}, 
{
"pk": 153, 
"model": "akademic.usuarioprofesor", 
"fields": {
"profesor": 13, 
"usuario": 43
}
}, 
{
"pk": 155, 
"model": "akademic.usuarioprofesor", 
"fields": {
"profesor": 12, 
"usuario": 45
}
}, 
{
"pk": 156, 
"model": "akademic.usuarioprofesor", 
"fields": {
"profesor": 26, 
"usuario": 46
}
}, 
{
"pk": 157, 
"model": "akademic.usuarioprofesor", 
"fields": {
"profesor": 30, 
"usuario": 47
}
}, 
{
"pk": 158, 
"model": "akademic.usuarioprofesor", 
"fields": {
"profesor": 47, 
"usuario": 48
}
}, 
{
"pk": 161, 
"model": "akademic.usuarioprofesor", 
"fields": {
"profesor": 9, 
"usuario": 51
}
}, 
{
"pk": 162, 
"model": "akademic.usuarioprofesor", 
"fields": {
"profesor": 39, 
"usuario": 52
}
}, 
{
"pk": 163, 
"model": "akademic.usuarioprofesor", 
"fields": {
"profesor": 5, 
"usuario": 53
}
}, 
{
"pk": 164, 
"model": "akademic.usuarioprofesor", 
"fields": {
"profesor": 14, 
"usuario": 54
}
}, 
{
"pk": 165, 
"model": "akademic.usuarioprofesor", 
"fields": {
"profesor": 66, 
"usuario": 56
}
}, 
{
"pk": 166, 
"model": "akademic.usuarioprofesor", 
"fields": {
"profesor": 65, 
"usuario": 57
}
}, 
{
"pk": 167, 
"model": "akademic.usuarioprofesor", 
"fields": {
"profesor": 67, 
"usuario": 58
}
}, 
{
"pk": 168, 
"model": "akademic.usuarioprofesor", 
"fields": {
"profesor": 68, 
"usuario": 59
}
}, 
{
"pk": 170, 
"model": "akademic.usuarioprofesor", 
"fields": {
"profesor": 58, 
"usuario": 811
}
}, 
{
"pk": 1, 
"model": "incidencias.incidencia", 
"fields": {
"descripcionCorta": "comportamientos", 
"fecha": "2008-10-23", 
"tipoIncidencia": 3, 
"texto": "Cuando se env\u00eda un comportamiento, este se borra de la lista. No s\u00e9 si es porque se han almacenado pero no aparecen o bien porque no se han almacenado.", 
"informador": 25, 
"estado": 2, 
"prioridad": 2
}
}, 
{
"pk": 2, 
"model": "incidencias.incidencia", 
"fields": {
"descripcionCorta": "Hora repetida", 
"fecha": "2008-10-24", 
"tipoIncidencia": 3, 
"texto": "En mi horario del lunes, me aparece dos veces Ingl\u00e9s 2B. La segunda de estas debe ser Ingl\u00e9s 2C. No es cuesti\u00f3n s\u00f3lo de fallo en el horario, es que me aparecen los alumnos de 2B nuevamente.", 
"informador": 37, 
"estado": 2, 
"prioridad": 3
}
}, 
{
"pk": 3, 
"model": "incidencias.incidencia", 
"fields": {
"descripcionCorta": "falta horario profesor", 
"fecha": "2008-10-27", 
"tipoIncidencia": 3, 
"texto": "A la profesora MAR\u00cdA DEL CARMEN D\u00c1VILA GONZ\u00c1LEZ no le aparece el horario de comportamiento ni el de faltas.\r\n", 
"informador": 25, 
"estado": 2, 
"prioridad": 3
}
}, 
{
"pk": 4, 
"model": "incidencias.incidencia", 
"fields": {
"descripcionCorta": "PDC", 
"fecha": "2008-10-28", 
"tipoIncidencia": 3, 
"texto": "A Mapi el jueves de 9:50 a 10:45 le sale la asignatura en el horario (PDC)pero le sale sin alumnos", 
"informador": 25, 
"estado": 4, 
"prioridad": 3
}
}, 
{
"pk": 5, 
"model": "incidencias.incidencia", 
"fields": {
"descripcionCorta": "Listas", 
"fecha": "2008-10-28", 
"tipoIncidencia": 4, 
"texto": "\u00bfNo ser\u00eda posible que, en los listados para el profesor, todas las columna tuvieran el mismo ancho? Me refiero a las que van del 1 al 9. Es por est\u00e9tica. No puede costar mucho poner 01, 02, 03, ..., 09, y que as\u00ed tuvieran un ancho m\u00e1s similar. Si las cosas, adem\u00e1s de funcionar resultan atractivas, mejor. \u00bfNo les parece?", 
"informador": 51, 
"estado": 4, 
"prioridad": 3
}
}, 
{
"pk": 6, 
"model": "incidencias.incidencia", 
"fields": {
"descripcionCorta": "M\u00fasica 3\u00baB", 
"fecha": "2008-10-29", 
"tipoIncidencia": 3, 
"texto": "Los mmartes y jueves m\u00fasica 3\u00ba eso es para PDC y los que escogieron esa optativa en la B (3\u00ba B y PDC). Ya est\u00e1 corregido en el horario.", 
"informador": 25, 
"estado": 2, 
"prioridad": 3
}
}, 
{
"pk": 7, 
"model": "incidencias.incidencia", 
"fields": {
"descripcionCorta": "Poseer", 
"fecha": "2008-10-29", 
"tipoIncidencia": 3, 
"texto": "Los coordinadores de ciclo y jefes de estudio no tienen activada la opci\u00f3n poseer", 
"informador": 25, 
"estado": 2, 
"prioridad": 2
}
}, 
{
"pk": 8, 
"model": "incidencias.incidencia", 
"fields": {
"descripcionCorta": "error en la lista", 
"fecha": "2008-10-29", 
"tipoIncidencia": 3, 
"texto": "no tengo alumnos de 4ab de tec", 
"informador": 2, 
"estado": 2, 
"prioridad": 2
}
}, 
{
"pk": 10, 
"model": "incidencias.incidencia", 
"fields": {
"descripcionCorta": "Tutor 5\u00baB", 
"fecha": "2008-10-29", 
"tipoIncidencia": 3, 
"texto": "Soy Javi Torres. En el momento que intento poner un falta a mi curso de 5\u00baB tengo problemas:\r\nsi la pongo en la hora de matematicas que es la primera de todos los dias no hay problema, la pongo sin problema. pero si intento poner falta en mi misma clase a otra hora por ejemplo religion no me aparece el listado cuando clikeo encima del horario. tambien hay el mismo problema cuando lo intento con cualquier otra asignatura en otra clase.\r\nEn resumen solo puedo poner faltas en la hora de matematicas.", 
"informador": 22, 
"estado": 2, 
"prioridad": 2
}
}, 
{
"pk": 11, 
"model": "incidencias.incidencia", 
"fields": {
"descripcionCorta": "Jefatura de estudios", 
"fecha": "2008-10-29", 
"tipoIncidencia": 3, 
"texto": "Se ha puesto a tres alumnos JE en 2\u00baC el d\u00eda 29/10/08 en naturales y actualizando los partes antiguos sale esta incidencia en d\u00edas anteriores y en otras asignaturas.", 
"informador": 36, 
"estado": 2, 
"prioridad": 3
}
}, 
{
"pk": 13, 
"model": "incidencias.incidencia", 
"fields": {
"descripcionCorta": "No carga listado horario", 
"fecha": "2008-10-29", 
"tipoIncidencia": 3, 
"texto": "Soy Juan Manuel Perera.\r\nMe pasa lo mismo que a Javier Torres, solo me carga el listado de mi primera hora.", 
"informador": 23, 
"estado": 2, 
"prioridad": 2
}
}, 
{
"pk": 14, 
"model": "incidencias.incidencia", 
"fields": {
"descripcionCorta": "pongo faltas y no me aparecen", 
"fecha": "2008-10-29", 
"tipoIncidencia": 3, 
"texto": "pongo las faltas y al volver a la misma lista no aparece la falta que puse despu{es de validar", 
"informador": 45, 
"estado": 4, 
"prioridad": 3
}
}, 
{
"pk": 15, 
"model": "incidencias.incidencia", 
"fields": {
"descripcionCorta": "No sale en pantalla", 
"fecha": "2008-10-30", 
"tipoIncidencia": 3, 
"texto": "No sale en pantalla el curso de Tecnolog\u00eda-4\u00baB a la hora de poner las faltas. Me ha sucedido desde el martes 28 de octubre.", 
"informador": 36, 
"estado": 2, 
"prioridad": 3
}
}, 
{
"pk": 16, 
"model": "incidencias.incidencia", 
"fields": {
"descripcionCorta": "alumnos de optativas de 4\u00ba ESO", 
"fecha": "2008-10-31", 
"tipoIncidencia": 3, 
"texto": "Soy Jonay. A Isidro y a Maxi les pasa lo mismo, en aquellas asignaturas en la que dos profesores comparten grupos distintos de una asignatura (dos grupos de pl\u00e1stica en 4\u00baA y dos de tec en 4\u00baB)en una de las dos aparecen todos los alumnos y en la otra ninguno. Ya que no se puede discriminar a dichos alumnos, lo ideal es que los dos profesores tengan la lista completa con todos los alumnos.", 
"informador": 56, 
"estado": 2, 
"prioridad": 3
}
}, 
{
"pk": 17, 
"model": "incidencias.incidencia", 
"fields": {
"descripcionCorta": "Horario", 
"fecha": "2008-11-01", 
"tipoIncidencia": 3, 
"texto": "El horario de 6C est\u00e1 mal. Los viernes a primera hora no hay M\u00fasica. En su lugar tenemos Lenguaje. El problema es que mientras esto no se arregle, no puedo acceder a esta hora porque no me deja, \u00a1y eso a pesar de que yo soy un m\u00fasico de reconocido prestigio! (canto como los \u00e1ngeles cuando bebo un par de vasos de vino).", 
"informador": 51, 
"estado": 2, 
"prioridad": 2
}
}, 
{
"pk": 18, 
"model": "incidencias.incidencia", 
"fields": {
"descripcionCorta": "lista de alumnos.", 
"fecha": "2008-11-03", 
"tipoIncidencia": 3, 
"texto": "alonso mill\u00e1n de silva est\u00e0 en 3 C y aparce en la lista de 3 b E S O\r\n", 
"informador": 47, 
"estado": 2, 
"prioridad": 3
}
}, 
{
"pk": 19, 
"model": "incidencias.incidencia", 
"fields": {
"descripcionCorta": "lista erronea", 
"fecha": "2008-11-05", 
"tipoIncidencia": 3, 
"texto": "tec 4 ab la lista est\u00e1 mal, no corresponde con los alumnos.", 
"informador": 2, 
"estado": 4, 
"prioridad": 3
}
}, 
{
"pk": 20, 
"model": "incidencias.incidencia", 
"fields": {
"descripcionCorta": "error en la lista 3\u00ba PDC pl\u00e1stica ", 
"fecha": "2008-11-05", 
"tipoIncidencia": 1, 
"texto": "Hay un error en el listado de 3\u00baPDC de pl\u00e1stica, ya que  en \u00e9l tienen que aparecer los alumnos de PDC, junto con algunos de 3\u00baB y otros de 3\u00baC, y s\u00f3lo aparecen los alumnos de 3\u00ba PDC.", 
"informador": 56, 
"estado": 4, 
"prioridad": 3
}
}, 
{
"pk": 21, 
"model": "incidencias.incidencia", 
"fields": {
"descripcionCorta": "error en el listado de 4\u00baA y 4\u00baAB de pl\u00e1stica", 
"fecha": "2008-11-05", 
"tipoIncidencia": 1, 
"texto": "Hay un error en los listados de 4\u00baA y 4\u00baAB de pl\u00e1stica, ya que en las diferentes clases aparecen siempre el n\u00famero total de laumnos que tengo y tienen que estar separados por grupos. Los de 4\u00baA por un lado, y los de 4\u00baAB por el otro, ya que unos tienen 2 horas semanales y los otros 3.", 
"informador": 56, 
"estado": 2, 
"prioridad": 2
}
}, 
{
"pk": 22, 
"model": "incidencias.incidencia", 
"fields": {
"descripcionCorta": "lista m\u00fasica 3\u00ba eso", 
"fecha": "2008-11-07", 
"tipoIncidencia": 3, 
"texto": "En el listado de 3\u00ba B de ESo s\u00f3lo aparecen los alumnos de PDC y no aparecen los alumnos de 3\u00ba B y C", 
"informador": 15, 
"estado": 4, 
"prioridad": 3
}
}, 
{
"pk": 23, 
"model": "incidencias.incidencia", 
"fields": {
"descripcionCorta": "comportamientos lengua", 
"fecha": "2008-11-07", 
"tipoIncidencia": 3, 
"texto": "Los comportamientos, tareas y faltas de material de lengua 2\u00ba ESO se est\u00e1n duplicando", 
"informador": 25, 
"estado": 4, 
"prioridad": 2
}
}, 
{
"pk": 24, 
"model": "incidencias.incidencia", 
"fields": {
"descripcionCorta": "Env\u00edo SMS", 
"fecha": "2008-11-10", 
"tipoIncidencia": 3, 
"texto": "Al enviar un SMS me sale una p\u00e1gina de error, con c\u00f3digo de programaci\u00f3n.", 
"informador": 37, 
"estado": 2, 
"prioridad": 1
}
}, 
{
"pk": 25, 
"model": "incidencias.incidencia", 
"fields": {
"descripcionCorta": "listado tecnologia 4\u00baB", 
"fecha": "2008-11-10", 
"tipoIncidencia": 3, 
"texto": "No sale en pantalla el listado de alumnos de Tecnolog\u00eda de 4\u00baB.", 
"informador": 36, 
"estado": 4, 
"prioridad": 3
}
}, 
{
"pk": 26, 
"model": "incidencias.incidencia", 
"fields": {
"descripcionCorta": "listas PDC", 
"fecha": "2008-11-13", 
"tipoIncidencia": 3, 
"texto": "Siguen sin aparecer las listas de alumnos de PDC en comportamiento a 1\u00aa y 6\u00aa hora los jueves, y las de faltas y comportamiento a 3\u00aa hora del mismo d\u00eda.", 
"informador": 30, 
"estado": 4, 
"prioridad": 3
}
}, 
{
"pk": 28, 
"model": "incidencias.incidencia", 
"fields": {
"descripcionCorta": "listas 3 ESO B", 
"fecha": "2008-11-17", 
"tipoIncidencia": 3, 
"texto": "Aparece un alumno, Alonso Millan que pertenece a 3 C ESO", 
"informador": 14, 
"estado": 1, 
"prioridad": 3
}
}, 
{
"pk": 18, 
"model": "incidencias.comentario", 
"fields": {
"comentador": 51, 
"incidencia": 5, 
"fecha": "2008-10-30 15:17:22", 
"texto": "Resumen total de totales, Informe por \u00e1reas e Informe mensual por incidencias, especialmente los dos \u00faltimos"
}
}, 
{
"pk": 19, 
"model": "incidencias.comentario", 
"fields": {
"comentador": 45, 
"incidencia": 14, 
"fecha": "2008-10-31 08:28:57", 
"texto": "Se ponen las faltas, el parte aparece como validado y luego, al volver al parte, las faltas ya no est\u00e1n, en los informes totales aparece en todo cero faltas."
}
}, 
{
"pk": 34, 
"model": "incidencias.comentario", 
"fields": {
"comentador": 51, 
"incidencia": 17, 
"fecha": "2008-11-06 22:49:57", 
"texto": "Gracias"
}
}
]
